instrument,sw1,sw2,sw3,start,end
SH600000,银行,银行,银行,2020-12-31,2021-12-31
SH600000,银行,股份制银行,股份制银行,2021-12-31,
SH600004,交通运输,机场,机场,2020-12-31,2021-12-31
SH600004,交通运输,航空机场,机场,2021-12-31,
SH600006,汽车,汽车整车,商用载货车,2020-12-31,2021-12-31
SH600006,汽车,商用车,商用载货车,2021-12-31,
SH600007,房地产,房地产开发,住宅开发,2020-12-31,2021-12-31
SH600007,房地产,房地产开发,商业地产,2021-12-31,
SH600008,公用事业,水务,水务,2020-12-31,2021-12-31
SH600008,环保,环境治理,水务及水治理,2021-12-31,
SH600009,交通运输,机场,机场,2020-12-31,2021-12-31
SH600009,交通运输,航空机场,机场,2021-12-31,
SH600010,钢铁,钢铁,普钢,2020-12-31,2021-12-31
SH600010,钢铁,普钢,板材,2021-12-31,
SH600011,公用事业,电力,火力发电,2020-12-31,
SH600012,交通运输,高速公路,高速公路,2020-12-31,2021-12-31
SH600012,交通运输,铁路公路,高速公路,2021-12-31,
SH600015,银行,银行,银行,2020-12-31,2021-12-31
SH600015,银行,股份制银行,股份制银行,2021-12-31,
SH600016,银行,银行,银行,2020-12-31,2021-12-31
SH600016,银行,股份制银行,股份制银行,2021-12-31,
SH600017,交通运输,港口,港口,2020-12-31,2021-12-31
SH600017,交通运输,航运港口,港口,2021-12-31,
SH600018,交通运输,港口,港口,2020-12-31,2021-12-31
SH600018,交通运输,航运港口,港口,2021-12-31,
SH600019,钢铁,钢铁,普钢,2020-12-31,2021-12-31
SH600019,钢铁,普钢,板材,2021-12-31,
SH600020,交通运输,高速公路,高速公路,2020-12-31,2021-12-31
SH600020,交通运输,铁路公路,高速公路,2021-12-31,
SH600021,公用事业,电力,火力发电,2020-12-31,
SH600022,钢铁,钢铁,普钢,2020-12-31,2021-12-31
SH600022,钢铁,普钢,板材,2021-12-31,
SH600023,公用事业,电力,火力发电,2020-12-31,
SH600025,公用事业,电力,水力发电,2020-12-31,
SH600026,交通运输,航运,航运,2020-12-31,2021-12-31
SH600026,交通运输,航运港口,航运,2021-12-31,
SH600027,公用事业,电力,火力发电,2020-12-31,
SH600028,基础化工,石油化工,石油加工,2020-12-31,2021-12-31
SH600028,石油石化,炼化及贸易,炼油化工,2021-12-31,
SH600029,交通运输,航空运输,航空运输,2020-12-31,2021-12-31
SH600029,交通运输,航空机场,航空运输,2021-12-31,
SH600030,非银金融,证券,证券,2020-12-31,
SH600031,机械设备,专用设备,工程机械,2020-12-31,2021-12-31
SH600031,机械设备,工程机械,工程机械整机,2021-12-31,
SH600032,公用事业,电力,新能源发电,2021-05-31,2021-12-31
SH600032,公用事业,电力,光伏发电,2021-12-31,
SH600033,交通运输,高速公路,高速公路,2020-12-31,2021-12-31
SH600033,交通运输,铁路公路,高速公路,2021-12-31,
SH600035,交通运输,高速公路,高速公路,2020-12-31,2021-12-31
SH600035,交通运输,铁路公路,高速公路,2021-12-31,
SH600036,银行,银行,银行,2020-12-31,2021-12-31
SH600036,银行,股份制银行,股份制银行,2021-12-31,
SH600037,传媒,文化传媒,有线电视网络,2020-12-31,2021-12-31
SH600037,传媒,电视广播,电视广播,2021-12-31,
SH600038,国防军工,航空装备,航空装备,2020-12-31,
SH600039,建筑装饰,基础建设,路桥施工,2020-12-31,2021-12-31
SH600039,建筑装饰,基础建设,基建市政工程,2021-12-31,
SH600048,房地产,房地产开发,住宅开发,2020-12-31,
SH600050,通信,通信服务,通信运营,2020-12-31,2021-12-31
SH600050,通信,通信服务,电信运营商,2021-12-31,
SH600051,综合,综合,综合,2020-12-31,
SH600052,传媒,文化传媒,影视动漫,2020-12-31,2021-12-31
SH600052,传媒,影视院线,影视动漫制作,2021-12-31,2023-07-31
SH600052,公用事业,电力,热力服务,2023-07-31,
SH600053,非银金融,多元金融,多元金融,2020-12-31,2021-12-31
SH600053,非银金融,多元金融,资产管理,2021-12-31,
SH600054,社会服务,景点,自然景区,2020-12-31,2021-12-31
SH600054,社会服务,旅游及景区,自然景区,2021-12-31,
SH600055,医药生物,医疗器械,医疗器械,2020-12-31,2021-12-31
SH600055,医药生物,医疗器械,医疗设备,2021-12-31,
SH600056,医药生物,医药商业,医药商业,2020-12-31,2021-12-31
SH600056,医药生物,医药商业,医药流通,2021-12-31,
SH600057,交通运输,物流,物流,2020-12-31,2021-12-31
SH600057,交通运输,物流,原材料供应链服务,2021-12-31,
SH600058,商贸零售,贸易,贸易,2020-12-31,
SH600059,食品饮料,饮料制造,黄酒,2020-12-31,2021-12-31
SH600059,食品饮料,非白酒,其他酒类,2021-12-31,
SH600060,家用电器,黑色家电,彩电,2020-12-31,
SH600061,非银金融,证券,证券,2020-12-31,2021-12-31
SH600061,非银金融,多元金融,金融控股,2021-12-31,2025-08-29
SH600061,非银金融,证券,证券,2025-08-29,
SH600062,医药生物,化学制药,化学制剂,2020-12-31,
SH600063,基础化工,化学纤维,维纶,2020-12-31,2021-12-31
SH600063,基础化工,化学纤维,其他化学纤维,2021-12-31,
SH600064,房地产,园区开发,园区开发,2020-12-31,2021-12-31
SH600064,房地产,房地产开发,住宅开发,2021-12-31,
SH600066,汽车,汽车整车,商用载客车,2020-12-31,2021-12-31
SH600066,汽车,商用车,商用载客车,2021-12-31,
SH600067,房地产,房地产开发,住宅开发,2020-12-31,2024-08-30
SH600067,电力设备,电网设备,线缆部件及其他,2024-08-30,
SH600068,建筑装饰,基础建设,水利工程,2020-12-31,2021-09-30
SH600070,综合,综合,综合,2020-12-31,2025-04-30
SH600071,电子,其他电子,其他电子,2020-12-31,2021-12-31
SH600071,电子,光学光电子,光学元件,2021-12-31,
SH600072,国防军工,航海装备,航海装备,2020-12-31,2024-07-31
SH600072,电力设备,风电设备,风电零部件,2024-07-31,
SH600073,食品饮料,食品加工,肉制品,2020-12-31,
SH600075,基础化工,化学原料,氯碱,2020-12-31,
SH600076,轻工制造,包装印刷,包装印刷,2020-12-31,2021-12-31
SH600076,轻工制造,家居用品,瓷砖地板,2021-12-31,2022-07-29
SH600076,轻工制造,包装印刷,综合包装,2022-07-29,
SH600077,房地产,房地产开发,住宅开发,2020-12-31,2023-07-31
SH600078,基础化工,化学制品,磷化工及磷酸盐,2020-12-31,2021-12-31
SH600078,基础化工,农化制品,磷肥及磷化工,2021-12-31,
SH600079,医药生物,化学制药,化学制剂,2020-12-31,
SH600080,医药生物,生物制品,生物制品,2020-12-31,2021-07-30
SH600080,医药生物,中药,中药,2021-07-30,
SH600081,汽车,汽车零部件,汽车零部件,2020-12-31,2021-12-31
SH600081,汽车,汽车零部件,车身附件及饰件,2021-12-31,
SH600082,房地产,园区开发,园区开发,2020-12-31,2021-12-31
SH600082,房地产,房地产开发,产业地产,2021-12-31,
SH600083,综合,综合,综合,2020-12-31,2025-03-31
SH600084,食品饮料,饮料制造,葡萄酒,2020-12-31,2021-12-31
SH600084,食品饮料,非白酒,其他酒类,2021-12-31,
SH600085,医药生物,中药,中药,2020-12-31,
SH600086,轻工制造,家居用品,珠宝首饰,2020-12-31,2021-03-31
SH600088,传媒,文化传媒,影视动漫,2020-12-31,2021-12-31
SH600088,传媒,广告营销,营销代理,2021-12-31,2022-07-29
SH600088,传媒,影视院线,影视动漫制作,2022-07-29,
SH600089,电力设备,高低压设备,高压设备,2020-12-31,2021-12-31
SH600089,电力设备,电网设备,输变电设备,2021-12-31,
SH600090,医药生物,医药商业,医药商业,2020-12-31,2021-12-31
SH600090,医药生物,医药商业,医药流通,2021-12-31,2022-07-29
SH600091,基础化工,化学原料,氯碱,2020-12-31,2022-06-30
SH600093,非银金融,多元金融,多元金融,2020-12-31,2021-12-31
SH600093,非银金融,多元金融,其他多元金融,2021-12-31,2022-06-30
SH600094,房地产,房地产开发,住宅开发,2020-12-31,
SH600095,非银金融,证券,证券,2020-12-31,
SH600096,基础化工,化学制品,磷肥及磷化工,2020-12-31,2021-12-31
SH600096,基础化工,农化制品,磷肥及磷化工,2021-12-31,
SH600097,农林牧渔,渔业,海洋捕捞,2020-12-31,
SH600098,公用事业,电力,火力发电,2020-12-31,
SH600099,汽车,摩托车及其他,其他运输设备,2020-12-31,
SH600100,计算机,计算机设备,计算机设备,2020-12-31,2021-12-31
SH600100,计算机,计算机设备,其他计算机设备,2021-12-31,
SH600101,公用事业,电力,水力发电,2020-12-31,2021-12-31
SH600101,公用事业,电力,电能综合服务,2021-12-31,
SH600103,轻工制造,造纸,造纸,2020-12-31,2021-12-31
SH600103,轻工制造,造纸,特种纸,2021-12-31,
SH600104,汽车,汽车整车,乘用车,2020-12-31,2021-12-31
SH600104,汽车,乘用车,综合乘用车,2021-12-31,
SH600105,通信,通信设备,通信传输设备,2020-12-31,2021-12-31
SH600105,通信,通信设备,通信线缆及配套,2021-12-31,
SH600106,交通运输,高速公路,高速公路,2020-12-31,2021-12-31
SH600106,交通运输,铁路公路,高速公路,2021-12-31,
SH600107,纺织服饰,服装家纺,男装,2020-12-31,2021-12-31
SH600107,纺织服饰,服装家纺,非运动服装,2021-12-31,
SH600108,农林牧渔,种植业,其他种植业,2020-12-31,
SH600109,非银金融,证券,证券,2020-12-31,
SH600110,电子,其他电子,其他电子,2020-12-31,2021-12-31
SH600110,有色金属,工业金属,铜,2021-12-31,2022-07-29
SH600110,电力设备,电池,锂电池,2022-07-29,
SH600111,有色金属,小金属,稀土,2020-12-31,
SH600112,电力设备,高低压设备,中压设备,2020-12-31,2021-12-31
SH600112,电力设备,电网设备,输变电设备,2021-12-31,2024-08-30
SH600113,商贸零售,商业物业经营,专业市场,2020-12-31,2021-12-31
SH600113,商贸零售,一般零售,商业物业经营,2021-12-31,
SH600114,有色金属,金属新材料,其他金属新材料,2020-12-31,2021-12-31
SH600114,机械设备,通用设备,金属制品,2021-12-31,
SH600115,交通运输,航空运输,航空运输,2020-12-31,2021-12-31
SH600115,交通运输,航空机场,航空运输,2021-12-31,
SH600116,公用事业,电力,水力发电,2020-12-31,2021-12-31
SH600116,公用事业,电力,电能综合服务,2021-12-31,
SH600117,钢铁,钢铁,特钢,2020-12-31,2021-12-31
SH600117,钢铁,特钢,特钢,2021-12-31,
SH600118,国防军工,航天装备,航天装备,2020-12-31,
SH600119,交通运输,物流,物流,2020-12-31,2021-12-31
SH600119,交通运输,物流,跨境物流,2021-12-31,
SH600120,非银金融,多元金融,多元金融,2020-12-31,2021-12-31
SH600120,非银金融,多元金融,金融控股,2021-12-31,
SH600121,煤炭,煤炭开采,煤炭开采,2020-12-31,2021-12-31
SH600121,煤炭,煤炭开采,动力煤,2021-12-31,
SH600122,商贸零售,专业连锁,专业连锁,2020-12-31,2023-06-30
SH600123,煤炭,煤炭开采,煤炭开采,2020-12-31,2021-12-31
SH600123,煤炭,煤炭开采,焦煤,2021-12-31,
SH600125,交通运输,铁路运输,铁路运输,2020-12-31,2021-12-31
SH600125,交通运输,铁路公路,铁路运输,2021-12-31,
SH600126,钢铁,钢铁,普钢,2020-12-31,2021-12-31
SH600126,钢铁,普钢,板材,2021-12-31,
SH600127,农林牧渔,农产品加工,粮油加工,2020-12-31,
SH600128,综合,综合,综合,2020-12-31,2021-12-31
SH600128,商贸零售,贸易,贸易,2021-12-31,
SH600129,医药生物,中药,中药,2020-12-31,
SH600130,通信,通信设备,终端设备,2020-12-31,2021-12-31
SH600130,电子,消费电子,消费电子零部件及组装,2021-12-31,
SH600131,公用事业,电力,水力发电,2020-12-31,2021-12-31
SH600131,计算机,IT服务,IT服务,2021-12-31,
SH600132,食品饮料,饮料制造,啤酒,2020-12-31,2021-12-31
SH600132,食品饮料,非白酒,啤酒,2021-12-31,
SH600133,建筑装饰,基础建设,其他基础建设,2020-12-31,2021-12-31
SH600133,建筑装饰,基础建设,基建市政工程,2021-12-31,2025-01-27
SH600133,环保,环境治理,综合环境治理,2025-01-27,
SH600135,轻工制造,家居用品,其他家用轻工,2020-12-31,2021-12-31
SH600135,基础化工,塑料,膜材料,2021-12-31,
SH600136,传媒,文化传媒,影视动漫,2020-12-31,2021-12-31
SH600136,社会服务,体育,体育,2021-12-31,2025-08-29
SH600136,房地产,房地产服务,物业管理,2025-08-29,
SH600137,纺织服饰,服装家纺,其他服装,2020-12-31,2021-12-31
SH600137,纺织服饰,服装家纺,鞋帽及其他,2021-12-31,2024-07-31
SH600137,纺织服饰,服装家纺,非运动服装,2024-07-31,
SH600138,社会服务,旅游综合,旅游综合,2020-12-31,2021-12-31
SH600138,社会服务,旅游及景区,人工景区,2021-12-31,
SH600139,综合,综合,综合,2020-12-31,2021-12-31
SH600139,非银金融,多元金融,租赁,2021-12-31,2023-03-31
SH600141,基础化工,化学制品,磷化工及磷酸盐,2020-12-31,2021-12-31
SH600141,基础化工,农化制品,磷肥及磷化工,2021-12-31,
SH600143,基础化工,塑料,改性塑料,2020-12-31,
SH600145,商贸零售,贸易,贸易,2020-12-31,2022-04-29
SH600146,纺织服饰,服装家纺,女装,2020-12-31,2021-12-31
SH600146,纺织服饰,服装家纺,非运动服装,2021-12-31,2022-06-30
SH600146,,,,2022-06-30,2022-07-29
SH600148,汽车,汽车零部件,汽车零部件,2020-12-31,2021-12-31
SH600148,汽车,汽车零部件,底盘与发动机系统,2021-12-31,
SH600149,综合,综合,综合,2020-12-31,2021-12-31
SH600149,公用事业,电力,热力服务,2021-12-31,
SH600150,国防军工,航海装备,航海装备,2020-12-31,
SH600151,电力设备,其他电源设备,光伏设备,2020-12-31,2021-12-31
SH600151,电力设备,光伏设备,光伏电池组件,2021-12-31,2026-07-31
SH600151,汽车,汽车零部件,底盘与发动机系统,2026-07-31,
SH600152,电子,其他电子,其他电子,2020-12-31,2021-12-31
SH600152,电力设备,电池,锂电池,2021-12-31,
SH600153,交通运输,物流,物流,2020-12-31,2021-12-31
SH600153,交通运输,物流,原材料供应链服务,2021-12-31,
SH600155,非银金融,证券,证券,2020-12-31,
SH600156,纺织服饰,纺织制造,其他纺织,2020-12-31,
SH600157,煤炭,煤炭开采,煤炭开采,2020-12-31,2021-07-30
SH600157,公用事业,电力,火力发电,2021-07-30,2021-12-31
SH600157,煤炭,煤炭开采,焦煤,2021-12-31,2026-07-31
SH600157,公用事业,电力,电能综合服务,2026-07-31,
SH600158,传媒,文化传媒,其他文化传媒,2020-12-31,2021-12-31
SH600158,社会服务,体育,体育,2021-12-31,
SH600159,房地产,房地产开发,住宅开发,2020-12-31,
SH600160,基础化工,化学制品,氟化工,2020-12-31,
SH600161,医药生物,生物制品,生物制品,2020-12-31,2021-12-31
SH600161,医药生物,生物制品,血液制品,2021-12-31,
SH600162,房地产,房地产开发,住宅开发,2020-12-31,
SH600163,公用事业,电力,新能源发电,2020-12-31,2021-12-31
SH600163,公用事业,电力,风力发电,2021-12-31,
SH600165,基础化工,化学制品,其他化学制品,2020-12-31,
SH600166,汽车,汽车整车,商用载货车,2020-12-31,2021-12-31
SH600166,汽车,商用车,商用载货车,2021-12-31,
SH600167,公用事业,电力,热力服务,2020-12-31,
SH600168,公用事业,水务,水务,2020-12-31,2021-12-31
SH600168,环保,环境治理,水务及水治理,2021-12-31,
SH600169,机械设备,专用设备,重型机械,2020-12-31,2021-12-31
SH600169,机械设备,专用设备,能源及重型设备,2021-12-31,
SH600170,建筑装饰,房屋建设,房屋建设,2020-12-31,
SH600171,电子,半导体,集成电路,2020-12-31,2021-12-31
SH600171,电子,半导体,模拟芯片设计,2021-12-31,
SH600172,机械设备,通用设备,磨具磨料,2020-12-31,
SH600173,房地产,房地产开发,住宅开发,2020-12-31,
SH600176,基础化工,化学制品,玻纤,2020-12-31,2021-12-31
SH600176,建筑材料,玻璃玻纤,玻纤制造,2021-12-31,
SH600177,房地产,房地产开发,住宅开发,2020-12-31,2021-12-31
SH600177,纺织服饰,服装家纺,非运动服装,2021-12-31,
SH600178,汽车,汽车零部件,汽车零部件,2020-12-31,2021-12-31
SH600178,汽车,汽车零部件,底盘与发动机系统,2021-12-31,
SH600179,交通运输,物流,物流,2020-12-31,2021-12-31
SH600179,交通运输,航运港口,航运,2021-12-31,
SH600180,交通运输,物流,物流,2020-12-31,2021-12-31
SH600180,交通运输,物流,原材料供应链服务,2021-12-31,
SH600182,基础化工,橡胶,轮胎,2020-12-31,2021-12-31
SH600182,汽车,汽车零部件,轮胎轮毂,2021-12-31,
SH600183,电子,元件,印制电路板,2020-12-31,
SH600184,国防军工,地面兵装,地面兵装,2020-12-31,
SH600185,房地产,房地产开发,住宅开发,2020-12-31,2026-03-31
SH600185,商贸零售,旅游零售,旅游零售,2026-03-31,
SH600186,食品饮料,食品加工,调味发酵品,2020-12-31,2021-12-31
SH600186,食品饮料,调味发酵品,调味发酵品,2021-12-31,
SH600187,公用事业,水务,水务,2020-12-31,2021-12-31
SH600187,环保,环境治理,水务及水治理,2021-12-31,
SH600188,煤炭,煤炭开采,煤炭开采,2020-12-31,2021-12-31
SH600188,煤炭,煤炭开采,动力煤,2021-12-31,
SH600189,食品饮料,饮料制造,软饮料,2020-12-31,2021-12-31
SH600189,食品饮料,饮料乳品,软饮料,2021-12-31,
SH600190,交通运输,港口,港口,2020-12-31,2021-12-31
SH600190,交通运输,航运港口,港口,2021-12-31,2025-07-31
SH600191,农林牧渔,农产品加工,其他农产品加工,2020-12-31,
SH600192,电力设备,高低压设备,中压设备,2020-12-31,2021-12-31
SH600192,电力设备,电网设备,输变电设备,2021-12-31,
SH600193,建筑装饰,装修装饰,装修装饰,2020-12-31,2026-07-31
SH600195,农林牧渔,动物保健,动物保健,2020-12-31,
SH600196,医药生物,生物制品,生物制品,2020-12-31,2021-12-31
SH600196,医药生物,化学制药,化学制剂,2021-12-31,
SH600197,食品饮料,饮料制造,白酒,2020-12-31,2021-12-31
SH600197,食品饮料,白酒,白酒,2021-12-31,
SH600198,电子,半导体,集成电路,2020-12-31,2021-12-31
SH600198,电子,半导体,数字芯片设计,2021-12-31,2022-07-29
SH600198,通信,通信设备,通信终端及配件,2022-07-29,
SH600199,食品饮料,饮料制造,白酒,2020-12-31,2021-12-31
SH600199,食品饮料,白酒,白酒,2021-12-31,
SH600200,医药生物,化学制药,化学制剂,2020-12-31,2025-12-31
SH600201,农林牧渔,动物保健,动物保健,2020-12-31,
SH600202,电力设备,其他电源设备,火电设备,2020-12-31,2022-07-29
SH600202,机械设备,通用设备,制冷空调设备,2022-07-29,
SH600203,电子,消费电子,电子零部件制造,2020-12-31,2021-12-31
SH600203,电子,消费电子,消费电子零部件及组装,2021-12-31,
SH600206,有色金属,金属新材料,非金属材料,2020-12-31,2021-12-31
SH600206,电子,半导体,半导体材料,2021-12-31,
SH600207,电力设备,其他电源设备,光伏设备,2020-12-31,2021-12-31
SH600207,电力设备,光伏设备,光伏辅材,2021-12-31,
SH600208,房地产,房地产开发,住宅开发,2020-12-31,
SH600209,建筑装饰,装修装饰,装修装饰,2020-12-31,2022-06-30
SH600210,轻工制造,包装印刷,包装印刷,2020-12-31,2021-12-31
SH600210,轻工制造,包装印刷,塑料包装,2021-12-31,
SH600211,医药生物,中药,中药,2020-12-31,2023-07-31
SH600211,医药生物,生物制品,其他生物制品,2023-07-31,
SH600212,综合,综合,综合,2020-12-31,2023-07-31
SH600212,电力设备,其他电源设备,其他电源设备,2023-07-31,
SH600213,汽车,汽车整车,商用载客车,2020-12-31,2021-12-31
SH600213,汽车,商用车,商用载客车,2021-12-31,2024-10-31
SH600215,房地产,园区开发,园区开发,2020-12-31,2021-12-31
SH600215,房地产,房地产开发,住宅开发,2021-12-31,2022-07-29
SH600215,机械设备,自动化设备,机器人,2022-07-29,
SH600216,医药生物,化学制药,原料药,2020-12-31,
SH600217,公用事业,环保工程及服务,环保工程及服务,2020-12-31,2021-12-31
SH600217,环保,环境治理,固废治理,2021-12-31,
SH600218,机械设备,通用设备,内燃机,2020-12-31,2021-12-31
SH600218,汽车,汽车零部件,底盘与发动机系统,2021-12-31,
SH600219,有色金属,工业金属,铝,2020-12-31,
SH600220,纺织服饰,纺织制造,毛纺,2020-12-31,2021-12-31
SH600220,纺织服饰,纺织制造,其他纺织,2021-12-31,2024-07-31
SH600221,交通运输,航空运输,航空运输,2020-12-31,2021-12-31
SH600221,交通运输,航空机场,航空运输,2021-12-31,
SH600222,医药生物,中药,中药,2020-12-31,
SH600223,房地产,房地产开发,住宅开发,2020-12-31,2024-02-29
SH600223,美容护理,化妆品,品牌化妆品,2024-02-29,
SH600225,房地产,房地产开发,住宅开发,2020-12-31,2022-07-29
SH600225,计算机,IT服务,IT服务,2022-07-29,2025-03-31
SH600226,传媒,互联网传媒,移动互联网服务,2020-12-31,2021-12-31
SH600226,传媒,游戏,游戏,2021-12-31,2022-07-29
SH600226,公用事业,电力,热力服务,2022-07-29,
SH600227,医药生物,化学制药,化学制剂,2020-12-31,2022-07-29
SH600227,基础化工,农化制品,氮肥,2022-07-29,
SH600228,基础化工,化学制品,其他化学制品,2020-12-31,2021-08-31
SH600228,传媒,互联网传媒,互联网信息服务,2021-08-31,2021-12-31
SH600228,传媒,数字媒体,门户网站,2021-12-31,
SH600229,传媒,文化传媒,平面媒体,2020-12-31,2021-12-31
SH600229,传媒,出版,大众出版,2021-12-31,
SH600230,基础化工,化学制品,聚氨酯,2020-12-31,
SH600231,钢铁,钢铁,普钢,2020-12-31,2021-12-31
SH600231,钢铁,普钢,长材,2021-12-31,
SH600232,纺织服饰,纺织制造,丝绸,2020-12-31,2021-12-31
SH600232,机械设备,专用设备,纺织服装设备,2021-12-31,
SH600233,交通运输,物流,物流,2020-12-31,2021-12-31
SH600233,交通运输,物流,快递,2021-12-31,
SH600234,综合,综合,综合,2020-12-31,2023-07-31
SH600234,建筑装饰,装修装饰,装修装饰,2023-07-31,
SH600235,轻工制造,造纸,造纸,2020-12-31,2021-12-31
SH600235,轻工制造,造纸,特种纸,2021-12-31,
SH600236,公用事业,电力,水力发电,2020-12-31,
SH600237,电子,元件,被动元件,2020-12-31,
SH600238,食品饮料,饮料制造,其他酒类,2020-12-31,2021-12-31
SH600238,食品饮料,非白酒,其他酒类,2021-12-31,
SH600239,房地产,房地产开发,住宅开发,2020-12-31,2023-07-31
SH600239,房地产,房地产开发,商业地产,2023-07-31,
SH600241,电力设备,其他电源设备,储能设备,2020-12-31,2021-12-31
SH600241,电力设备,电池,蓄电池及其他电池,2021-12-31,2022-07-29
SH600241,电力设备,电池,锂电池,2022-07-29,
SH600242,传媒,营销传播,营销服务,2020-12-31,2021-12-31
SH600242,传媒,广告营销,营销代理,2021-12-31,2023-06-30
SH600243,机械设备,通用设备,其他通用设备,2020-12-31,
SH600246,房地产,房地产开发,住宅开发,2020-12-31,
SH600247,商贸零售,贸易,贸易,2020-12-31,2021-03-31
SH600248,建筑装饰,专业工程,化学工程,2020-12-31,2021-12-31
SH600248,建筑装饰,房屋建设,房屋建设,2021-12-31,
SH600249,基础化工,化学制品,日用化学产品,2020-12-31,2021-12-31
SH600249,美容护理,个护用品,洗护用品,2021-12-31,
SH600250,商贸零售,贸易,贸易,2020-12-31,2026-07-31
SH600250,社会服务,旅游及景区,旅游综合,2026-07-31,
SH600251,农林牧渔,农产品加工,果蔬加工,2020-12-31,
SH600252,医药生物,中药,中药,2020-12-31,
SH600255,有色金属,工业金属,铜,2020-12-31,2021-12-31
SH600255,有色金属,金属新材料,其他金属新材料,2021-12-31,
SH600256,基础化工,石油化工,石油加工,2020-12-31,2021-12-31
SH600256,石油石化,炼化及贸易,油品石化贸易,2021-12-31,
SH600257,农林牧渔,渔业,水产养殖,2020-12-31,
SH600258,社会服务,酒店,酒店,2020-12-31,2021-12-31
SH600258,社会服务,酒店餐饮,酒店,2021-12-31,
SH600259,有色金属,小金属,稀土,2020-12-31,
SH600260,通信,通信设备,终端设备,2020-12-31,2021-12-31
SH600260,通信,通信设备,其他通信设备,2021-12-31,2023-02-28
SH600261,电子,光学光电子,LED,2020-12-31,2021-12-31
SH600261,家用电器,照明设备,照明设备,2021-12-31,
SH600262,机械设备,专用设备,能源及重型设备,2020-12-31,
SH600265,农林牧渔,林业,林业,2020-12-31,
SH600266,房地产,房地产开发,住宅开发,2020-12-31,
SH600267,医药生物,化学制药,原料药,2020-12-31,2022-07-29
SH600267,医药生物,化学制药,化学制剂,2022-07-29,
SH600268,电力设备,电气自动化设备,电网自动化设备,2020-12-31,2021-12-31
SH600268,电力设备,电网设备,电网自动化设备,2021-12-31,
SH600269,交通运输,高速公路,高速公路,2020-12-31,2021-12-31
SH600269,交通运输,铁路公路,高速公路,2021-12-31,
SH600271,计算机,计算机应用,IT服务,2020-12-31,2021-12-31
SH600271,计算机,IT服务,IT服务,2021-12-31,
SH600272,医药生物,医药商业,医药商业,2020-12-31,2021-12-31
SH600272,医药生物,医药商业,医药流通,2021-12-31,
SH600273,基础化工,化学制品,其他化学制品,2020-12-31,
SH600275,农林牧渔,渔业,水产养殖,2020-12-31,2022-06-30
SH600276,医药生物,化学制药,化学制剂,2020-12-31,
SH600277,基础化工,化学原料,氯碱,2020-12-31,2024-07-31
SH600278,商贸零售,贸易,贸易,2020-12-31,
SH600279,交通运输,港口,港口,2020-12-31,2021-12-31
SH600279,交通运输,航运港口,港口,2021-12-31,
SH600280,商贸零售,一般零售,百货,2020-12-31,
SH600281,综合,综合,综合,2020-12-31,2021-12-31
SH600281,有色金属,小金属,其他小金属,2021-12-31,
SH600282,钢铁,钢铁,普钢,2020-12-31,2021-12-31
SH600282,钢铁,普钢,板材,2021-12-31,2026-07-31
SH600282,钢铁,特钢,特钢,2026-07-31,
SH600283,公用事业,水务,水务,2020-12-31,2021-12-31
SH600283,环保,环境治理,水务及水治理,2021-12-31,
SH600284,建筑装饰,基础建设,路桥施工,2020-12-31,2021-12-31
SH600284,建筑装饰,基础建设,基建市政工程,2021-12-31,
SH600285,医药生物,中药,中药,2020-12-31,
SH600287,商贸零售,贸易,贸易,2020-12-31,
SH600288,电子,其他电子,其他电子,2020-12-31,2024-07-31
SH600288,计算机,软件开发,横向通用软件,2024-07-31,
SH600289,通信,通信设备,通信配套服务,2020-12-31,2021-12-31
SH600289,通信,通信服务,通信工程及服务,2021-12-31,
SH600290,电力设备,其他电源设备,风电设备,2020-12-31,2021-12-31
SH600290,电力设备,电网设备,配电设备,2021-12-31,2024-01-31
SH600291,非银金融,保险,保险,2020-12-31,2022-06-30
SH600292,公用事业,环保工程及服务,环保工程及服务,2020-12-31,2021-12-31
SH600292,环保,环境治理,大气治理,2021-12-31,2026-07-31
SH600292,公用事业,电力,水力发电,2026-07-31,
SH600293,通信,通信设备,终端设备,2020-12-31,2021-12-31
SH600293,建筑材料,玻璃玻纤,玻璃制造,2021-12-31,
SH600295,煤炭,其他采掘,其他采掘,2020-12-31,2021-12-31
SH600295,钢铁,冶钢原料,冶钢辅料,2021-12-31,
SH600297,汽车,汽车服务,汽车服务,2020-12-31,2021-12-31
SH600297,汽车,汽车服务,汽车经销商,2021-12-31,2024-08-30
SH600298,农林牧渔,农产品加工,其他农产品加工,2020-12-31,2021-12-31
SH600298,食品饮料,调味发酵品,调味发酵品,2021-12-31,
SH600299,基础化工,化学制品,其他化学制品,2020-12-31,2021-12-31
SH600299,基础化工,化学制品,食品及饲料添加剂,2021-12-31,
SH600300,食品饮料,饮料制造,软饮料,2020-12-31,2021-12-31
SH600300,食品饮料,饮料乳品,软饮料,2021-12-31,
SH600301,商贸零售,贸易,贸易,2020-12-31,2022-07-29
SH600301,建筑装饰,工程咨询服务,工程咨询服务,2022-07-29,2024-07-31
SH600301,有色金属,小金属,其他小金属,2024-07-31,
SH600302,机械设备,专用设备,纺织服装设备,2020-12-31,
SH600303,汽车,汽车整车,商用载客车,2020-12-31,2021-12-31
SH600303,汽车,商用车,商用载客车,2021-12-31,
SH600305,食品饮料,食品加工,调味发酵品,2020-12-31,2021-12-31
SH600305,食品饮料,调味发酵品,调味发酵品,2021-12-31,
SH600306,商贸零售,一般零售,百货,2020-12-31,2024-06-28
SH600307,钢铁,钢铁,普钢,2020-12-31,2021-12-31
SH600307,钢铁,普钢,板材,2021-12-31,
SH600308,轻工制造,造纸,造纸,2020-12-31,2021-12-31
SH600308,轻工制造,造纸,大宗用纸,2021-12-31,
SH600309,基础化工,化学制品,聚氨酯,2020-12-31,
SH600310,公用事业,电力,水力发电,2020-12-31,2021-12-31
SH600310,公用事业,电力,电能综合服务,2021-12-31,
SH600311,有色金属,贵金属,黄金,2020-12-31,2023-03-31
SH600312,电力设备,高低压设备,高压设备,2020-12-31,2021-12-31
SH600312,电力设备,电网设备,输变电设备,2021-12-31,
SH600313,农林牧渔,种植业,种子,2020-12-31,
SH600315,基础化工,化学制品,日用化学产品,2020-12-31,2021-12-31
SH600315,美容护理,化妆品,品牌化妆品,2021-12-31,
SH600316,国防军工,航空装备,航空装备,2020-12-31,
SH600317,交通运输,港口,港口,2020-12-31,2021-01-29
SH600318,非银金融,多元金融,多元金融,2020-12-31,2021-12-31
SH600318,非银金融,多元金融,金融控股,2021-12-31,
SH600319,基础化工,化学原料,氯碱,2020-12-31,
SH600320,机械设备,专用设备,重型机械,2020-12-31,2021-12-31
SH600320,机械设备,专用设备,能源及重型设备,2021-12-31,
SH600321,建筑材料,装修建材,其他建材,2020-12-31,2022-07-29
SH600321,建筑装饰,专业工程,其他专业工程,2022-07-29,2024-06-28
SH600322,房地产,房地产开发,住宅开发,2020-12-31,
SH600323,公用事业,环保工程及服务,环保工程及服务,2020-12-31,2021-12-31
SH600323,环保,环境治理,固废治理,2021-12-31,
SH600325,房地产,房地产开发,住宅开发,2020-12-31,
SH600326,建筑材料,水泥,水泥制造,2020-12-31,
SH600327,汽车,汽车服务,汽车服务,2020-12-31,2021-12-31
SH600327,汽车,汽车服务,汽车经销商,2021-12-31,2023-07-31
SH600327,商贸零售,一般零售,百货,2023-07-31,
SH600328,基础化工,化学原料,无机盐,2020-12-31,
SH600329,医药生物,中药,中药,2020-12-31,
SH600330,有色金属,金属新材料,磁性材料,2020-12-31,2021-12-31
SH600330,机械设备,专用设备,其他专用设备,2021-12-31,2024-07-31
SH600330,电子,电子化学品,电子化学品,2024-07-31,
SH600331,有色金属,工业金属,铅锌,2020-12-31,2022-07-29
SH600331,基础化工,农化制品,磷肥及磷化工,2022-07-29,
SH600332,医药生物,中药,中药,2020-12-31,
SH600333,公用事业,燃气,燃气,2020-12-31,
SH600335,汽车,汽车服务,汽车服务,2020-12-31,2021-12-31
SH600335,汽车,汽车服务,汽车经销商,2021-12-31,
SH600336,家用电器,白色家电,冰箱,2020-12-31,2021-12-31
SH600336,家用电器,白色家电,冰洗,2021-12-31,
SH600337,轻工制造,家居用品,家具,2020-12-31,2021-12-31
SH600337,轻工制造,家居用品,成品家居,2021-12-31,
SH600338,有色金属,工业金属,铅锌,2020-12-31,
SH600339,煤炭,采掘服务,油气钻采服务,2020-12-31,2021-12-31
SH600339,石油石化,油服工程,油气及炼化工程,2021-12-31,
SH600340,房地产,房地产开发,住宅开发,2020-12-31,2021-12-31
SH600340,房地产,房地产开发,产业地产,2021-12-31,
SH600343,国防军工,航天装备,航天装备,2020-12-31,2022-07-29
SH600343,机械设备,通用设备,其他通用设备,2022-07-29,
SH600345,通信,通信设备,通信传输设备,2020-12-31,2021-12-31
SH600345,通信,通信设备,其他通信设备,2021-12-31,
SH600346,基础化工,化学纤维,涤纶,2020-12-31,2021-12-31
SH600346,石油石化,炼化及贸易,炼油化工,2021-12-31,
SH600348,煤炭,煤炭开采,煤炭开采,2020-12-31,2021-12-31
SH600348,煤炭,煤炭开采,焦煤,2021-12-31,
SH600350,交通运输,高速公路,高速公路,2020-12-31,2021-12-31
SH600350,交通运输,铁路公路,高速公路,2021-12-31,
SH600351,医药生物,中药,中药,2020-12-31,
SH600352,基础化工,化学制品,纺织化学制品,2020-12-31,
SH600353,电子,其他电子,其他电子,2020-12-31,
SH600354,农林牧渔,种植业,种子,2020-12-31,
SH600355,通信,通信设备,终端设备,2020-12-31,2021-12-31
SH600355,通信,通信设备,通信终端及配件,2021-12-31,2026-04-30
SH600356,轻工制造,造纸,造纸,2020-12-31,2021-12-31
SH600356,轻工制造,造纸,特种纸,2021-12-31,
SH600358,社会服务,旅游综合,旅游综合,2020-12-31,2021-12-31
SH600358,传媒,广告营销,营销代理,2021-12-31,
SH600359,农林牧渔,种植业,其他种植业,2020-12-31,
SH600360,电子,半导体,分立器件,2020-12-31,
SH600361,商贸零售,一般零售,超市,2020-12-31,2023-07-31
SH600361,有色金属,工业金属,铝,2023-07-31,
SH600362,有色金属,工业金属,铜,2020-12-31,
SH600363,电子,光学光电子,LED,2020-12-31,2022-07-29
SH600363,电子,消费电子,消费电子零部件及组装,2022-07-29,
SH600365,食品饮料,饮料制造,葡萄酒,2020-12-31,2021-12-31
SH600365,食品饮料,非白酒,其他酒类,2021-12-31,2022-07-29
SH600365,商贸零售,互联网电商,综合电商,2022-07-29,
SH600366,有色金属,金属新材料,磁性材料,2020-12-31,
SH600367,基础化工,化学原料,无机盐,2020-12-31,
SH600368,交通运输,高速公路,高速公路,2020-12-31,2021-12-31
SH600368,交通运输,铁路公路,高速公路,2021-12-31,
SH600369,非银金融,证券,证券,2020-12-31,
SH600370,纺织服饰,纺织制造,印染,2020-12-31,2022-07-29
SH600370,基础化工,化学纤维,涤纶,2022-07-29,
SH600371,农林牧渔,种植业,种子,2020-12-31,
SH600372,国防军工,航空装备,航空装备,2020-12-31,
SH600373,传媒,互联网传媒,移动互联网服务,2020-12-31,2021-12-31
SH600373,传媒,出版,大众出版,2021-12-31,
SH600375,机械设备,专用设备,工程机械,2020-12-31,2021-12-31
SH600375,机械设备,工程机械,工程机械整机,2021-12-31,2022-07-29
SH600375,汽车,商用车,商用载客车,2022-07-29,2023-07-31
SH600375,汽车,商用车,商用载货车,2023-07-31,
SH600376,房地产,房地产开发,住宅开发,2020-12-31,
SH600377,交通运输,高速公路,高速公路,2020-12-31,2021-12-31
SH600377,交通运输,铁路公路,高速公路,2021-12-31,
SH600378,基础化工,化学制品,其他化学制品,2020-12-31,2021-12-31
SH600378,基础化工,化学制品,氟化工,2021-12-31,
SH600379,电力设备,高低压设备,中压设备,2020-12-31,2021-12-31
SH600379,电力设备,电网设备,输变电设备,2021-12-31,
SH600380,医药生物,化学制药,化学制剂,2020-12-31,
SH600381,食品饮料,食品加工,食品综合,2020-12-31,2021-12-31
SH600381,食品饮料,食品加工,保健品,2021-12-31,
SH600382,综合,综合,综合,2020-12-31,2022-07-29
SH600382,钢铁,冶钢原料,铁矿石,2022-07-29,
SH600383,房地产,房地产开发,住宅开发,2020-12-31,
SH600385,有色金属,贵金属,黄金,2020-12-31,2021-12-31
SH600385,医药生物,化学制药,化学制剂,2021-12-31,2022-07-29
SH600386,传媒,营销传播,营销服务,2020-12-31,2021-12-31
SH600386,汽车,汽车服务,汽车经销商,2021-12-31,
SH600387,基础化工,石油化工,石油贸易,2020-12-31,2021-12-31
SH600387,石油石化,炼化及贸易,油品石化贸易,2021-12-31,2025-07-31
SH600388,机械设备,专用设备,环保设备,2020-12-31,2021-12-31
SH600388,环保,环境治理,大气治理,2021-12-31,2022-07-29
SH600388,环保,环保设备,环保设备,2022-07-29,
SH600389,基础化工,化学制品,农药,2020-12-31,2021-12-31
SH600389,基础化工,农化制品,农药,2021-12-31,
SH600390,非银金融,多元金融,多元金融,2020-12-31,2021-12-31
SH600390,非银金融,多元金融,金融控股,2021-12-31,
SH600391,国防军工,航空装备,航空装备,2020-12-31,
SH600392,有色金属,小金属,稀土,2020-12-31,
SH600393,房地产,房地产开发,住宅开发,2020-12-31,2023-07-31
SH600395,煤炭,煤炭开采,煤炭开采,2020-12-31,2021-12-31
SH600395,煤炭,煤炭开采,焦煤,2021-12-31,
SH600396,公用事业,电力,火力发电,2020-12-31,
SH600397,煤炭,煤炭开采,煤炭开采,2020-12-31,2021-12-31
SH600397,煤炭,煤炭开采,动力煤,2021-12-31,2026-07-31
SH600397,机械设备,专用设备,能源及重型设备,2026-07-31,
SH600398,纺织服饰,服装家纺,男装,2020-12-31,2021-12-31
SH600398,纺织服饰,服装家纺,非运动服装,2021-12-31,
SH600399,钢铁,钢铁,特钢,2020-12-31,2021-12-31
SH600399,钢铁,特钢,特钢,2021-12-31,
SH600400,纺织服饰,服装家纺,男装,2020-12-31,2021-12-31
SH600400,纺织服饰,服装家纺,非运动服装,2021-12-31,
SH600403,煤炭,煤炭开采,煤炭开采,2020-12-31,2021-12-31
SH600403,煤炭,煤炭开采,动力煤,2021-12-31,
SH600405,电力设备,其他电源设备,储能设备,2020-12-31,2021-12-31
SH600405,电力设备,其他电源设备,其他电源设备,2021-12-31,
SH600406,电力设备,电气自动化设备,电网自动化设备,2020-12-31,2021-12-31
SH600406,电力设备,电网设备,电网自动化设备,2021-12-31,
SH600408,煤炭,煤炭开采,焦炭加工,2020-12-31,2021-12-31
SH600408,煤炭,焦炭,焦炭,2021-12-31,
SH600409,基础化工,化学原料,纯碱,2020-12-31,2021-12-31
SH600409,基础化工,化学纤维,粘胶,2021-12-31,2022-07-29
SH600409,基础化工,化学原料,纯碱,2022-07-29,
SH600410,计算机,计算机应用,IT服务,2020-12-31,2021-12-31
SH600410,计算机,IT服务,IT服务,2021-12-31,
SH600415,商贸零售,商业物业经营,专业市场,2020-12-31,2021-12-31
SH600415,商贸零售,一般零售,商业物业经营,2021-12-31,
SH600416,电力设备,其他电源设备,风电设备,2020-12-31,2021-12-31
SH600416,电力设备,风电设备,风电整机,2021-12-31,2024-07-31
SH600416,电力设备,电机,电机,2024-07-31,
SH600418,汽车,汽车整车,乘用车,2020-12-31,2021-12-31
SH600418,汽车,商用车,商用载货车,2021-12-31,
SH600419,食品饮料,食品加工,乳品,2020-12-31,2021-12-31
SH600419,食品饮料,饮料乳品,乳品,2021-12-31,
SH600420,医药生物,化学制药,化学制剂,2020-12-31,
SH600421,机械设备,通用设备,机械基础件,2020-12-31,2021-12-31
SH600421,机械设备,通用设备,金属制品,2021-12-31,2026-06-30
SH600422,医药生物,中药,中药,2020-12-31,
SH600423,基础化工,化学制品,氮肥,2020-12-31,2021-12-31
SH600423,基础化工,农化制品,氮肥,2021-12-31,2024-07-31
SH600423,基础化工,化学原料,其他化学原料,2024-07-31,
SH600425,建筑材料,水泥,水泥制造,2020-12-31,
SH600426,基础化工,化学制品,氮肥,2020-12-31,2021-12-31
SH600426,基础化工,化学原料,煤化工,2021-12-31,2022-07-29
SH600426,基础化工,农化制品,氮肥,2022-07-29,
SH600428,交通运输,航运,航运,2020-12-31,2021-12-31
SH600428,交通运输,航运港口,航运,2021-12-31,
SH600429,食品饮料,食品加工,乳品,2020-12-31,2021-12-31
SH600429,食品饮料,饮料乳品,乳品,2021-12-31,
SH600433,轻工制造,造纸,造纸,2020-12-31,2021-12-31
SH600433,轻工制造,造纸,特种纸,2021-12-31,
SH600435,国防军工,地面兵装,地面兵装,2020-12-31,
SH600436,医药生物,中药,中药,2020-12-31,
SH600438,电力设备,其他电源设备,光伏设备,2020-12-31,2021-12-31
SH600438,电力设备,光伏设备,硅料硅片,2021-12-31,
SH600439,轻工制造,家居用品,其他家用轻工,2020-12-31,2021-12-31
SH600439,纺织服饰,饰品,其他饰品,2021-12-31,
SH600444,机械设备,专用设备,其他专用设备,2020-12-31,
SH600446,计算机,计算机应用,IT服务,2020-12-31,2021-12-31
SH600446,计算机,IT服务,IT服务,2021-12-31,
SH600448,纺织服饰,纺织制造,印染,2020-12-31,
SH600449,建筑材料,水泥,水泥制造,2020-12-31,
SH600452,公用事业,电力,水力发电,2020-12-31,2021-12-31
SH600452,公用事业,电力,电能综合服务,2021-12-31,
SH600455,传媒,文化传媒,其他文化传媒,2020-12-31,2021-12-31
SH600455,计算机,软件开发,垂直应用软件,2021-12-31,
SH600456,有色金属,小金属,其他小金属,2020-12-31,
SH600458,基础化工,化学制品,其他化学制品,2020-12-31,2021-12-31
SH600458,电力设备,风电设备,风电零部件,2021-12-31,2024-07-31
SH600458,机械设备,轨交设备,轨交设备,2024-07-31,2026-07-31
SH600458,综合,综合,综合,2026-07-31,
SH600459,有色金属,小金属,其他小金属,2020-12-31,
SH600460,电子,半导体,集成电路,2020-12-31,2021-12-31
SH600460,电子,半导体,分立器件,2021-12-31,
SH600461,公用事业,水务,水务,2020-12-31,2021-12-31
SH600461,环保,环境治理,水务及水治理,2021-12-31,
SH600462,通信,通信设备,通信传输设备,2020-12-31,2021-12-31
SH600462,通信,通信设备,通信终端及配件,2021-12-31,2025-07-31
SH600463,房地产,园区开发,园区开发,2020-12-31,2021-12-31
SH600463,房地产,房地产开发,产业地产,2021-12-31,
SH600466,房地产,房地产开发,住宅开发,2020-12-31,2023-06-30
SH600467,农林牧渔,渔业,水产养殖,2020-12-31,
SH600468,电力设备,高低压设备,低压设备,2020-12-31,2021-12-31
SH600468,电力设备,电网设备,配电设备,2021-12-31,
SH600469,基础化工,橡胶,轮胎,2020-12-31,2021-12-31
SH600469,汽车,汽车零部件,轮胎轮毂,2021-12-31,
SH600470,基础化工,化学制品,磷肥及磷化工,2020-12-31,2021-12-31
SH600470,基础化工,农化制品,磷肥及磷化工,2021-12-31,
SH600475,电力设备,其他电源设备,其他电源设备,2020-12-31,2021-12-31
SH600475,电力设备,其他电源设备,综合电力设备商,2021-12-31,2024-07-31
SH600475,公用事业,电力,热力服务,2024-07-31,
SH600476,计算机,计算机应用,IT服务,2020-12-31,2021-12-31
SH600476,计算机,IT服务,IT服务,2021-12-31,
SH600477,建筑装饰,专业工程,钢结构,2020-12-31,
SH600478,电子,消费电子,电子系统组装,2020-12-31,2021-12-31
SH600478,电力设备,电池,锂电池,2021-12-31,
SH600479,医药生物,中药,中药,2020-12-31,
SH600480,汽车,汽车零部件,汽车零部件,2020-12-31,2021-12-31
SH600480,汽车,汽车零部件,其他汽车零部件,2021-12-31,
SH600481,机械设备,通用设备,制冷空调设备,2020-12-31,2023-07-31
SH600481,电力设备,光伏设备,硅料硅片,2023-07-31,
SH600482,国防军工,航海装备,航海装备,2020-12-31,2022-07-29
SH600482,电力设备,其他电源设备,其他电源设备,2022-07-29,
SH600483,公用事业,电力,火力发电,2020-12-31,2021-12-31
SH600483,公用事业,电力,电能综合服务,2021-12-31,
SH600485,通信,通信设备,通信配套服务,2020-12-31,2021-06-30
SH600486,基础化工,化学制品,农药,2020-12-31,2021-12-31
SH600486,基础化工,农化制品,农药,2021-12-31,
SH600487,通信,通信设备,通信传输设备,2020-12-31,2021-12-31
SH600487,通信,通信设备,通信线缆及配套,2021-12-31,
SH600488,医药生物,化学制药,化学制剂,2020-12-31,2022-07-29
SH600488,医药生物,化学制药,原料药,2022-07-29,
SH600489,有色金属,贵金属,黄金,2020-12-31,
SH600490,有色金属,工业金属,铜,2020-12-31,
SH600491,建筑装饰,房屋建设,房屋建设,2020-12-31,
SH600493,纺织服饰,纺织制造,棉纺,2020-12-31,
SH600495,机械设备,轨交设备,轨交设备,2020-12-31,
SH600496,建筑装饰,专业工程,钢结构,2020-12-31,
SH600497,有色金属,工业金属,铅锌,2020-12-31,
SH600498,通信,通信设备,通信传输设备,2020-12-31,2021-12-31
SH600498,通信,通信设备,通信网络设备及器件,2021-12-31,
SH600499,机械设备,专用设备,其他专用设备,2020-12-31,
SH600500,基础化工,化学制品,其他化学制品,2020-12-31,
SH600501,机械设备,专用设备,其他专用设备,2020-12-31,
SH600502,建筑装饰,基础建设,水利工程,2020-12-31,2021-12-31
SH600502,建筑装饰,房屋建设,房屋建设,2021-12-31,2022-07-29
SH600502,建筑装饰,基础建设,基建市政工程,2022-07-29,
SH600503,房地产,房地产开发,住宅开发,2020-12-31,
SH600505,公用事业,电力,水力发电,2020-12-31,2021-12-31
SH600505,公用事业,电力,电能综合服务,2021-12-31,
SH600506,农林牧渔,种植业,其他种植业,2020-12-31,2022-07-29
SH600506,石油石化,炼化及贸易,炼油化工,2022-07-29,
SH600507,钢铁,钢铁,特钢,2020-12-31,2021-12-31
SH600507,钢铁,特钢,特钢,2021-12-31,
SH600508,煤炭,煤炭开采,煤炭开采,2020-12-31,2021-12-31
SH600508,煤炭,煤炭开采,焦煤,2021-12-31,
SH600509,公用事业,电力,热力服务,2020-12-31,2021-12-31
SH600509,公用事业,电力,火力发电,2021-12-31,
SH600510,房地产,房地产开发,住宅开发,2020-12-31,
SH600511,医药生物,医药商业,医药商业,2020-12-31,2021-12-31
SH600511,医药生物,医药商业,医药流通,2021-12-31,
SH600512,建筑装饰,基础建设,路桥施工,2020-12-31,2021-12-31
SH600512,建筑装饰,基础建设,基建市政工程,2021-12-31,
SH600513,医药生物,化学制药,化学制剂,2020-12-31,
SH600515,房地产,房地产开发,住宅开发,2020-12-31,2022-07-29
SH600515,综合,综合,综合,2022-07-29,2023-07-31
SH600515,房地产,房地产开发,住宅开发,2023-07-31,
SH600516,有色金属,金属新材料,非金属材料,2020-12-31,2021-12-31
SH600516,钢铁,冶钢原料,冶钢辅料,2021-12-31,
SH600517,电力设备,高低压设备,中压设备,2020-12-31,2021-12-31
SH600517,电力设备,电网设备,输变电设备,2021-12-31,2022-07-29
SH600517,非银金融,多元金融,信托,2022-07-29,
SH600518,医药生物,中药,中药,2020-12-31,
SH600519,食品饮料,饮料制造,白酒,2020-12-31,2021-12-31
SH600519,食品饮料,白酒,白酒,2021-12-31,
SH600520,机械设备,专用设备,其他专用设备,2020-12-31,
SH600521,医药生物,化学制药,化学制剂,2020-12-31,
SH600522,通信,通信设备,通信传输设备,2020-12-31,2021-12-31
SH600522,通信,通信设备,通信线缆及配套,2021-12-31,
SH600523,汽车,汽车零部件,汽车零部件,2020-12-31,2021-12-31
SH600523,汽车,汽车零部件,其他汽车零部件,2021-12-31,
SH600525,电力设备,电气自动化设备,电网自动化设备,2020-12-31,2021-12-31
SH600525,电力设备,电网设备,输变电设备,2021-12-31,
SH600526,机械设备,专用设备,环保设备,2020-12-31,2021-12-31
SH600526,环保,环保设备,环保设备,2021-12-31,
SH600527,基础化工,化学纤维,涤纶,2020-12-31,2021-12-31
SH600527,纺织服饰,纺织制造,其他纺织,2021-12-31,
SH600528,机械设备,轨交设备,轨交设备,2020-12-31,
SH600529,医药生物,医疗器械,医疗器械,2020-12-31,2021-12-31
SH600529,医药生物,医疗器械,医疗耗材,2021-12-31,
SH600530,医药生物,生物制品,生物制品,2020-12-31,2021-12-31
SH600530,食品饮料,食品加工,保健品,2021-12-31,
SH600531,有色金属,工业金属,铅锌,2020-12-31,
SH600532,煤炭,其他采掘,其他采掘,2020-12-31,2021-12-31
SH600532,煤炭,煤炭开采,动力煤,2021-12-31,2023-06-30
SH600533,房地产,房地产开发,住宅开发,2020-12-31,
SH600535,医药生物,中药,中药,2020-12-31,
SH600536,计算机,计算机应用,IT服务,2020-12-31,2021-12-31
SH600536,计算机,IT服务,IT服务,2021-12-31,
SH600537,电力设备,其他电源设备,光伏设备,2020-12-31,2021-12-31
SH600537,电力设备,光伏设备,光伏电池组件,2021-12-31,
SH600538,医药生物,中药,中药,2020-12-31,2021-12-31
SH600538,医药生物,医药商业,医药流通,2021-12-31,
SH600539,轻工制造,家居用品,其他家用轻工,2020-12-31,2021-12-31
SH600539,综合,综合,综合,2021-12-31,2022-07-29
SH600539,商贸零售,互联网电商,电商服务,2022-07-29,
SH600540,农林牧渔,种植业,其他种植业,2020-12-31,
SH600543,食品饮料,饮料制造,葡萄酒,2020-12-31,2021-12-31
SH600543,食品饮料,非白酒,其他酒类,2021-12-31,
SH600545,机械设备,专用设备,纺织服装设备,2020-12-31,
SH600546,煤炭,煤炭开采,煤炭开采,2020-12-31,2021-12-31
SH600546,煤炭,煤炭开采,动力煤,2021-12-31,
SH600547,有色金属,贵金属,黄金,2020-12-31,
SH600548,交通运输,高速公路,高速公路,2020-12-31,2021-12-31
SH600548,交通运输,铁路公路,高速公路,2021-12-31,
SH600549,有色金属,小金属,钨,2020-12-31,
SH600550,电力设备,高低压设备,高压设备,2020-12-31,2021-12-31
SH600550,电力设备,电网设备,输变电设备,2021-12-31,
SH600551,传媒,文化传媒,平面媒体,2020-12-31,2021-12-31
SH600551,传媒,出版,大众出版,2021-12-31,
SH600552,电子,光学光电子,面板,2020-12-31,
SH600555,社会服务,旅游综合,旅游综合,2020-12-31,2021-12-31
SH600555,社会服务,旅游及景区,旅游综合,2021-12-31,2022-07-29
SH600556,传媒,营销传播,营销服务,2020-12-31,2021-12-31
SH600556,传媒,广告营销,营销代理,2021-12-31,
SH600557,医药生物,中药,中药,2020-12-31,
SH600558,机械设备,金属制品,金属制品,2020-12-31,2021-12-31
SH600558,机械设备,通用设备,金属制品,2021-12-31,
SH600559,食品饮料,饮料制造,白酒,2020-12-31,2021-12-31
SH600559,食品饮料,白酒,白酒,2021-12-31,
SH600560,机械设备,专用设备,能源及重型设备,2020-12-31,
SH600561,交通运输,公交,公交,2020-12-31,2021-12-31
SH600561,交通运输,铁路公路,公交,2021-12-31,
SH600562,国防军工,地面兵装,地面兵装,2020-12-31,2021-12-31
SH600562,国防军工,军工电子,军工电子,2021-12-31,
SH600563,电子,元件,被动元件,2020-12-31,
SH600565,房地产,房地产开发,住宅开发,2020-12-31,2024-08-30
SH600566,医药生物,中药,中药,2020-12-31,
SH600567,轻工制造,造纸,造纸,2020-12-31,2021-12-31
SH600567,轻工制造,造纸,大宗用纸,2021-12-31,
SH600568,房地产,房地产开发,住宅开发,2020-12-31,2021-12-31
SH600568,医药生物,医疗服务,医院,2021-12-31,
SH600569,钢铁,钢铁,普钢,2020-12-31,2021-12-31
SH600569,钢铁,普钢,板材,2021-12-31,
SH600570,计算机,计算机应用,软件开发,2020-12-31,2021-12-31
SH600570,计算机,软件开发,垂直应用软件,2021-12-31,
SH600571,计算机,计算机应用,IT服务,2020-12-31,2021-12-31
SH600571,计算机,IT服务,IT服务,2021-12-31,
SH600572,医药生物,中药,中药,2020-12-31,
SH600573,食品饮料,饮料制造,啤酒,2020-12-31,2021-12-31
SH600573,食品饮料,非白酒,啤酒,2021-12-31,
SH600575,交通运输,物流,物流,2020-12-31,2021-12-31
SH600575,交通运输,铁路公路,铁路运输,2021-12-31,2022-07-29
SH600575,煤炭,煤炭开采,动力煤,2022-07-29,2026-07-31
SH600575,公用事业,电力,火力发电,2026-07-31,
SH600576,传媒,文化传媒,影视动漫,2020-12-31,2021-12-31
SH600576,传媒,影视院线,影视动漫制作,2021-12-31,2023-07-31
SH600576,社会服务,旅游及景区,自然景区,2023-07-31,
SH600577,电力设备,高低压设备,线缆部件及其他,2020-12-31,2021-12-31
SH600577,电力设备,电网设备,线缆部件及其他,2021-12-31,
SH600578,公用事业,电力,火力发电,2020-12-31,
SH600579,机械设备,专用设备,其他专用设备,2020-12-31,
SH600580,电力设备,电机,电机,2020-12-31,
SH600581,钢铁,钢铁,普钢,2020-12-31,2021-12-31
SH600581,钢铁,普钢,板材,2021-12-31,
SH600582,机械设备,专用设备,能源及重型设备,2020-12-31,
SH600583,煤炭,采掘服务,油气钻采服务,2020-12-31,2021-12-31
SH600583,石油石化,油服工程,油气及炼化工程,2021-12-31,
SH600584,电子,半导体,集成电路,2020-12-31,2021-12-31
SH600584,电子,半导体,集成电路封测,2021-12-31,
SH600585,建筑材料,水泥,水泥制造,2020-12-31,
SH600586,建筑材料,玻璃玻纤,玻璃制造,2020-12-31,
SH600587,医药生物,医疗器械,医疗器械,2020-12-31,2021-12-31
SH600587,医药生物,医疗器械,医疗设备,2021-12-31,
SH600588,计算机,计算机应用,软件开发,2020-12-31,2021-12-31
SH600588,计算机,软件开发,横向通用软件,2021-12-31,
SH600589,基础化工,化学制品,其他化学制品,2020-12-31,2021-12-31
SH600589,基础化工,塑料,其他塑料制品,2021-12-31,2024-07-31
SH600589,计算机,IT服务,IT服务,2024-07-31,
SH600590,电力设备,电气自动化设备,电网自动化设备,2020-12-31,2021-12-31
SH600590,电力设备,电网设备,电网自动化设备,2021-12-31,2022-07-29
SH600590,国防军工,军工电子,军工电子,2022-07-29,2026-07-31
SH600590,电力设备,其他电源设备,其他电源设备,2026-07-31,
SH600592,机械设备,通用设备,机械基础件,2020-12-31,2021-12-31
SH600592,机械设备,通用设备,金属制品,2021-12-31,
SH600593,社会服务,景点,人工景区,2020-12-31,2021-12-31
SH600593,社会服务,旅游及景区,人工景区,2021-12-31,
SH600594,医药生物,中药,中药,2020-12-31,
SH600595,有色金属,工业金属,铝,2020-12-31,
SH600596,基础化工,化学制品,其他化学制品,2020-12-31,2021-12-31
SH600596,基础化工,化学制品,有机硅,2021-12-31,2023-07-31
SH600596,基础化工,农化制品,农药,2023-07-31,
SH600597,食品饮料,食品加工,乳品,2020-12-31,2021-12-31
SH600597,食品饮料,饮料乳品,乳品,2021-12-31,
SH600598,农林牧渔,种植业,粮食种植,2020-12-31,
SH600599,非银金融,多元金融,多元金融,2020-12-31,2021-12-31
SH600599,非银金融,多元金融,金融控股,2021-12-31,2026-06-30
SH600600,食品饮料,饮料制造,啤酒,2020-12-31,2021-12-31
SH600600,食品饮料,非白酒,啤酒,2021-12-31,
SH600601,电子,元件,印制电路板,2020-12-31,
SH600602,计算机,计算机应用,软件开发,2020-12-31,2021-12-31
SH600602,计算机,软件开发,垂直应用软件,2021-12-31,
SH600603,综合,综合,综合,2020-12-31,2021-12-31
SH600603,房地产,房地产开发,住宅开发,2021-12-31,2025-08-29
SH600603,交通运输,物流,原材料供应链服务,2025-08-29,
SH600604,房地产,园区开发,园区开发,2020-12-31,2021-12-31
SH600604,房地产,房地产开发,产业地产,2021-12-31,
SH600605,商贸零售,贸易,贸易,2020-12-31,2021-12-31
SH600605,商贸零售,一般零售,商业物业经营,2021-12-31,
SH600606,房地产,房地产开发,住宅开发,2020-12-31,
SH600608,商贸零售,贸易,贸易,2020-12-31,2026-07-31
SH600609,汽车,汽车零部件,汽车零部件,2020-12-31,2021-12-31
SH600609,汽车,汽车零部件,车身附件及饰件,2021-12-31,
SH600610,建筑装饰,园林工程,园林工程,2020-12-31,2021-12-31
SH600610,基础化工,化学原料,其他化学原料,2021-12-31,
SH600611,交通运输,公交,公交,2020-12-31,2021-12-31
SH600611,交通运输,铁路公路,公交,2021-12-31,
SH600612,轻工制造,家居用品,珠宝首饰,2020-12-31,2021-12-31
SH600612,纺织服饰,饰品,钟表珠宝,2021-12-31,
SH600613,医药生物,化学制药,化学制剂,2020-12-31,
SH600614,有色金属,金属新材料,其他金属新材料,2020-12-31,2021-07-30
SH600615,有色金属,金属新材料,其他金属新材料,2020-12-31,2021-12-31
SH600615,有色金属,小金属,其他小金属,2021-12-31,2022-07-29
SH600615,有色金属,工业金属,铝,2022-07-29,
SH600616,食品饮料,饮料制造,黄酒,2020-12-31,2021-12-31
SH600616,食品饮料,非白酒,其他酒类,2021-12-31,
SH600617,公用事业,燃气,燃气,2020-12-31,
SH600618,基础化工,化学原料,氯碱,2020-12-31,
SH600619,家用电器,白色家电,家电零部件,2020-12-31,2021-12-31
SH600619,家用电器,家电零部件,家电零部件,2021-12-31,
SH600620,综合,综合,综合,2020-12-31,
SH600621,非银金融,证券,证券,2020-12-31,
SH600622,房地产,房地产开发,住宅开发,2020-12-31,
SH600623,基础化工,化学制品,其他化学制品,2020-12-31,2021-12-31
SH600623,基础化工,化学原料,煤化工,2021-12-31,
SH600624,综合,综合,综合,2020-12-31,2021-12-31
SH600624,医药生物,化学制药,化学制剂,2021-12-31,
SH600626,汽车,汽车零部件,汽车零部件,2020-12-31,2021-12-31
SH600626,汽车,汽车零部件,车身附件及饰件,2021-12-31,
SH600628,商贸零售,一般零售,百货,2020-12-31,
SH600629,建筑装饰,房屋建设,房屋建设,2020-12-31,2021-12-31
SH600629,建筑装饰,工程咨询服务,工程咨询服务,2021-12-31,
SH600630,纺织服饰,服装家纺,其他服装,2020-12-31,2021-12-31
SH600630,纺织服饰,服装家纺,非运动服装,2021-12-31,
SH600633,传媒,互联网传媒,移动互联网服务,2020-12-31,2021-12-31
SH600633,传媒,游戏,游戏,2021-12-31,
SH600634,传媒,互联网传媒,移动互联网服务,2020-12-31,2021-07-30
SH600635,公用事业,燃气,燃气,2020-12-31,
SH600636,传媒,文化传媒,其他文化传媒,2020-12-31,2021-12-31
SH600636,社会服务,教育,教育运营及其他,2021-12-31,2026-06-30
SH600637,传媒,文化传媒,有线电视网络,2020-12-31,2021-12-31
SH600637,传媒,电视广播,电视广播,2021-12-31,
SH600638,房地产,房地产开发,住宅开发,2020-12-31,
SH600639,房地产,园区开发,园区开发,2020-12-31,2021-12-31
SH600639,房地产,房地产开发,产业地产,2021-12-31,
SH600640,传媒,互联网传媒,移动互联网服务,2020-12-31,2021-12-31
SH600640,传媒,数字媒体,视频媒体,2021-12-31,2022-07-29
SH600640,传媒,广告营销,营销代理,2022-07-29,2025-09-30
SH600640,传媒,数字媒体,其他数字媒体,2025-09-30,
SH600641,房地产,房地产开发,住宅开发,2020-12-31,2026-07-31
SH600641,电子,半导体,半导体材料,2026-07-31,
SH600642,公用事业,电力,火力发电,2020-12-31,
SH600643,非银金融,多元金融,多元金融,2020-12-31,2021-12-31
SH600643,非银金融,多元金融,金融控股,2021-12-31,
SH600644,公用事业,电力,水力发电,2020-12-31,2021-12-31
SH600644,公用事业,电力,电能综合服务,2021-12-31,
SH600645,医药生物,生物制品,生物制品,2020-12-31,2021-12-31
SH600645,医药生物,医疗器械,体外诊断,2021-12-31,
SH600647,房地产,房地产开发,住宅开发,2020-12-31,2021-12-31
SH600647,综合,综合,综合,2021-12-31,2023-07-31
SH600647,房地产,房地产开发,住宅开发,2023-07-31,2024-06-28
SH600648,房地产,园区开发,园区开发,2020-12-31,2021-12-31
SH600648,房地产,房地产开发,产业地产,2021-12-31,
SH600649,房地产,房地产开发,住宅开发,2020-12-31,
SH600650,交通运输,公交,公交,2020-12-31,2021-12-31
SH600650,交通运输,铁路公路,公交,2021-12-31,
SH600651,电子,光学光电子,LED,2020-12-31,2024-07-31
SH600651,汽车,汽车零部件,汽车电子电气系统,2024-07-31,
SH600652,传媒,互联网传媒,移动互联网服务,2020-12-31,2021-12-31
SH600652,传媒,游戏,游戏,2021-12-31,2022-06-30
SH600653,汽车,汽车服务,汽车服务,2020-12-31,2021-12-31
SH600653,汽车,汽车服务,汽车经销商,2021-12-31,
SH600654,计算机,计算机应用,软件开发,2020-12-31,2021-12-31
SH600654,计算机,软件开发,垂直应用软件,2021-12-31,
SH600655,商贸零售,专业连锁,专业连锁,2020-12-31,2021-12-31
SH600655,商贸零售,一般零售,商业物业经营,2021-12-31,
SH600657,房地产,房地产开发,住宅开发,2020-12-31,
SH600658,房地产,园区开发,园区开发,2020-12-31,2021-12-31
SH600658,房地产,房地产开发,产业地产,2021-12-31,
SH600660,汽车,汽车零部件,汽车零部件,2020-12-31,2021-12-31
SH600660,汽车,汽车零部件,车身附件及饰件,2021-12-31,
SH600661,传媒,文化传媒,其他文化传媒,2020-12-31,2021-12-31
SH600661,社会服务,教育,培训教育,2021-12-31,
SH600662,交通运输,公交,公交,2020-12-31,2021-12-31
SH600662,交通运输,铁路公路,公交,2021-12-31,2022-07-29
SH600662,社会服务,专业服务,人力资源服务,2022-07-29,
SH600663,房地产,园区开发,园区开发,2020-12-31,2021-12-31
SH600663,房地产,房地产开发,商业地产,2021-12-31,
SH600664,医药生物,化学制药,化学制剂,2020-12-31,
SH600665,房地产,房地产开发,住宅开发,2020-12-31,
SH600666,电子,光学光电子,面板,2020-12-31,2026-07-31
SH600666,计算机,IT服务,IT服务,2026-07-31,
SH600667,电子,半导体,集成电路,2020-12-31,2021-12-31
SH600667,电子,半导体,集成电路封测,2021-12-31,2022-07-29
SH600667,建筑装饰,工程咨询服务,工程咨询服务,2022-07-29,
SH600668,建筑材料,水泥,水泥制造,2020-12-31,2021-12-31
SH600668,综合,综合,综合,2021-12-31,2022-07-29
SH600668,建筑材料,水泥,水泥制造,2022-07-29,
SH600671,医药生物,中药,中药,2020-12-31,
SH600673,医药生物,化学制药,化学制剂,2020-12-31,2022-07-29
SH600673,有色金属,工业金属,铝,2022-07-29,2023-07-31
SH600673,综合,综合,综合,2023-07-31,
SH600674,公用事业,电力,水力发电,2020-12-31,
SH600675,房地产,房地产开发,住宅开发,2020-12-31,
SH600676,汽车,汽车零部件,汽车零部件,2020-12-31,2021-12-31
SH600676,综合,综合,综合,2021-12-31,2024-07-31
SH600676,汽车,汽车服务,汽车综合服务,2024-07-31,
SH600677,国防军工,航天装备,航天装备,2020-12-31,2021-03-31
SH600678,建筑材料,装修建材,其他建材,2020-12-31,2021-12-31
SH600678,建筑材料,水泥,水泥制造,2021-12-31,
SH600679,汽车,摩托车及其他,其他运输设备,2020-12-31,
SH600681,公用事业,燃气,燃气,2020-12-31,
SH600682,医药生物,生物制品,生物制品,2020-12-31,2021-12-31
SH600682,医药生物,生物制品,其他生物制品,2021-12-31,2023-07-31
SH600682,综合,综合,综合,2023-07-31,
SH600683,房地产,房地产开发,住宅开发,2020-12-31,
SH600684,房地产,房地产开发,住宅开发,2020-12-31,2024-03-29
SH600684,房地产,房地产服务,房地产综合服务,2024-03-29,
SH600685,国防军工,航海装备,航海装备,2020-12-31,
SH600686,汽车,汽车整车,商用载客车,2020-12-31,2021-12-31
SH600686,汽车,商用车,商用载客车,2021-12-31,
SH600687,有色金属,贵金属,黄金,2020-12-31,2021-03-31
SH600688,基础化工,石油化工,石油加工,2020-12-31,2021-12-31
SH600688,石油石化,炼化及贸易,炼油化工,2021-12-31,
SH600689,纺织服饰,纺织制造,毛纺,2020-12-31,2021-12-31
SH600689,纺织服饰,纺织制造,其他纺织,2021-12-31,2022-07-29
SH600689,综合,综合,综合,2022-07-29,
SH600690,家用电器,白色家电,冰箱,2020-12-31,2021-12-31
SH600690,家用电器,白色家电,冰洗,2021-12-31,
SH600691,基础化工,化学制品,氮肥,2020-12-31,2021-12-31
SH600691,基础化工,农化制品,氮肥,2021-12-31,
SH600692,房地产,房地产开发,住宅开发,2020-12-31,
SH600693,商贸零售,一般零售,百货,2020-12-31,
SH600694,商贸零售,一般零售,多业态零售,2020-12-31,
SH600695,非银金融,多元金融,多元金融,2020-12-31,2021-12-31
SH600695,非银金融,多元金融,资产管理,2021-12-31,2022-06-30
SH600696,非银金融,多元金融,多元金融,2020-12-31,2021-12-31
SH600696,综合,综合,综合,2021-12-31,2022-07-29
SH600696,食品饮料,白酒,白酒,2022-07-29,2026-06-30
SH600697,商贸零售,一般零售,多业态零售,2020-12-31,
SH600698,汽车,汽车零部件,汽车零部件,2020-12-31,2021-12-31
SH600698,汽车,汽车零部件,底盘与发动机系统,2021-12-31,
SH600699,汽车,汽车零部件,汽车零部件,2020-12-31,2021-12-31
SH600699,汽车,汽车零部件,汽车电子电气系统,2021-12-31,
SH600701,计算机,计算机应用,软件开发,2020-12-31,2021-04-30
SH600701,,,,2021-04-30,2021-05-31
SH600702,食品饮料,饮料制造,白酒,2020-12-31,2021-12-31
SH600702,食品饮料,白酒,白酒,2021-12-31,
SH600703,电子,光学光电子,LED,2020-12-31,
SH600704,交通运输,物流,物流,2020-12-31,2021-12-31
SH600704,交通运输,物流,原材料供应链服务,2021-12-31,
SH600705,非银金融,多元金融,多元金融,2020-12-31,2021-12-31
SH600705,非银金融,多元金融,金融控股,2021-12-31,2025-05-30
SH600706,社会服务,旅游综合,旅游综合,2020-12-31,2021-12-31
SH600706,社会服务,旅游及景区,人工景区,2021-12-31,
SH600707,电子,光学光电子,面板,2020-12-31,
SH600708,房地产,房地产开发,住宅开发,2020-12-31,
SH600710,商贸零售,贸易,贸易,2020-12-31,
SH600711,有色金属,小金属,其他小金属,2020-12-31,2021-12-31
SH600711,有色金属,能源金属,钴,2021-12-31,2026-07-31
SH600711,有色金属,工业金属,铜,2026-07-31,
SH600712,商贸零售,一般零售,百货,2020-12-31,
SH600713,医药生物,医药商业,医药商业,2020-12-31,2021-12-31
SH600713,医药生物,医药商业,医药流通,2021-12-31,
SH600714,基础化工,化学原料,无机盐,2020-12-31,
SH600715,传媒,文化传媒,影视动漫,2020-12-31,2021-12-31
SH600715,传媒,游戏,游戏,2021-12-31,
SH600716,房地产,房地产开发,住宅开发,2020-12-31,
SH600717,交通运输,港口,港口,2020-12-31,2021-12-31
SH600717,交通运输,航运港口,港口,2021-12-31,
SH600718,计算机,计算机应用,IT服务,2020-12-31,2021-12-31
SH600718,计算机,IT服务,IT服务,2021-12-31,
SH600719,公用事业,电力,热力服务,2020-12-31,
SH600720,建筑材料,水泥,水泥制造,2020-12-31,2024-01-31
SH600720,建筑装饰,工程咨询服务,工程咨询服务,2024-01-31,
SH600721,医药生物,医疗服务,医疗服务,2020-12-31,2021-12-31
SH600721,医药生物,医疗服务,医疗研发外包,2021-12-31,
SH600722,基础化工,化学原料,其他化学原料,2020-12-31,2021-12-31
SH600722,基础化工,化学原料,氯碱,2021-12-31,2022-07-29
SH600722,基础化工,化学原料,煤化工,2022-07-29,
SH600723,商贸零售,一般零售,百货,2020-12-31,2021-10-29
SH600724,房地产,房地产开发,住宅开发,2020-12-31,2021-12-31
SH600724,建筑材料,水泥,水泥制造,2021-12-31,2024-07-31
SH600724,房地产,房地产服务,房产租赁经纪,2024-07-31,
SH600725,煤炭,煤炭开采,焦炭加工,2020-12-31,2021-12-31
SH600725,煤炭,焦炭,焦炭,2021-12-31,
SH600726,公用事业,电力,火力发电,2020-12-31,
SH600727,基础化工,化学制品,磷肥及磷化工,2020-12-31,2021-12-31
SH600727,基础化工,化学原料,钛白粉,2021-12-31,
SH600728,计算机,计算机应用,IT服务,2020-12-31,2021-12-31
SH600728,计算机,IT服务,IT服务,2021-12-31,
SH600729,商贸零售,一般零售,多业态零售,2020-12-31,
SH600730,综合,综合,综合,2020-12-31,2021-12-31
SH600730,社会服务,教育,培训教育,2021-12-31,
SH600731,基础化工,化学制品,农药,2020-12-31,2021-12-31
SH600731,基础化工,农化制品,农药,2021-12-31,
SH600732,电力设备,其他电源设备,光伏设备,2020-12-31,2021-12-31
SH600732,电力设备,光伏设备,光伏电池组件,2021-12-31,
SH600733,汽车,汽车整车,乘用车,2020-12-31,2021-12-31
SH600733,汽车,乘用车,综合乘用车,2021-12-31,2022-07-29
SH600733,汽车,乘用车,电动乘用车,2022-07-29,
SH600734,通信,通信设备,终端设备,2020-12-31,2021-12-31
SH600734,通信,通信设备,通信终端及配件,2021-12-31,
SH600735,轻工制造,家居用品,其他家用轻工,2020-12-31,2021-12-31
SH600735,纺织服饰,饰品,其他饰品,2021-12-31,
SH600736,房地产,房地产开发,住宅开发,2020-12-31,
SH600737,农林牧渔,农产品加工,其他农产品加工,2020-12-31,
SH600738,商贸零售,商业物业经营,专业市场,2020-12-31,2021-12-31
SH600738,商贸零售,一般零售,百货,2021-12-31,2026-07-31
SH600738,商贸零售,一般零售,商业物业经营,2026-07-31,
SH600739,医药生物,生物制品,生物制品,2020-12-31,2021-12-31
SH600739,医药生物,生物制品,疫苗,2021-12-31,
SH600740,煤炭,煤炭开采,焦炭加工,2020-12-31,2021-12-31
SH600740,煤炭,焦炭,焦炭,2021-12-31,
SH600741,汽车,汽车零部件,汽车零部件,2020-12-31,2021-12-31
SH600741,汽车,汽车零部件,车身附件及饰件,2021-12-31,
SH600742,汽车,汽车零部件,汽车零部件,2020-12-31,2021-12-31
SH600742,汽车,汽车零部件,车身附件及饰件,2021-12-31,
SH600743,房地产,房地产开发,住宅开发,2020-12-31,2026-07-31
SH600743,房地产,房地产服务,物业管理,2026-07-31,
SH600744,公用事业,电力,火力发电,2020-12-31,
SH600745,电子,消费电子,电子零部件制造,2020-12-31,2021-12-31
SH600745,电子,消费电子,消费电子零部件及组装,2021-12-31,2022-07-29
SH600745,电子,半导体,分立器件,2022-07-29,
SH600746,基础化工,化学制品,其他化学制品,2020-12-31,2021-12-31
SH600746,基础化工,化学原料,煤化工,2021-12-31,
SH600748,房地产,房地产开发,住宅开发,2020-12-31,
SH600749,社会服务,景点,自然景区,2020-12-31,2021-12-31
SH600749,社会服务,旅游及景区,自然景区,2021-12-31,
SH600750,医药生物,中药,中药,2020-12-31,
SH600751,电子,其他电子,其他电子,2020-12-31,2024-07-31
SH600751,交通运输,航运港口,航运,2024-07-31,
SH600753,商贸零售,贸易,贸易,2020-12-31,2021-12-31
SH600753,交通运输,物流,原材料供应链服务,2021-12-31,
SH600754,社会服务,酒店,酒店,2020-12-31,2021-12-31
SH600754,社会服务,酒店餐饮,酒店,2021-12-31,
SH600755,商贸零售,贸易,贸易,2020-12-31,2021-12-31
SH600755,交通运输,物流,原材料供应链服务,2021-12-31,
SH600756,计算机,计算机应用,IT服务,2020-12-31,2021-12-31
SH600756,计算机,IT服务,IT服务,2021-12-31,
SH600757,传媒,文化传媒,平面媒体,2020-12-31,2021-12-31
SH600757,传媒,出版,教育出版,2021-12-31,
SH600758,煤炭,煤炭开采,煤炭开采,2020-12-31,2021-12-31
SH600758,煤炭,煤炭开采,焦煤,2021-12-31,
SH600759,煤炭,石油开采,石油开采,2020-12-31,2021-12-31
SH600759,石油石化,油气开采,油气开采,2021-12-31,
SH600760,国防军工,航空装备,航空装备,2020-12-31,
SH600761,机械设备,专用设备,工程机械,2020-12-31,2021-12-31
SH600761,机械设备,工程机械,工程机械整机,2021-12-31,
SH600763,医药生物,医疗服务,医疗服务,2020-12-31,2021-12-31
SH600763,医药生物,医疗服务,医院,2021-12-31,
SH600764,国防军工,地面兵装,地面兵装,2020-12-31,2021-12-31
SH600764,国防军工,航海装备,航海装备,2021-12-31,
SH600765,国防军工,航空装备,航空装备,2020-12-31,
SH600766,有色金属,贵金属,黄金,2020-12-31,2022-07-29
SH600766,综合,综合,综合,2022-07-29,2024-06-28
SH600767,医药生物,医疗服务,医疗服务,2020-12-31,2021-12-31
SH600767,医药生物,医药商业,医药流通,2021-12-31,2022-07-29
SH600767,计算机,IT服务,IT服务,2022-07-29,2023-06-30
SH600768,有色金属,工业金属,铝,2020-12-31,
SH600769,建筑装饰,房屋建设,房屋建设,2020-12-31,2021-12-31
SH600769,环保,环境治理,水务及水治理,2021-12-31,
SH600770,综合,综合,综合,2020-12-31,
SH600771,医药生物,中药,中药,2020-12-31,
SH600773,房地产,房地产开发,住宅开发,2020-12-31,
SH600774,商贸零售,一般零售,多业态零售,2020-12-31,2022-07-29
SH600774,医药生物,化学制药,化学制剂,2022-07-29,
SH600775,通信,通信设备,终端设备,2020-12-31,2021-12-31
SH600775,通信,通信设备,通信终端及配件,2021-12-31,
SH600776,通信,通信设备,通信传输设备,2020-12-31,2021-12-31
SH600776,通信,通信设备,其他通信设备,2021-12-31,
SH600777,煤炭,石油开采,石油开采,2020-12-31,2021-12-31
SH600777,石油石化,油气开采,油气开采,2021-12-31,
SH600778,商贸零售,一般零售,多业态零售,2020-12-31,
SH600779,食品饮料,饮料制造,白酒,2020-12-31,2021-12-31
SH600779,食品饮料,白酒,白酒,2021-12-31,
SH600780,公用事业,电力,火力发电,2020-12-31,
SH600781,医药生物,化学制药,化学制剂,2020-12-31,2023-06-30
SH600782,钢铁,钢铁,普钢,2020-12-31,2021-12-31
SH600782,钢铁,普钢,板材,2021-12-31,
SH600783,非银金融,多元金融,多元金融,2020-12-31,2021-12-31
SH600783,综合,综合,综合,2021-12-31,2022-07-29
SH600783,机械设备,通用设备,磨具磨料,2022-07-29,
SH600784,综合,综合,综合,2020-12-31,2025-08-29
SH600784,基础化工,化学原料,无机盐,2025-08-29,
SH600785,商贸零售,一般零售,多业态零售,2020-12-31,
SH600787,交通运输,物流,物流,2020-12-31,2021-12-31
SH600787,交通运输,物流,仓储物流,2021-12-31,
SH600789,医药生物,化学制药,化学制剂,2020-12-31,
SH600790,商贸零售,商业物业经营,专业市场,2020-12-31,2021-12-31
SH600790,商贸零售,一般零售,商业物业经营,2021-12-31,
SH600791,房地产,房地产开发,住宅开发,2020-12-31,
SH600792,煤炭,煤炭开采,焦炭加工,2020-12-31,2021-12-31
SH600792,煤炭,焦炭,焦炭,2021-12-31,
SH600793,轻工制造,造纸,造纸,2020-12-31,2021-12-31
SH600793,轻工制造,造纸,特种纸,2021-12-31,
SH600794,交通运输,物流,物流,2020-12-31,2021-12-31
SH600794,交通运输,物流,仓储物流,2021-12-31,
SH600795,公用事业,电力,火力发电,2020-12-31,
SH600796,医药生物,生物制品,生物制品,2020-12-31,2021-12-31
SH600796,基础化工,农化制品,农药,2021-12-31,2022-07-29
SH600796,环保,环境治理,水务及水治理,2022-07-29,
SH600797,计算机,计算机应用,IT服务,2020-12-31,2021-12-31
SH600797,计算机,IT服务,IT服务,2021-12-31,
SH600798,交通运输,航运,航运,2020-12-31,2021-12-31
SH600798,交通运输,航运港口,航运,2021-12-31,
SH600800,计算机,计算机设备,计算机设备,2020-12-31,2021-12-31
SH600800,石油石化,炼化及贸易,其他石化,2021-12-31,
SH600801,建筑材料,水泥,水泥制造,2020-12-31,
SH600802,建筑材料,水泥,水泥制造,2020-12-31,
SH600803,公用事业,燃气,燃气,2020-12-31,
SH600804,通信,通信设备,通信配套服务,2020-12-31,2021-12-31
SH600804,通信,通信服务,电信运营商,2021-12-31,2025-07-31
SH600805,综合,综合,综合,2020-12-31,
SH600807,房地产,房地产开发,住宅开发,2020-12-31,2022-07-29
SH600807,有色金属,贵金属,黄金,2022-07-29,2024-07-31
SH600807,医药生物,医疗器械,体外诊断,2024-07-31,2026-07-31
SH600807,综合,综合,综合,2026-07-31,
SH600808,钢铁,钢铁,普钢,2020-12-31,2021-12-31
SH600808,钢铁,普钢,板材,2021-12-31,
SH600809,食品饮料,饮料制造,白酒,2020-12-31,2021-12-31
SH600809,食品饮料,白酒,白酒,2021-12-31,
SH600810,基础化工,化学纤维,其他化学纤维,2020-12-31,2021-12-31
SH600810,基础化工,化学纤维,锦纶,2021-12-31,
SH600811,综合,综合,综合,2020-12-31,2022-07-29
SH600811,商贸零售,贸易,贸易,2022-07-29,2025-04-30
SH600812,医药生物,化学制药,化学制剂,2020-12-31,
SH600814,商贸零售,一般零售,百货,2020-12-31,
SH600815,机械设备,专用设备,工程机械,2020-12-31,2021-12-31
SH600815,机械设备,工程机械,工程机械整机,2021-12-31,
SH600816,非银金融,多元金融,多元金融,2020-12-31,2021-12-31
SH600816,非银金融,多元金融,信托,2021-12-31,
SH600817,综合,综合,综合,2020-12-31,2021-12-31
SH600817,机械设备,工程机械,工程机械整机,2021-12-31,2022-07-29
SH600817,环保,环保设备,环保设备,2022-07-29,
SH600818,综合,综合,综合,2020-12-31,2021-12-31
SH600818,汽车,摩托车及其他,摩托车,2021-12-31,2022-07-29
SH600818,汽车,摩托车及其他,其他运输设备,2022-07-29,
SH600819,建筑材料,玻璃玻纤,玻璃制造,2020-12-31,
SH600820,建筑装饰,基础建设,城轨建设,2020-12-31,2021-12-31
SH600820,建筑装饰,基础建设,基建市政工程,2021-12-31,
SH600821,商贸零售,一般零售,百货,2020-12-31,2022-07-29
SH600821,公用事业,电力,光伏发电,2022-07-29,
SH600822,商贸零售,贸易,贸易,2020-12-31,2021-12-31
SH600822,汽车,汽车服务,汽车经销商,2021-12-31,
SH600823,房地产,房地产开发,住宅开发,2020-12-31,2024-06-28
SH600824,纺织服饰,服装家纺,其他服装,2020-12-31,2021-12-31
SH600824,商贸零售,一般零售,多业态零售,2021-12-31,
SH600825,传媒,文化传媒,平面媒体,2020-12-31,2021-12-31
SH600825,传媒,出版,大众出版,2021-12-31,
SH600826,商贸零售,贸易,贸易,2020-12-31,2021-12-31
SH600826,社会服务,专业服务,会展服务,2021-12-31,
SH600827,商贸零售,一般零售,多业态零售,2020-12-31,
SH600828,商贸零售,一般零售,百货,2020-12-31,
SH600829,医药生物,医药商业,医药商业,2020-12-31,2021-12-31
SH600829,医药生物,医药商业,医药流通,2021-12-31,
SH600830,非银金融,多元金融,多元金融,2020-12-31,2021-12-31
SH600830,非银金融,多元金融,金融控股,2021-12-31,
SH600831,传媒,文化传媒,有线电视网络,2020-12-31,2021-12-31
SH600831,传媒,电视广播,电视广播,2021-12-31,
SH600833,医药生物,医药商业,医药商业,2020-12-31,2021-12-31
SH600833,医药生物,医药商业,线下药店,2021-12-31,
SH600834,交通运输,公交,公交,2020-12-31,2021-12-31
SH600834,交通运输,铁路公路,公交,2021-12-31,
SH600835,机械设备,专用设备,楼宇设备,2020-12-31,
SH600836,轻工制造,包装印刷,包装印刷,2020-12-31,2021-12-31
SH600836,轻工制造,包装印刷,印刷,2021-12-31,2024-07-31
SH600837,非银金融,证券,证券,2020-12-31,2025-03-31
SH600838,商贸零售,一般零售,多业态零售,2020-12-31,
SH600839,家用电器,黑色家电,彩电,2020-12-31,
SH600841,机械设备,通用设备,内燃机,2020-12-31,2021-12-31
SH600841,汽车,汽车零部件,底盘与发动机系统,2021-12-31,2022-07-29
SH600841,汽车,商用车,商用载货车,2022-07-29,2023-07-31
SH600841,汽车,汽车零部件,底盘与发动机系统,2023-07-31,
SH600843,机械设备,专用设备,纺织服装设备,2020-12-31,
SH600844,基础化工,化学制品,其他化学制品,2020-12-31,2021-12-31
SH600844,基础化工,化学原料,煤化工,2021-12-31,
SH600845,计算机,计算机应用,IT服务,2020-12-31,2021-12-31
SH600845,计算机,IT服务,IT服务,2021-12-31,
SH600846,建筑装饰,房屋建设,房屋建设,2020-12-31,2021-12-31
SH600846,房地产,房地产开发,住宅开发,2021-12-31,2023-07-31
SH600846,建筑装饰,工程咨询服务,工程咨询服务,2023-07-31,
SH600847,电力设备,其他电源设备,储能设备,2020-12-31,2021-12-31
SH600847,电力设备,电池,蓄电池及其他电池,2021-12-31,
SH600848,房地产,园区开发,园区开发,2020-12-31,2021-12-31
SH600848,房地产,房地产开发,产业地产,2021-12-31,
SH600850,计算机,计算机应用,IT服务,2020-12-31,2021-12-31
SH600850,计算机,IT服务,IT服务,2021-12-31,
SH600851,医药生物,化学制药,化学制剂,2020-12-31,
SH600853,建筑装饰,基础建设,路桥施工,2020-12-31,2021-12-31
SH600853,建筑装饰,基础建设,基建市政工程,2021-12-31,
SH600854,家用电器,白色家电,空调,2020-12-31,2023-07-31
SH600854,房地产,房地产开发,住宅开发,2023-07-31,2026-07-31
SH600854,家用电器,白色家电,空调,2026-07-31,
SH600855,计算机,计算机设备,计算机设备,2020-12-31,2021-12-31
SH600855,计算机,计算机设备,其他计算机设备,2021-12-31,2024-07-31
SH600855,国防军工,军工电子,军工电子,2024-07-31,
SH600856,公用事业,燃气,燃气,2020-12-31,2021-12-31
SH600856,石油石化,油气开采,油气开采,2021-12-31,2022-06-30
SH600857,商贸零售,一般零售,百货,2020-12-31,
SH600858,商贸零售,一般零售,多业态零售,2020-12-31,
SH600859,商贸零售,一般零售,百货,2020-12-31,
SH600860,机械设备,金属制品,金属制品,2020-12-31,2021-12-31
SH600860,机械设备,通用设备,金属制品,2021-12-31,
SH600861,商贸零售,一般零售,多业态零售,2020-12-31,2024-07-31
SH600861,社会服务,专业服务,人力资源服务,2024-07-31,
SH600862,国防军工,航空装备,航空装备,2020-12-31,
SH600863,公用事业,电力,火力发电,2020-12-31,
SH600864,非银金融,证券,证券,2020-12-31,
SH600865,商贸零售,一般零售,百货,2020-12-31,
SH600866,食品饮料,食品加工,调味发酵品,2020-12-31,2021-12-31
SH600866,基础化工,化学制品,食品及饲料添加剂,2021-12-31,
SH600867,医药生物,生物制品,生物制品,2020-12-31,2021-12-31
SH600867,医药生物,生物制品,其他生物制品,2021-12-31,
SH600868,公用事业,电力,水力发电,2020-12-31,2022-07-29
SH600868,建筑装饰,工程咨询服务,工程咨询服务,2022-07-29,2024-07-31
SH600868,公用事业,电力,水力发电,2024-07-31,
SH600869,电力设备,高低压设备,线缆部件及其他,2020-12-31,2021-12-31
SH600869,电力设备,电网设备,线缆部件及其他,2021-12-31,
SH600870,商贸零售,贸易,贸易,2020-12-31,2022-06-30
SH600870,,,,2022-06-30,2022-07-29
SH600871,煤炭,采掘服务,油气钻采服务,2020-12-31,2021-12-31
SH600871,石油石化,油服工程,油田服务,2021-12-31,
SH600872,食品饮料,食品加工,调味发酵品,2020-12-31,2021-12-31
SH600872,食品饮料,调味发酵品,调味发酵品,2021-12-31,
SH600873,农林牧渔,农产品加工,其他农产品加工,2020-12-31,2021-12-31
SH600873,食品饮料,调味发酵品,调味发酵品,2021-12-31,2022-07-29
SH600873,基础化工,化学制品,食品及饲料添加剂,2022-07-29,
SH600874,公用事业,水务,水务,2020-12-31,2021-12-31
SH600874,环保,环境治理,水务及水治理,2021-12-31,
SH600875,电力设备,其他电源设备,综合电力设备商,2020-12-31,
SH600876,建筑材料,玻璃玻纤,玻璃制造,2020-12-31,
SH600877,汽车,摩托车及其他,其他运输设备,2020-12-31,2021-12-31
SH600877,电力设备,电池,锂电池,2021-12-31,2022-07-29
SH600877,电子,半导体,模拟芯片设计,2022-07-29,
SH600879,国防军工,航天装备,航天装备,2020-12-31,
SH600880,传媒,文化传媒,平面媒体,2020-12-31,2021-12-31
SH600880,社会服务,教育,学历教育,2021-12-31,2022-07-29
SH600880,社会服务,教育,教育运营及其他,2022-07-29,
SH600881,建筑材料,水泥,水泥制造,2020-12-31,2021-12-31
SH600881,综合,综合,综合,2021-12-31,
SH600882,食品饮料,食品加工,乳品,2020-12-31,2021-12-31
SH600882,食品饮料,饮料乳品,乳品,2021-12-31,
SH600883,建筑材料,水泥,水泥制造,2020-12-31,2022-07-29
SH600883,农林牧渔,种植业,食用菌,2022-07-29,
SH600884,电子,其他电子,其他电子,2020-12-31,2021-12-31
SH600884,电力设备,电池,电池化学品,2021-12-31,
SH600885,电力设备,高低压设备,低压设备,2020-12-31,2021-12-31
SH600885,电力设备,电网设备,电网自动化设备,2021-12-31,
SH600886,公用事业,电力,水力发电,2020-12-31,
SH600887,食品饮料,食品加工,乳品,2020-12-31,2021-12-31
SH600887,食品饮料,饮料乳品,乳品,2021-12-31,
SH600888,有色金属,工业金属,铝,2020-12-31,
SH600889,基础化工,化学纤维,粘胶,2020-12-31,2026-07-31
SH600889,机械设备,通用设备,金属制品,2026-07-31,
SH600890,房地产,房地产开发,住宅开发,2020-12-31,2021-12-31
SH600890,房地产,房地产开发,商业地产,2021-12-31,2022-06-30
SH600891,轻工制造,家居用品,珠宝首饰,2020-12-31,2021-05-31
SH600892,传媒,互联网传媒,移动互联网服务,2020-12-31,2021-12-31
SH600892,传媒,游戏,游戏,2021-12-31,
SH600893,国防军工,航空装备,航空装备,2020-12-31,
SH600894,机械设备,专用设备,楼宇设备,2020-12-31,
SH600895,房地产,园区开发,园区开发,2020-12-31,2021-12-31
SH600895,房地产,房地产开发,产业地产,2021-12-31,
SH600896,医药生物,医疗服务,医疗服务,2020-12-31,2021-12-31
SH600896,医药生物,医疗服务,医院,2021-12-31,2022-07-29
SH600897,交通运输,机场,机场,2020-12-31,2021-12-31
SH600897,交通运输,航空机场,机场,2021-12-31,
SH600898,商贸零售,专业连锁,专业连锁,2020-12-31,2021-12-31
SH600898,电子,消费电子,消费电子零部件及组装,2021-12-31,2025-02-28
SH600900,公用事业,电力,水力发电,2020-12-31,
SH600901,非银金融,多元金融,多元金融,2020-12-31,2021-12-31
SH600901,非银金融,多元金融,租赁,2021-12-31,
SH600903,公用事业,燃气,燃气,2020-12-31,
SH600905,公用事业,电力,新能源发电,2021-06-30,2021-12-31
SH600905,公用事业,电力,风力发电,2021-12-31,
SH600906,非银金融,证券,证券,2021-05-31,
SH600908,银行,银行,银行,2020-12-31,2021-12-31
SH600908,银行,农商行,农商行,2021-12-31,
SH600909,非银金融,证券,证券,2020-12-31,
SH600916,轻工制造,家居用品,珠宝首饰,2021-02-26,2021-12-31
SH600916,纺织服饰,饰品,钟表珠宝,2021-12-31,
SH600917,公用事业,燃气,燃气,2020-12-31,
SH600918,非银金融,证券,证券,2020-12-31,
SH600919,银行,银行,银行,2020-12-31,2021-12-31
SH600919,银行,城商行,城商行,2021-12-31,
SH600925,煤炭,煤炭开采,动力煤,2023-03-31,
SH600926,银行,银行,银行,2020-12-31,2021-12-31
SH600926,银行,城商行,城商行,2021-12-31,
SH600927,非银金融,多元金融,期货,2021-12-31,
SH600928,银行,银行,银行,2020-12-31,2021-12-31
SH600928,银行,城商行,城商行,2021-12-31,
SH600929,基础化工,化学原料,氯碱,2020-12-31,2021-12-31
SH600929,基础化工,化学原料,无机盐,2021-12-31,
SH600930,公用事业,电力,风力发电,2025-07-31,
SH600933,汽车,汽车零部件,汽车零部件,2020-12-31,2021-12-31
SH600933,汽车,汽车零部件,底盘与发动机系统,2021-12-31,
SH600935,基础化工,化学原料,氯碱,2021-11-30,
SH600936,传媒,文化传媒,有线电视网络,2020-12-31,2021-12-31
SH600936,传媒,电视广播,电视广播,2021-12-31,
SH600938,石油石化,油气开采,油气开采,2022-04-29,
SH600939,建筑装饰,房屋建设,房屋建设,2020-12-31,
SH600941,通信,通信服务,电信运营商,2022-01-28,
SH600955,基础化工,化学原料,其他化学原料,2021-09-30,
SH600956,公用事业,燃气,燃气,2020-12-31,2021-12-31
SH600956,公用事业,电力,风力发电,2021-12-31,
SH600958,非银金融,证券,证券,2020-12-31,
SH600959,传媒,文化传媒,有线电视网络,2020-12-31,2021-12-31
SH600959,传媒,电视广播,电视广播,2021-12-31,
SH600960,汽车,汽车零部件,汽车零部件,2020-12-31,2021-12-31
SH600960,汽车,汽车零部件,底盘与发动机系统,2021-12-31,
SH600961,有色金属,工业金属,铅锌,2020-12-31,
SH600962,农林牧渔,农产品加工,果蔬加工,2020-12-31,
SH600963,轻工制造,造纸,造纸,2020-12-31,2021-12-31
SH600963,轻工制造,造纸,大宗用纸,2021-12-31,
SH600965,社会服务,其他休闲服务,其他休闲服务,2020-12-31,2021-12-31
SH600965,农林牧渔,养殖业,其他养殖,2021-12-31,
SH600966,轻工制造,造纸,造纸,2020-12-31,2021-12-31
SH600966,轻工制造,造纸,大宗用纸,2021-12-31,
SH600967,国防军工,地面兵装,地面兵装,2020-12-31,
SH600968,煤炭,采掘服务,油气钻采服务,2020-12-31,2021-12-31
SH600968,石油石化,油服工程,油田服务,2021-12-31,
SH600969,公用事业,电力,水力发电,2020-12-31,2021-12-31
SH600969,公用事业,电力,电能综合服务,2021-12-31,
SH600970,建筑装饰,专业工程,国际工程,2020-12-31,
SH600971,煤炭,煤炭开采,煤炭开采,2020-12-31,2021-12-31
SH600971,煤炭,煤炭开采,动力煤,2021-12-31,
SH600973,电力设备,高低压设备,线缆部件及其他,2020-12-31,2021-12-31
SH600973,电力设备,电网设备,线缆部件及其他,2021-12-31,
SH600975,农林牧渔,养殖业,畜禽养殖,2020-12-31,2021-12-31
SH600975,农林牧渔,养殖业,生猪养殖,2021-12-31,
SH600976,医药生物,中药,中药,2020-12-31,
SH600977,传媒,文化传媒,影视动漫,2020-12-31,2021-12-31
SH600977,传媒,影视院线,影视动漫制作,2021-12-31,
SH600978,轻工制造,家居用品,家具,2020-12-31,2021-03-31
SH600979,公用事业,电力,水力发电,2020-12-31,2021-12-31
SH600979,公用事业,电力,电能综合服务,2021-12-31,
SH600980,有色金属,金属新材料,磁性材料,2020-12-31,2024-07-31
SH600980,机械设备,专用设备,能源及重型设备,2024-07-31,
SH600981,商贸零售,贸易,贸易,2020-12-31,
SH600982,公用事业,电力,热力服务,2020-12-31,
SH600983,家用电器,白色家电,洗衣机,2020-12-31,2021-12-31
SH600983,家用电器,白色家电,冰洗,2021-12-31,
SH600984,机械设备,专用设备,工程机械,2020-12-31,2021-12-31
SH600984,机械设备,工程机械,工程机械整机,2021-12-31,
SH600985,煤炭,煤炭开采,煤炭开采,2020-12-31,2021-12-31
SH600985,煤炭,煤炭开采,焦煤,2021-12-31,
SH600986,传媒,营销传播,营销服务,2020-12-31,2021-12-31
SH600986,传媒,广告营销,营销代理,2021-12-31,
SH600987,纺织服饰,纺织制造,印染,2020-12-31,
SH600988,有色金属,贵金属,黄金,2020-12-31,
SH600989,基础化工,化学原料,其他化学原料,2020-12-31,2021-12-31
SH600989,基础化工,化学原料,煤化工,2021-12-31,
SH600990,国防军工,地面兵装,地面兵装,2020-12-31,2021-12-31
SH600990,国防军工,军工电子,军工电子,2021-12-31,
SH600992,机械设备,金属制品,金属制品,2020-12-31,2021-12-31
SH600992,机械设备,通用设备,金属制品,2021-12-31,
SH600993,医药生物,中药,中药,2020-12-31,
SH600995,公用事业,电力,水力发电,2020-12-31,2021-12-31
SH600995,公用事业,电力,电能综合服务,2021-12-31,
SH600996,传媒,文化传媒,有线电视网络,2020-12-31,2021-12-31
SH600996,传媒,电视广播,电视广播,2021-12-31,
SH600997,煤炭,煤炭开采,煤炭开采,2020-12-31,2021-12-31
SH600997,煤炭,焦炭,焦炭,2021-12-31,2023-07-31
SH600997,煤炭,煤炭开采,焦煤,2023-07-31,
SH600998,医药生物,医药商业,医药商业,2020-12-31,2021-12-31
SH600998,医药生物,医药商业,医药流通,2021-12-31,
SH600999,非银金融,证券,证券,2020-12-31,
SH601000,交通运输,港口,港口,2020-12-31,2021-12-31
SH601000,交通运输,航运港口,港口,2021-12-31,
SH601001,煤炭,煤炭开采,煤炭开采,2020-12-31,2021-12-31
SH601001,煤炭,煤炭开采,动力煤,2021-12-31,
SH601002,机械设备,通用设备,机械基础件,2020-12-31,2021-12-31
SH601002,机械设备,通用设备,金属制品,2021-12-31,
SH601003,钢铁,钢铁,普钢,2020-12-31,2021-12-31
SH601003,钢铁,普钢,板材,2021-12-31,
SH601005,钢铁,钢铁,普钢,2020-12-31,2021-12-31
SH601005,钢铁,普钢,板材,2021-12-31,
SH601006,交通运输,铁路运输,铁路运输,2020-12-31,2021-12-31
SH601006,交通运输,铁路公路,铁路运输,2021-12-31,
SH601007,社会服务,酒店,酒店,2020-12-31,2021-12-31
SH601007,社会服务,酒店餐饮,酒店,2021-12-31,
SH601008,交通运输,港口,港口,2020-12-31,2021-12-31
SH601008,交通运输,航运港口,港口,2021-12-31,
SH601009,银行,银行,银行,2020-12-31,2021-12-31
SH601009,银行,城商行,城商行,2021-12-31,
SH601010,商贸零售,一般零售,百货,2020-12-31,2021-12-31
SH601010,商贸零售,一般零售,多业态零售,2021-12-31,
SH601011,煤炭,煤炭开采,焦炭加工,2020-12-31,2021-12-31
SH601011,煤炭,焦炭,焦炭,2021-12-31,
SH601012,电力设备,其他电源设备,光伏设备,2020-12-31,2021-12-31
SH601012,电力设备,光伏设备,硅料硅片,2021-12-31,2022-07-29
SH601012,电力设备,光伏设备,光伏电池组件,2022-07-29,
SH601015,煤炭,煤炭开采,焦炭加工,2020-12-31,2021-12-31
SH601015,煤炭,焦炭,焦炭,2021-12-31,
SH601016,公用事业,电力,新能源发电,2020-12-31,2021-12-31
SH601016,公用事业,电力,风力发电,2021-12-31,
SH601018,交通运输,港口,港口,2020-12-31,2021-12-31
SH601018,交通运输,航运港口,港口,2021-12-31,
SH601019,传媒,文化传媒,平面媒体,2020-12-31,2021-12-31
SH601019,传媒,出版,教育出版,2021-12-31,
SH601020,有色金属,工业金属,铅锌,2020-12-31,2021-12-31
SH601020,有色金属,贵金属,黄金,2021-12-31,2022-07-29
SH601020,有色金属,工业金属,铅锌,2022-07-29,
SH601021,交通运输,航空运输,航空运输,2020-12-31,2021-12-31
SH601021,交通运输,航空机场,航空运输,2021-12-31,
SH601022,交通运输,航运港口,航运,2022-12-30,
SH601026,基础化工,塑料,合成树脂,2025-10-31,
SH601028,机械设备,金属制品,金属制品,2020-12-31,2021-12-31
SH601028,商贸零售,贸易,贸易,2021-12-31,2024-07-31
SH601028,有色金属,贵金属,黄金,2024-07-31,2025-05-30
SH601033,环保,环境治理,固废治理,2024-01-31,
SH601038,机械设备,专用设备,农用机械,2020-12-31,
SH601058,基础化工,橡胶,轮胎,2020-12-31,2021-12-31
SH601058,汽车,汽车零部件,轮胎轮毂,2021-12-31,
SH601059,非银金融,证券,证券,2023-02-28,
SH601061,商贸零售,贸易,贸易,2023-04-28,
SH601065,基础化工,化学原料,纯碱,2023-04-28,
SH601066,非银金融,证券,证券,2020-12-31,
SH601068,建筑装饰,专业工程,其他专业工程,2020-12-31,
SH601069,有色金属,贵金属,黄金,2020-12-31,
SH601077,银行,银行,银行,2020-12-31,2021-12-31
SH601077,银行,农商行,农商行,2021-12-31,
SH601083,交通运输,航运港口,航运,2023-12-29,
SH601086,商贸零售,一般零售,百货,2020-12-31,
SH601088,煤炭,煤炭开采,煤炭开采,2020-12-31,2021-12-31
SH601088,煤炭,煤炭开采,动力煤,2021-12-31,
SH601089,医药生物,化学制药,化学制剂,2022-06-30,
SH601091,机械设备,专用设备,能源及重型设备,2026-09-30,
SH601096,建筑装饰,专业工程,钢结构,2023-12-29,
SH601098,传媒,文化传媒,平面媒体,2020-12-31,2021-12-31
SH601098,传媒,出版,教育出版,2021-12-31,
SH601099,非银金融,证券,证券,2020-12-31,
SH601100,机械设备,通用设备,机械基础件,2020-12-31,2021-12-31
SH601100,机械设备,工程机械,工程机械器件,2021-12-31,
SH601101,煤炭,煤炭开采,煤炭开采,2020-12-31,2021-12-31
SH601101,煤炭,煤炭开采,动力煤,2021-12-31,
SH601106,机械设备,专用设备,能源及重型设备,2020-12-31,
SH601107,交通运输,高速公路,高速公路,2020-12-31,2021-12-31
SH601107,交通运输,铁路公路,高速公路,2021-12-31,
SH601108,非银金融,证券,证券,2020-12-31,
SH601111,交通运输,航空运输,航空运输,2020-12-31,2021-12-31
SH601111,交通运输,航空机场,航空运输,2021-12-31,
SH601112,建筑材料,玻璃玻纤,玻纤制造,2026-01-30,
SH601113,商贸零售,一般零售,多业态零售,2020-12-31,2021-12-31
SH601113,商贸零售,互联网电商,跨境电商,2021-12-31,2025-08-29
SH601113,基础化工,化学纤维,锦纶,2025-08-29,
SH601116,商贸零售,一般零售,超市,2020-12-31,
SH601117,建筑装饰,专业工程,化学工程,2020-12-31,
SH601118,农林牧渔,种植业,其他种植业,2020-12-31,
SH601121,钢铁,冶钢原料,铁矿石,2023-03-31,
SH601123,钢铁,冶钢原料,铁矿石,2026-09-30,
SH601126,电力设备,电气自动化设备,电网自动化设备,2020-12-31,2021-12-31
SH601126,电力设备,电网设备,电网自动化设备,2021-12-31,
SH601127,汽车,汽车整车,乘用车,2020-12-31,2021-12-31
SH601127,汽车,乘用车,综合乘用车,2021-12-31,2024-07-31
SH601127,汽车,乘用车,电动乘用车,2024-07-31,
SH601128,银行,银行,银行,2020-12-31,2021-12-31
SH601128,银行,农商行,农商行,2021-12-31,
SH601133,建筑装饰,专业工程,其他专业工程,2023-04-28,
SH601136,非银金融,证券,证券,2022-12-30,
SH601137,有色金属,工业金属,铜,2020-12-31,2021-12-31
SH601137,有色金属,金属新材料,其他金属新材料,2021-12-31,
SH601138,电子,消费电子,电子系统组装,2020-12-31,2021-12-31
SH601138,电子,消费电子,消费电子零部件及组装,2021-12-31,
SH601139,公用事业,燃气,燃气,2020-12-31,
SH601155,房地产,房地产开发,住宅开发,2020-12-31,2021-12-31
SH601155,房地产,房地产开发,商业地产,2021-12-31,
SH601156,交通运输,物流,物流,2021-06-30,2021-12-31
SH601156,交通运输,物流,跨境物流,2021-12-31,
SH601158,公用事业,水务,水务,2020-12-31,2021-12-31
SH601158,环保,环境治理,水务及水治理,2021-12-31,
SH601162,非银金融,证券,证券,2020-12-31,
SH601163,基础化工,橡胶,轮胎,2020-12-31,2021-12-31
SH601163,汽车,汽车零部件,轮胎轮毂,2021-12-31,
SH601166,银行,银行,银行,2020-12-31,2021-12-31
SH601166,银行,股份制银行,股份制银行,2021-12-31,
SH601168,有色金属,工业金属,铅锌,2020-12-31,2021-12-31
SH601168,有色金属,工业金属,铜,2021-12-31,
SH601169,银行,银行,银行,2020-12-31,2021-12-31
SH601169,银行,城商行,城商行,2021-12-31,
SH601177,机械设备,通用设备,机械基础件,2020-12-31,2021-12-31
SH601177,机械设备,通用设备,金属制品,2021-12-31,
SH601179,电力设备,高低压设备,高压设备,2020-12-31,2021-12-31
SH601179,电力设备,电网设备,输变电设备,2021-12-31,
SH601186,建筑装饰,基础建设,铁路建设,2020-12-31,2021-12-31
SH601186,建筑装饰,基础建设,基建市政工程,2021-12-31,
SH601187,银行,银行,银行,2020-12-31,2021-12-31
SH601187,银行,城商行,城商行,2021-12-31,
SH601188,交通运输,高速公路,高速公路,2020-12-31,2021-12-31
SH601188,交通运输,铁路公路,高速公路,2021-12-31,
SH601198,非银金融,证券,证券,2020-12-31,
SH601199,公用事业,水务,水务,2020-12-31,2021-12-31
SH601199,环保,环境治理,水务及水治理,2021-12-31,
SH601200,公用事业,环保工程及服务,环保工程及服务,2020-12-31,2021-12-31
SH601200,环保,环境治理,固废治理,2021-12-31,
SH601208,基础化工,塑料,其他塑料制品,2020-12-31,2021-12-31
SH601208,基础化工,塑料,膜材料,2021-12-31,
SH601211,非银金融,证券,证券,2020-12-31,
SH601212,有色金属,工业金属,铜,2020-12-31,2021-12-31
SH601212,有色金属,贵金属,白银,2021-12-31,2023-07-31
SH601212,有色金属,工业金属,铜,2023-07-31,
SH601216,基础化工,化学原料,氯碱,2020-12-31,
SH601218,电力设备,其他电源设备,风电设备,2020-12-31,2021-12-31
SH601218,电力设备,风电设备,风电零部件,2021-12-31,
SH601222,电力设备,电气自动化设备,电工仪器仪表,2020-12-31,2021-12-31
SH601222,公用事业,电力,光伏发电,2021-12-31,2026-07-31
SH601222,电力设备,电网设备,电工仪器仪表,2026-07-31,
SH601225,煤炭,煤炭开采,煤炭开采,2020-12-31,2021-12-31
SH601225,煤炭,煤炭开采,动力煤,2021-12-31,
SH601226,建筑装饰,专业工程,其他专业工程,2020-12-31,
SH601228,交通运输,港口,港口,2020-12-31,2021-12-31
SH601228,交通运输,航运港口,港口,2021-12-31,
SH601229,银行,银行,银行,2020-12-31,2021-12-31
SH601229,银行,城商行,城商行,2021-12-31,
SH601231,电子,消费电子,电子零部件制造,2020-12-31,2021-12-31
SH601231,电子,消费电子,消费电子零部件及组装,2021-12-31,
SH601233,基础化工,化学纤维,涤纶,2020-12-31,2021-12-31
SH601233,石油石化,炼化及贸易,其他石化,2021-12-31,
SH601236,非银金融,证券,证券,2020-12-31,
SH601238,汽车,汽车整车,乘用车,2020-12-31,2021-12-31
SH601238,汽车,乘用车,综合乘用车,2021-12-31,
SH601258,汽车,汽车服务,汽车服务,2020-12-31,2021-12-31
SH601258,汽车,汽车服务,汽车经销商,2021-12-31,2023-06-30
SH601279,汽车,汽车零部件,汽车零部件,2021-04-30,2021-12-31
SH601279,汽车,汽车零部件,其他汽车零部件,2021-12-31,
SH601288,银行,银行,银行,2020-12-31,2021-12-31
SH601288,银行,国有大型银行,国有大型银行,2021-12-31,
SH601298,交通运输,港口,港口,2020-12-31,2021-12-31
SH601298,交通运输,航运港口,港口,2021-12-31,
SH601311,汽车,汽车零部件,汽车零部件,2020-12-31,2021-12-31
SH601311,电力设备,电池,蓄电池及其他电池,2021-12-31,
SH601318,非银金融,保险,保险,2020-12-31,
SH601319,非银金融,保险,保险,2020-12-31,
SH601326,交通运输,港口,港口,2020-12-31,2021-12-31
SH601326,交通运输,航运港口,港口,2021-12-31,
SH601328,银行,银行,银行,2020-12-31,2021-12-31
SH601328,银行,国有大型银行,国有大型银行,2021-12-31,
SH601330,公用事业,环保工程及服务,环保工程及服务,2020-12-31,2021-12-31
SH601330,环保,环境治理,固废治理,2021-12-31,
SH601333,交通运输,铁路运输,铁路运输,2020-12-31,2021-12-31
SH601333,交通运输,铁路公路,铁路运输,2021-12-31,
SH601336,非银金融,保险,保险,2020-12-31,
SH601339,纺织服饰,纺织制造,棉纺,2020-12-31,
SH601360,计算机,计算机应用,软件开发,2020-12-31,2021-12-31
SH601360,计算机,软件开发,横向通用软件,2021-12-31,
SH601366,商贸零售,一般零售,多业态零售,2020-12-31,
SH601368,公用事业,水务,水务,2020-12-31,2021-12-31
SH601368,环保,环境治理,水务及水治理,2021-12-31,
SH601369,机械设备,通用设备,其他通用设备,2020-12-31,2024-07-31
SH601369,机械设备,专用设备,能源及重型设备,2024-07-31,
SH601375,非银金融,证券,证券,2020-12-31,
SH601377,非银金融,证券,证券,2020-12-31,
SH601388,有色金属,工业金属,铝,2020-12-31,
SH601390,建筑装饰,基础建设,铁路建设,2020-12-31,2021-12-31
SH601390,建筑装饰,基础建设,基建市政工程,2021-12-31,
SH601398,银行,银行,银行,2020-12-31,2021-12-31
SH601398,银行,国有大型银行,国有大型银行,2021-12-31,
SH601399,机械设备,专用设备,重型机械,2020-12-31,2021-12-31
SH601399,机械设备,专用设备,能源及重型设备,2021-12-31,
SH601456,非银金融,证券,证券,2020-12-31,
SH601500,基础化工,橡胶,轮胎,2020-12-31,2021-12-31
SH601500,汽车,汽车零部件,轮胎轮毂,2021-12-31,
SH601512,房地产,园区开发,园区开发,2020-12-31,2021-12-31
SH601512,房地产,房地产开发,产业地产,2021-12-31,
SH601515,轻工制造,包装印刷,包装印刷,2020-12-31,2021-12-31
SH601515,轻工制造,包装印刷,纸包装,2021-12-31,
SH601518,交通运输,高速公路,高速公路,2020-12-31,2021-12-31
SH601518,交通运输,铁路公路,高速公路,2021-12-31,
SH601519,计算机,计算机应用,软件开发,2020-12-31,2021-12-31
SH601519,计算机,软件开发,垂直应用软件,2021-12-31,
SH601528,银行,银行,银行,2021-06-30,2021-12-31
SH601528,银行,农商行,农商行,2021-12-31,
SH601555,非银金融,证券,证券,2020-12-31,
SH601566,纺织服饰,服装家纺,男装,2020-12-31,2021-12-31
SH601566,纺织服饰,服装家纺,非运动服装,2021-12-31,
SH601567,电力设备,电气自动化设备,电工仪器仪表,2020-12-31,2021-12-31
SH601567,电力设备,电网设备,电工仪器仪表,2021-12-31,2022-07-29
SH601567,电力设备,电网设备,配电设备,2022-07-29,
SH601568,基础化工,化学原料,氯碱,2020-12-31,
SH601577,银行,银行,银行,2020-12-31,2021-12-31
SH601577,银行,城商行,城商行,2021-12-31,
SH601579,食品饮料,饮料制造,黄酒,2020-12-31,2021-12-31
SH601579,食品饮料,非白酒,其他酒类,2021-12-31,
SH601588,房地产,房地产开发,住宅开发,2020-12-31,
SH601595,传媒,文化传媒,影视动漫,2020-12-31,2021-12-31
SH601595,传媒,影视院线,影视动漫制作,2021-12-31,
SH601598,交通运输,物流,物流,2020-12-31,2021-12-31
SH601598,交通运输,物流,跨境物流,2021-12-31,
SH601599,传媒,文化传媒,影视动漫,2020-12-31,2021-12-31
SH601599,纺织服饰,纺织制造,其他纺织,2021-12-31,
SH601600,有色金属,工业金属,铝,2020-12-31,
SH601601,非银金融,保险,保险,2020-12-31,
SH601606,国防军工,地面兵装,地面兵装,2020-12-31,
SH601607,医药生物,医药商业,医药商业,2020-12-31,2021-12-31
SH601607,医药生物,医药商业,医药流通,2021-12-31,
SH601608,机械设备,专用设备,重型机械,2020-12-31,2021-12-31
SH601608,机械设备,专用设备,能源及重型设备,2021-12-31,
SH601609,有色金属,工业金属,铜,2020-12-31,
SH601611,建筑装饰,基础建设,其他基础建设,2020-12-31,2021-12-31
SH601611,建筑装饰,基础建设,基建市政工程,2021-12-31,
SH601615,电力设备,其他电源设备,风电设备,2020-12-31,2021-12-31
SH601615,电力设备,风电设备,风电整机,2021-12-31,
SH601616,电力设备,高低压设备,中压设备,2020-12-31,2021-12-31
SH601616,电力设备,电网设备,配电设备,2021-12-31,
SH601618,建筑装饰,专业工程,其他专业工程,2020-12-31,
SH601619,公用事业,电力,新能源发电,2020-12-31,2021-12-31
SH601619,公用事业,电力,风力发电,2021-12-31,
SH601628,非银金融,保险,保险,2020-12-31,
SH601633,汽车,汽车整车,乘用车,2020-12-31,2021-12-31
SH601633,汽车,乘用车,综合乘用车,2021-12-31,
SH601636,建筑材料,玻璃玻纤,玻璃制造,2020-12-31,
SH601658,银行,银行,银行,2020-12-31,2021-12-31
SH601658,银行,国有大型银行,国有大型银行,2021-12-31,
SH601665,银行,银行,银行,2021-06-30,2021-12-31
SH601665,银行,城商行,城商行,2021-12-31,
SH601666,煤炭,煤炭开采,煤炭开采,2020-12-31,2021-12-31
SH601666,煤炭,煤炭开采,焦煤,2021-12-31,
SH601668,建筑装饰,房屋建设,房屋建设,2020-12-31,
SH601669,建筑装饰,基础建设,水利工程,2020-12-31,2021-12-31
SH601669,建筑装饰,基础建设,基建市政工程,2021-12-31,
SH601677,有色金属,工业金属,铝,2020-12-31,
SH601678,基础化工,化学原料,氯碱,2020-12-31,
SH601686,钢铁,钢铁,特钢,2020-12-31,2021-12-31
SH601686,钢铁,普钢,钢铁管材,2021-12-31,
SH601688,非银金融,证券,证券,2020-12-31,
SH601689,汽车,汽车零部件,汽车零部件,2020-12-31,2021-12-31
SH601689,汽车,汽车零部件,底盘与发动机系统,2021-12-31,
SH601696,非银金融,证券,证券,2020-12-31,
SH601698,国防军工,航天装备,航天装备,2020-12-31,
SH601699,煤炭,煤炭开采,煤炭开采,2020-12-31,2021-12-31
SH601699,煤炭,煤炭开采,焦煤,2021-12-31,
SH601700,电力设备,高低压设备,线缆部件及其他,2020-12-31,2021-12-31
SH601700,电力设备,电网设备,线缆部件及其他,2021-12-31,
SH601702,有色金属,工业金属,铝,2020-12-31,
SH601717,汽车,汽车零部件,汽车零部件,2020-12-31,2021-12-31
SH601717,机械设备,专用设备,能源及重型设备,2021-12-31,
SH601718,纺织服饰,服装家纺,其他服装,2020-12-31,2021-12-31
SH601718,纺织服饰,服装家纺,非运动服装,2021-12-31,
SH601727,电力设备,其他电源设备,综合电力设备商,2020-12-31,
SH601728,通信,通信服务,通信运营,2021-08-31,2021-12-31
SH601728,通信,通信服务,电信运营商,2021-12-31,
SH601766,机械设备,轨交设备,轨交设备,2020-12-31,
SH601777,汽车,汽车整车,乘用车,2020-12-31,2021-12-31
SH601777,汽车,摩托车及其他,摩托车,2021-12-31,
SH601778,公用事业,电力,新能源发电,2020-12-31,2021-12-31
SH601778,公用事业,电力,光伏发电,2021-12-31,
SH601788,非银金融,证券,证券,2020-12-31,
SH601789,建筑装饰,房屋建设,房屋建设,2020-12-31,
SH601798,机械设备,专用设备,能源及重型设备,2020-12-31,
SH601799,汽车,汽车零部件,汽车零部件,2020-12-31,2021-12-31
SH601799,汽车,汽车零部件,汽车电子电气系统,2021-12-31,2022-07-29
SH601799,汽车,汽车零部件,车身附件及饰件,2022-07-29,
SH601800,建筑装饰,基础建设,路桥施工,2020-12-31,2021-12-31
SH601800,建筑装饰,基础建设,基建市政工程,2021-12-31,
SH601801,传媒,文化传媒,平面媒体,2020-12-31,2021-12-31
SH601801,传媒,出版,大众出版,2021-12-31,
SH601808,煤炭,采掘服务,油气钻采服务,2020-12-31,2021-12-31
SH601808,石油石化,油服工程,油田服务,2021-12-31,
SH601811,传媒,文化传媒,平面媒体,2020-12-31,2021-12-31
SH601811,传媒,出版,教育出版,2021-12-31,
SH601816,交通运输,铁路运输,铁路运输,2020-12-31,2021-12-31
SH601816,交通运输,铁路公路,铁路运输,2021-12-31,
SH601818,银行,银行,银行,2020-12-31,2021-12-31
SH601818,银行,股份制银行,股份制银行,2021-12-31,
SH601825,银行,银行,银行,2021-08-31,2021-12-31
SH601825,银行,农商行,农商行,2021-12-31,
SH601827,公用事业,环保工程及服务,环保工程及服务,2020-12-31,2021-12-31
SH601827,环保,环境治理,固废治理,2021-12-31,
SH601828,商贸零售,商业物业经营,专业市场,2020-12-31,2021-12-31
SH601828,商贸零售,一般零售,商业物业经营,2021-12-31,
SH601838,银行,银行,银行,2020-12-31,2021-12-31
SH601838,银行,城商行,城商行,2021-12-31,
SH601857,煤炭,石油开采,石油开采,2020-12-31,2021-12-31
SH601857,石油石化,炼化及贸易,炼油化工,2021-12-31,
SH601858,传媒,文化传媒,平面媒体,2020-12-31,2021-12-31
SH601858,传媒,出版,大众出版,2021-12-31,
SH601860,银行,银行,银行,2020-12-31,2021-12-31
SH601860,银行,农商行,农商行,2021-12-31,
SH601865,建筑材料,玻璃玻纤,玻璃制造,2020-12-31,2021-12-31
SH601865,电力设备,光伏设备,光伏辅材,2021-12-31,
SH601866,交通运输,航运,航运,2020-12-31,2021-12-31
SH601866,交通运输,航运港口,航运,2021-12-31,
SH601868,建筑装饰,基础建设,其他基础建设,2021-09-30,2021-12-31
SH601868,建筑装饰,基础建设,基建市政工程,2021-12-31,
SH601869,通信,通信设备,通信传输设备,2020-12-31,2021-12-31
SH601869,通信,通信设备,通信线缆及配套,2021-12-31,
SH601872,交通运输,航运,航运,2020-12-31,2021-12-31
SH601872,交通运输,航运港口,航运,2021-12-31,
SH601877,电力设备,高低压设备,低压设备,2020-12-31,2021-12-31
SH601877,电力设备,电网设备,配电设备,2021-12-31,
SH601878,非银金融,证券,证券,2020-12-31,
SH601880,交通运输,港口,港口,2020-12-31,2021-12-31
SH601880,交通运输,航运港口,港口,2021-12-31,
SH601881,非银金融,证券,证券,2020-12-31,
SH601882,机械设备,通用设备,机床工具,2020-12-31,
SH601886,建筑装饰,装修装饰,装修装饰,2020-12-31,
SH601888,社会服务,旅游综合,旅游综合,2020-12-31,2021-12-31
SH601888,商贸零售,旅游零售,旅游零售,2021-12-31,
SH601890,国防军工,航海装备,航海装备,2020-12-31,
SH601898,煤炭,煤炭开采,煤炭开采,2020-12-31,2021-12-31
SH601898,煤炭,煤炭开采,动力煤,2021-12-31,
SH601899,有色金属,贵金属,黄金,2020-12-31,2021-12-31
SH601899,有色金属,工业金属,铜,2021-12-31,
SH601900,传媒,文化传媒,平面媒体,2020-12-31,2021-12-31
SH601900,传媒,出版,教育出版,2021-12-31,
SH601901,非银金融,证券,证券,2020-12-31,
SH601908,电力设备,其他电源设备,光伏设备,2020-12-31,2021-12-31
SH601908,公用事业,电力,光伏发电,2021-12-31,
SH601916,银行,银行,银行,2020-12-31,2021-12-31
SH601916,银行,股份制银行,股份制银行,2021-12-31,
SH601918,煤炭,煤炭开采,煤炭开采,2020-12-31,2021-12-31
SH601918,煤炭,煤炭开采,动力煤,2021-12-31,
SH601919,交通运输,航运,航运,2020-12-31,2021-12-31
SH601919,交通运输,航运港口,航运,2021-12-31,
SH601921,传媒,文化传媒,平面媒体,2021-07-30,2021-12-31
SH601921,传媒,出版,教育出版,2021-12-31,
SH601928,传媒,文化传媒,平面媒体,2020-12-31,2021-12-31
SH601928,传媒,出版,教育出版,2021-12-31,
SH601929,传媒,文化传媒,有线电视网络,2020-12-31,2021-12-31
SH601929,传媒,电视广播,电视广播,2021-12-31,
SH601933,商贸零售,一般零售,超市,2020-12-31,
SH601939,银行,银行,银行,2020-12-31,2021-12-31
SH601939,银行,国有大型银行,国有大型银行,2021-12-31,
SH601949,传媒,文化传媒,平面媒体,2020-12-31,2021-12-31
SH601949,传媒,出版,大众出版,2021-12-31,
SH601952,农林牧渔,种植业,粮食种植,2020-12-31,
SH601956,家用电器,白色家电,冰箱,2020-12-31,2021-12-31
SH601956,家用电器,家电零部件,家电零部件,2021-12-31,
SH601958,有色金属,小金属,其他小金属,2020-12-31,2021-12-31
SH601958,有色金属,小金属,钼,2021-12-31,
SH601963,银行,银行,银行,2021-02-26,2021-12-31
SH601963,银行,城商行,城商行,2021-12-31,
SH601965,汽车,汽车服务,汽车服务,2020-12-31,2021-12-31
SH601965,汽车,汽车服务,汽车综合服务,2021-12-31,
SH601966,基础化工,橡胶,轮胎,2020-12-31,2021-12-31
SH601966,汽车,汽车零部件,轮胎轮毂,2021-12-31,
SH601968,轻工制造,包装印刷,包装印刷,2020-12-31,2021-12-31
SH601968,轻工制造,包装印刷,金属包装,2021-12-31,
SH601969,煤炭,其他采掘,其他采掘,2020-12-31,2021-12-31
SH601969,钢铁,冶钢原料,铁矿石,2021-12-31,
SH601975,交通运输,航运,航运,2020-12-31,2021-12-31
SH601975,交通运输,航运港口,航运,2021-12-31,
SH601985,公用事业,电力,新能源发电,2020-12-31,2021-12-31
SH601985,公用事业,电力,核力发电,2021-12-31,
SH601988,银行,银行,银行,2020-12-31,2021-12-31
SH601988,银行,国有大型银行,国有大型银行,2021-12-31,
SH601989,国防军工,航海装备,航海装备,2020-12-31,2025-09-30
SH601990,非银金融,证券,证券,2020-12-31,
SH601991,公用事业,电力,火力发电,2020-12-31,
SH601992,建筑材料,水泥,水泥制造,2020-12-31,
SH601995,非银金融,证券,证券,2020-12-31,
SH601996,轻工制造,家居用品,家具,2020-12-31,2021-12-31
SH601996,轻工制造,家居用品,瓷砖地板,2021-12-31,2022-07-29
SH601996,轻工制造,家居用品,其他家居用品,2022-07-29,
SH601997,银行,银行,银行,2020-12-31,2021-12-31
SH601997,银行,城商行,城商行,2021-12-31,
SH601998,银行,银行,银行,2020-12-31,2021-12-31
SH601998,银行,股份制银行,股份制银行,2021-12-31,
SH601999,传媒,文化传媒,平面媒体,2020-12-31,2021-12-31
SH601999,传媒,出版,大众出版,2021-12-31,
SH603000,传媒,互联网传媒,互联网信息服务,2020-12-31,2021-12-31
SH603000,传媒,数字媒体,门户网站,2021-12-31,
SH603001,纺织服饰,服装家纺,鞋帽及其他,2020-12-31,
SH603002,基础化工,化学制品,其他化学制品,2020-12-31,2021-12-31
SH603002,电子,电子化学品,电子化学品,2021-12-31,
SH603003,有色金属,工业金属,铜,2020-12-31,2021-12-31
SH603003,计算机,IT服务,IT服务,2021-12-31,2025-07-31
SH603004,基础化工,化学制品,其他化学制品,2023-12-29,
SH603005,电子,半导体,集成电路,2020-12-31,2021-12-31
SH603005,电子,半导体,集成电路封测,2021-12-31,
SH603006,汽车,汽车零部件,汽车零部件,2020-12-31,2021-12-31
SH603006,汽车,汽车零部件,其他汽车零部件,2021-12-31,
SH603007,建筑装饰,园林工程,园林工程,2020-12-31,2021-12-31
SH603007,建筑装饰,基础建设,园林工程,2021-12-31,2026-07-31
SH603007,汽车,汽车零部件,底盘与发动机系统,2026-07-31,
SH603008,轻工制造,家居用品,家具,2020-12-31,2021-12-31
SH603008,轻工制造,家居用品,成品家居,2021-12-31,
SH603009,汽车,汽车零部件,汽车零部件,2020-12-31,2021-12-31
SH603009,汽车,汽车零部件,底盘与发动机系统,2021-12-31,
SH603010,基础化工,化学制品,其他化学制品,2020-12-31,2021-12-31
SH603010,基础化工,塑料,其他塑料制品,2021-12-31,2022-07-29
SH603010,基础化工,化学制品,其他化学制品,2022-07-29,
SH603011,机械设备,专用设备,其他专用设备,2020-12-31,
SH603012,机械设备,专用设备,能源及重型设备,2020-12-31,
SH603013,汽车,汽车零部件,汽车零部件,2020-12-31,2021-12-31
SH603013,汽车,汽车零部件,底盘与发动机系统,2021-12-31,
SH603014,医药生物,医疗器械,医疗耗材,2025-05-30,
SH603015,电力设备,电气自动化设备,工控自动化,2020-12-31,2021-12-31
SH603015,机械设备,自动化设备,工控设备,2021-12-31,
SH603016,电力设备,高低压设备,低压设备,2020-12-31,2021-12-31
SH603016,电力设备,电网设备,配电设备,2021-12-31,
SH603017,建筑装饰,房屋建设,房屋建设,2020-12-31,2021-12-31
SH603017,建筑装饰,工程咨询服务,工程咨询服务,2021-12-31,
SH603018,建筑装饰,基础建设,路桥施工,2020-12-31,2021-12-31
SH603018,建筑装饰,工程咨询服务,工程咨询服务,2021-12-31,
SH603019,计算机,计算机设备,计算机设备,2020-12-31,2021-12-31
SH603019,计算机,计算机设备,其他计算机设备,2021-12-31,
SH603020,食品饮料,食品加工,食品综合,2020-12-31,2021-12-31
SH603020,基础化工,化学制品,食品及饲料添加剂,2021-12-31,
SH603021,轻工制造,家居用品,其他家用轻工,2020-12-31,2021-12-31
SH603021,轻工制造,家居用品,其他家居用品,2021-12-31,
SH603022,轻工制造,包装印刷,包装印刷,2020-12-31,2021-12-31
SH603022,轻工制造,包装印刷,综合包装,2021-12-31,
SH603023,汽车,汽车零部件,汽车零部件,2020-12-31,2021-12-31
SH603023,汽车,汽车零部件,汽车电子电气系统,2021-12-31,
SH603025,电力设备,电气自动化设备,工控自动化,2020-12-31,2021-12-31
SH603025,机械设备,自动化设备,工控设备,2021-12-31,
SH603026,基础化工,化学制品,聚氨酯,2020-12-31,2021-12-31
SH603026,电力设备,电池,电池化学品,2021-12-31,
SH603027,食品饮料,食品加工,调味发酵品,2020-12-31,2021-12-31
SH603027,食品饮料,调味发酵品,调味发酵品,2021-12-31,
SH603028,机械设备,金属制品,金属制品,2020-12-31,2021-12-31
SH603028,机械设备,通用设备,金属制品,2021-12-31,
SH603029,机械设备,专用设备,其他专用设备,2020-12-31,2022-07-29
SH603029,机械设备,专用设备,农用机械,2022-07-29,
SH603030,建筑装饰,装修装饰,装修装饰,2020-12-31,
SH603031,商贸零售,一般零售,超市,2020-12-31,2023-07-31
SH603031,电力设备,电池,蓄电池及其他电池,2023-07-31,
SH603032,交通运输,公交,公交,2020-12-31,2021-12-31
SH603032,交通运输,铁路公路,公交,2021-12-31,2022-07-29
SH603032,机械设备,通用设备,磨具磨料,2022-07-29,2023-09-28
SH603032,电力设备,电池,锂电专用设备,2023-09-28,
SH603033,基础化工,橡胶,其他橡胶制品,2020-12-31,
SH603035,汽车,汽车零部件,汽车零部件,2020-12-31,2021-12-31
SH603035,汽车,汽车零部件,车身附件及饰件,2021-12-31,
SH603036,机械设备,专用设备,能源及重型设备,2020-12-31,
SH603037,汽车,汽车零部件,汽车零部件,2020-12-31,2021-12-31
SH603037,汽车,汽车零部件,底盘与发动机系统,2021-12-31,
SH603038,建筑材料,装修建材,其他建材,2020-12-31,
SH603039,计算机,计算机应用,软件开发,2020-12-31,2021-12-31
SH603039,计算机,软件开发,横向通用软件,2021-12-31,
SH603040,汽车,汽车零部件,汽车零部件,2020-12-31,2021-12-31
SH603040,汽车,汽车零部件,底盘与发动机系统,2021-12-31,
SH603041,基础化工,化学制品,聚氨酯,2020-12-31,
SH603042,通信,通信设备,通信传输设备,2020-12-31,2021-12-31
SH603042,通信,通信设备,通信线缆及配套,2021-12-31,
SH603043,食品饮料,食品加工,食品综合,2020-12-31,2021-12-31
SH603043,食品饮料,休闲食品,烘焙食品,2021-12-31,
SH603045,有色金属,金属新材料,其他金属新材料,2020-12-31,
SH603048,汽车,汽车零部件,汽车零部件,2021-11-30,2021-12-31
SH603048,汽车,汽车零部件,其他汽车零部件,2021-12-31,
SH603049,汽车,汽车零部件,轮胎轮毂,2025-06-30,
SH603050,电力设备,电气自动化设备,电网自动化设备,2020-12-31,2021-12-31
SH603050,电力设备,电网设备,电网自动化设备,2021-12-31,
SH603051,基础化工,化学制品,胶黏剂及胶带,2022-03-31,
SH603052,电子,消费电子,消费电子零部件及组装,2022-10-31,
SH603053,公用事业,燃气,燃气,2020-12-31,
SH603055,纺织服饰,纺织制造,其他纺织,2020-12-31,
SH603056,交通运输,物流,物流,2020-12-31,2021-12-31
SH603056,交通运输,物流,公路货运,2021-12-31,2022-07-29
SH603056,交通运输,物流,快递,2022-07-29,2026-03-31
SH603057,食品饮料,休闲食品,熟食,2022-09-30,
SH603058,轻工制造,包装印刷,包装印刷,2020-12-31,2021-12-31
SH603058,轻工制造,包装印刷,纸包装,2021-12-31,
SH603059,轻工制造,家居用品,其他家用轻工,2020-12-31,2021-12-31
SH603059,美容护理,个护用品,洗护用品,2021-12-31,
SH603060,综合,综合,综合,2020-12-31,2021-12-31
SH603060,社会服务,专业服务,检测服务,2021-12-31,
SH603061,电子,半导体,半导体设备,2023-03-31,
SH603062,基础化工,化学制品,涂料油墨,2023-11-30,
SH603063,电力设备,电气自动化设备,工控自动化,2020-12-31,2021-12-31
SH603063,电力设备,风电设备,风电零部件,2021-12-31,
SH603065,基础化工,化学制品,其他化学制品,2023-03-31,
SH603066,交通运输,物流,物流,2020-12-31,2021-12-31
SH603066,交通运输,物流,快递,2021-12-31,2022-07-29
SH603066,交通运输,物流,仓储物流,2022-07-29,
SH603067,基础化工,化学原料,无机盐,2020-12-31,
SH603068,电子,半导体,集成电路,2020-12-31,2021-12-31
SH603068,电子,半导体,模拟芯片设计,2021-12-31,
SH603069,交通运输,公交,公交,2020-12-31,2021-12-31
SH603069,交通运输,铁路公路,公交,2021-12-31,
SH603070,电力设备,电网设备,配电设备,2022-03-31,
SH603071,公用事业,电力,热力服务,2021-12-31,2022-07-29
SH603071,煤炭,煤炭开采,动力煤,2022-07-29,2026-07-31
SH603071,公用事业,电力,热力服务,2026-07-31,
SH603072,有色金属,金属新材料,磁性材料,2025-01-27,
SH603073,基础化工,化学纤维,涤纶,2023-03-31,
SH603075,家用电器,家电零部件,家电零部件,2023-09-28,
SH603076,机械设备,专用设备,其他专用设备,2020-12-31,
SH603077,基础化工,化学原料,纯碱,2020-12-31,2022-07-29
SH603077,基础化工,农化制品,磷肥及磷化工,2022-07-29,
SH603078,基础化工,化学制品,其他化学制品,2020-12-31,2021-12-31
SH603078,电子,电子化学品,电子化学品,2021-12-31,
SH603079,医药生物,化学制药,原料药,2020-12-31,2024-07-31
SH603079,基础化工,化学制品,食品及饲料添加剂,2024-07-31,
SH603080,公用事业,燃气,燃气,2020-12-31,
SH603081,建筑装饰,装修装饰,装修装饰,2020-12-31,2022-08-31
SH603081,机械设备,专用设备,其他专用设备,2022-08-31,
SH603082,机械设备,自动化设备,其他自动化设备,2024-01-31,
SH603083,通信,通信设备,通信传输设备,2020-12-31,2021-12-31
SH603083,通信,通信设备,通信终端及配件,2021-12-31,
SH603085,汽车,汽车零部件,汽车零部件,2020-12-31,2021-12-31
SH603085,汽车,汽车零部件,车身附件及饰件,2021-12-31,
SH603086,基础化工,化学制品,农药,2020-12-31,2021-12-31
SH603086,基础化工,农化制品,农药,2021-12-31,
SH603087,医药生物,生物制品,生物制品,2020-12-31,2021-12-31
SH603087,医药生物,生物制品,其他生物制品,2021-12-31,
SH603088,机械设备,通用设备,机床工具,2020-12-31,
SH603089,汽车,汽车零部件,汽车零部件,2020-12-31,2021-12-31
SH603089,汽车,汽车零部件,底盘与发动机系统,2021-12-31,
SH603090,机械设备,通用设备,其他通用设备,2020-12-31,
SH603091,轻工制造,包装印刷,纸包装,2024-09-30,
SH603092,电力设备,风电设备,风电零部件,2025-11-28,
SH603093,非银金融,多元金融,多元金融,2020-12-31,2021-12-31
SH603093,非银金融,多元金融,期货,2021-12-31,
SH603095,机械设备,专用设备,纺织服装设备,2020-12-31,
SH603096,传媒,文化传媒,平面媒体,2020-12-31,2021-12-31
SH603096,传媒,出版,大众出版,2021-12-31,
SH603097,电力设备,电网设备,输变电设备,2022-05-31,
SH603098,建筑装饰,专业工程,钢结构,2020-12-31,
SH603099,社会服务,景点,自然景区,2020-12-31,2021-12-31
SH603099,社会服务,旅游及景区,自然景区,2021-12-31,
SH603100,电力设备,电气自动化设备,电工仪器仪表,2020-12-31,2021-12-31
SH603100,机械设备,通用设备,仪器仪表,2021-12-31,
SH603101,商贸零售,一般零售,百货,2020-12-31,2023-07-31
SH603101,商贸零售,一般零售,多业态零售,2023-07-31,
SH603102,食品饮料,食品加工,保健品,2022-01-28,
SH603103,传媒,文化传媒,影视动漫,2020-12-31,2021-12-31
SH603103,传媒,影视院线,院线,2021-12-31,
SH603105,公用事业,电力,新能源发电,2020-12-31,2021-12-31
SH603105,公用事业,电力,光伏发电,2021-12-31,
SH603106,计算机,计算机设备,计算机设备,2020-12-31,2021-12-31
SH603106,计算机,计算机设备,其他计算机设备,2021-12-31,
SH603107,汽车,汽车零部件,底盘与发动机系统,2023-11-30,
SH603108,医药生物,医疗服务,医疗服务,2020-12-31,2021-12-31
SH603108,医药生物,医疗服务,诊断服务,2021-12-31,2022-07-29
SH603108,医药生物,医药商业,医药流通,2022-07-29,
SH603109,汽车,汽车零部件,汽车零部件,2020-12-31,2021-12-31
SH603109,汽车,汽车零部件,其他汽车零部件,2021-12-31,
SH603110,基础化工,化学制品,涂料油墨,2020-12-31,
SH603111,机械设备,轨交设备,轨交设备,2020-12-31,
SH603112,家用电器,白色家电,家电零部件,2020-12-31,2021-12-31
SH603112,家用电器,家电零部件,家电零部件,2021-12-31,
SH603113,煤炭,煤炭开采,焦炭加工,2020-12-31,2021-12-31
SH603113,煤炭,焦炭,焦炭,2021-12-31,2024-05-31
SH603113,基础化工,化学原料,其他化学原料,2024-05-31,
SH603115,有色金属,工业金属,铝,2020-12-31,2026-07-31
SH603115,电子,电子化学品,电子化学品,2026-07-31,
SH603116,纺织服饰,服装家纺,鞋帽及其他,2020-12-31,
SH603117,交通运输,物流,物流,2020-12-31,2021-12-31
SH603117,交通运输,物流,跨境物流,2021-12-31,
SH603118,通信,通信设备,终端设备,2020-12-31,2021-12-31
SH603118,通信,通信设备,通信终端及配件,2021-12-31,
SH603119,汽车,汽车零部件,其他汽车零部件,2023-08-31,
SH603120,基础化工,化学制品,其他化学制品,2025-04-30,
SH603121,汽车,汽车零部件,汽车零部件,2020-12-31,2021-12-31
SH603121,汽车,汽车零部件,底盘与发动机系统,2021-12-31,
SH603122,医药生物,医药商业,医药流通,2022-02-28,
SH603123,商贸零售,一般零售,百货,2020-12-31,
SH603124,有色金属,金属新材料,其他金属新材料,2025-03-31,
SH603125,基础化工,化学制品,其他化学制品,2023-04-28,
SH603126,公用事业,环保工程及服务,环保工程及服务,2020-12-31,2021-12-31
SH603126,环保,环境治理,固废治理,2021-12-31,2024-07-31
SH603126,环保,环保设备,环保设备,2024-07-31,
SH603127,医药生物,医疗服务,医疗服务,2020-12-31,2021-12-31
SH603127,医药生物,医疗服务,医疗研发外包,2021-12-31,
SH603128,交通运输,物流,物流,2020-12-31,2021-12-31
SH603128,交通运输,物流,跨境物流,2021-12-31,
SH603129,汽车,摩托车及其他,其他运输设备,2020-12-31,2021-12-31
SH603129,汽车,摩托车及其他,摩托车,2021-12-31,
SH603130,纺织服饰,纺织制造,其他纺织,2022-11-30,
SH603131,机械设备,通用设备,其他通用设备,2020-12-31,
SH603132,有色金属,工业金属,铅锌,2022-02-28,
SH603133,基础化工,化学制品,其他化学制品,2020-12-31,2021-12-31
SH603133,电子,消费电子,消费电子零部件及组装,2021-12-31,2024-06-28
SH603135,机械设备,专用设备,能源及重型设备,2023-04-28,
SH603136,社会服务,景点,自然景区,2020-12-31,2021-12-31
SH603136,社会服务,旅游及景区,人工景区,2021-12-31,2022-07-29
SH603136,社会服务,旅游及景区,自然景区,2022-07-29,
SH603137,建筑装饰,装修装饰,装修装饰,2023-04-28,
SH603138,计算机,计算机应用,IT服务,2020-12-31,2021-12-31
SH603138,计算机,IT服务,IT服务,2021-12-31,
SH603139,医药生物,中药,中药,2020-12-31,
SH603150,基础化工,塑料,其他塑料制品,2022-01-28,
SH603151,农林牧渔,饲料,畜禽饲料,2022-10-31,
SH603153,建筑装饰,工程咨询服务,工程咨询服务,2023-03-31,
SH603155,基础化工,化学制品,其他化学制品,2020-12-31,2021-12-31
SH603155,基础化工,化学制品,有机硅,2021-12-31,
SH603156,食品饮料,饮料制造,软饮料,2020-12-31,2021-12-31
SH603156,食品饮料,饮料乳品,软饮料,2021-12-31,
SH603157,纺织服饰,服装家纺,女装,2020-12-31,2021-12-31
SH603157,纺织服饰,服装家纺,非运动服装,2021-12-31,2022-05-31
SH603158,汽车,汽车零部件,汽车零部件,2020-12-31,2021-12-31
SH603158,汽车,汽车零部件,底盘与发动机系统,2021-12-31,
SH603159,机械设备,专用设备,其他专用设备,2020-12-31,
SH603160,电子,半导体,集成电路,2020-12-31,2021-12-31
SH603160,电子,半导体,模拟芯片设计,2021-12-31,
SH603161,汽车,汽车零部件,汽车零部件,2020-12-31,2021-12-31
SH603161,汽车,汽车零部件,底盘与发动机系统,2021-12-31,
SH603162,交通运输,航运港口,航运,2023-03-31,
SH603163,建筑装饰,专业工程,其他专业工程,2022-10-31,
SH603165,轻工制造,造纸,造纸,2020-12-31,2021-12-31
SH603165,轻工制造,造纸,大宗用纸,2021-12-31,
SH603166,汽车,汽车零部件,汽车零部件,2020-12-31,2021-12-31
SH603166,汽车,汽车零部件,底盘与发动机系统,2021-12-31,
SH603167,交通运输,航运,航运,2020-12-31,2021-12-31
SH603167,交通运输,航运港口,航运,2021-12-31,
SH603168,医药生物,化学制药,化学制剂,2020-12-31,
SH603169,机械设备,专用设备,能源及重型设备,2020-12-31,
SH603170,食品饮料,调味发酵品,调味发酵品,2022-07-29,
SH603171,计算机,计算机应用,IT服务,2021-06-30,2021-12-31
SH603171,计算机,IT服务,IT服务,2021-12-31,
SH603172,基础化工,化学制品,纺织化学制品,2023-05-31,
SH603173,机械设备,专用设备,其他专用设备,2023-01-31,2023-07-31
SH603173,机械设备,专用设备,能源及重型设备,2023-07-31,
SH603175,电子,元件,印制电路板,2025-10-31,
SH603176,建筑装饰,基础建设,基建市政工程,2021-12-31,
SH603177,公用事业,环保工程及服务,环保工程及服务,2020-12-31,2021-12-31
SH603177,环保,环境治理,大气治理,2021-12-31,
SH603178,汽车,汽车零部件,汽车零部件,2020-12-31,2021-12-31
SH603178,汽车,汽车零部件,底盘与发动机系统,2021-12-31,
SH603179,汽车,汽车零部件,汽车零部件,2020-12-31,2021-12-31
SH603179,汽车,汽车零部件,汽车电子电气系统,2021-12-31,
SH603180,轻工制造,家居用品,家具,2020-12-31,2021-12-31
SH603180,轻工制造,家居用品,定制家居,2021-12-31,
SH603181,基础化工,化学制品,其他化学制品,2020-12-31,2021-12-31
SH603181,基础化工,塑料,其他塑料制品,2021-12-31,2022-07-29
SH603181,基础化工,化学制品,其他化学制品,2022-07-29,
SH603182,农林牧渔,农产品加工,粮油加工,2022-09-30,
SH603183,综合,综合,综合,2020-12-31,2021-12-31
SH603183,社会服务,专业服务,检测服务,2021-12-31,
SH603185,机械设备,专用设备,其他专用设备,2020-12-31,2021-12-31
SH603185,电力设备,光伏设备,光伏加工设备,2021-12-31,2023-07-31
SH603185,电力设备,光伏设备,硅料硅片,2023-07-31,
SH603186,电子,元件,印制电路板,2020-12-31,
SH603187,机械设备,通用设备,制冷空调设备,2020-12-31,
SH603188,基础化工,化学制品,纺织化学制品,2020-12-31,
SH603189,计算机,计算机应用,软件开发,2020-12-31,2021-12-31
SH603189,计算机,软件开发,垂直应用软件,2021-12-31,
SH603190,汽车,汽车零部件,其他汽车零部件,2023-02-28,
SH603191,电力设备,电网设备,输变电设备,2022-04-29,
SH603192,基础化工,化学制品,聚氨酯,2020-12-31,
SH603193,美容护理,个护用品,洗护用品,2023-10-31,
SH603194,机械设备,工程机械,工程机械整机,2024-12-31,
SH603195,轻工制造,家居用品,其他家用轻工,2020-12-31,2021-12-31
SH603195,轻工制造,家居用品,其他家居用品,2021-12-31,
SH603196,纺织服饰,服装家纺,女装,2020-12-31,2021-12-31
SH603196,纺织服饰,服装家纺,非运动服装,2021-12-31,
SH603197,汽车,汽车零部件,汽车零部件,2020-12-31,2021-12-31
SH603197,汽车,汽车零部件,其他汽车零部件,2021-12-31,
SH603198,食品饮料,饮料制造,白酒,2020-12-31,2021-12-31
SH603198,食品饮料,白酒,白酒,2021-12-31,
SH603199,社会服务,景点,自然景区,2020-12-31,2021-12-31
SH603199,社会服务,旅游及景区,自然景区,2021-12-31,
SH603200,公用事业,环保工程及服务,环保工程及服务,2020-12-31,2021-12-31
SH603200,环保,环境治理,水务及水治理,2021-12-31,
SH603201,机械设备,专用设备,其他专用设备,2022-07-29,2024-07-31
SH603201,汽车,汽车零部件,其他汽车零部件,2024-07-31,
SH603202,汽车,汽车零部件,汽车电子电气系统,2025-04-30,
SH603203,机械设备,专用设备,其他专用设备,2020-12-31,2021-12-31
SH603203,机械设备,自动化设备,工控设备,2021-12-31,
SH603205,医药生物,医疗器械,医疗耗材,2024-11-29,
SH603206,通信,通信服务,通信工程及服务,2022-05-31,
SH603207,医药生物,化学制药,化学制剂,2024-08-30,
SH603208,轻工制造,家居用品,家具,2020-12-31,2021-12-31
SH603208,轻工制造,家居用品,定制家居,2021-12-31,
SH603209,交通运输,航运港口,航运,2022-03-31,
SH603210,汽车,汽车零部件,其他汽车零部件,2025-04-30,
SH603211,汽车,汽车零部件,其他汽车零部件,2022-07-29,
SH603212,电力设备,其他电源设备,光伏设备,2020-12-31,2021-12-31
SH603212,电力设备,光伏设备,光伏辅材,2021-12-31,
SH603213,基础化工,化学原料,氯碱,2021-11-30,
SH603214,商贸零售,专业连锁,专业连锁,2020-12-31,
SH603215,家用电器,小家电,厨房小家电,2022-02-28,
SH603216,轻工制造,家居用品,定制家居,2021-12-31,
SH603217,基础化工,化学制品,其他化学制品,2020-12-31,
SH603218,电力设备,其他电源设备,风电设备,2020-12-31,2021-12-31
SH603218,电力设备,风电设备,风电零部件,2021-12-31,
SH603219,家用电器,白色家电,小家电,2021-11-30,2021-12-31
SH603219,家用电器,小家电,清洁小家电,2021-12-31,
SH603220,通信,通信设备,通信配套服务,2020-12-31,2021-12-31
SH603220,通信,通信服务,通信工程及服务,2021-12-31,
SH603221,轻工制造,家居用品,家具,2020-12-31,2021-12-31
SH603221,轻工制造,家居用品,瓷砖地板,2021-12-31,
SH603222,医药生物,化学制药,化学制剂,2020-12-31,2021-12-31
SH603222,医药生物,医疗器械,医疗耗材,2021-12-31,
SH603223,交通运输,物流,物流,2020-12-31,2021-12-31
SH603223,交通运输,物流,公路货运,2021-12-31,2022-07-29
SH603223,石油石化,炼化及贸易,油品石化贸易,2022-07-29,
SH603225,基础化工,化学纤维,涤纶,2020-12-31,
SH603226,轻工制造,家居用品,家具,2020-12-31,2021-12-31
SH603226,轻工制造,家居用品,瓷砖地板,2021-12-31,
SH603227,基础化工,化学制品,民爆制品,2020-12-31,
SH603228,电子,元件,印制电路板,2020-12-31,
SH603229,医药生物,化学制药,原料药,2020-12-31,
SH603230,传媒,出版,教育出版,2021-12-31,2023-07-31
SH603230,传媒,出版,大众出版,2023-07-31,
SH603231,农林牧渔,农产品加工,粮油加工,2023-12-29,
SH603232,计算机,计算机应用,软件开发,2020-12-31,2021-12-31
SH603232,计算机,软件开发,垂直应用软件,2021-12-31,
SH603233,医药生物,医药商业,医药商业,2020-12-31,2021-12-31
SH603233,医药生物,医药商业,线下药店,2021-12-31,
SH603235,基础化工,化学制品,食品及饲料添加剂,2022-07-29,
SH603236,通信,通信设备,终端设备,2020-12-31,2021-12-31
SH603236,通信,通信设备,通信终端及配件,2021-12-31,
SH603237,食品饮料,食品加工,预加工食品,2022-08-31,
SH603238,纺织服饰,纺织制造,其他纺织,2020-12-31,2021-12-31
SH603238,美容护理,个护用品,生活用纸,2021-12-31,2025-08-29
SH603238,纺织服饰,纺织制造,其他纺织,2025-08-29,
SH603239,汽车,汽车零部件,汽车零部件,2020-12-31,2021-12-31
SH603239,汽车,汽车零部件,其他汽车零部件,2021-12-31,
SH603248,电力设备,风电设备,风电零部件,2025-12-31,
SH603255,基础化工,化学制品,其他化学制品,2022-08-31,
SH603256,基础化工,化学制品,玻纤,2020-12-31,2021-12-31
SH603256,建筑材料,玻璃玻纤,玻纤制造,2021-12-31,
SH603257,建筑装饰,工程咨询服务,工程咨询服务,2025-04-30,
SH603258,传媒,互联网传媒,移动互联网服务,2020-12-31,2021-12-31
SH603258,传媒,游戏,游戏,2021-12-31,
SH603259,医药生物,医疗服务,医疗服务,2020-12-31,2021-12-31
SH603259,医药生物,医疗服务,医疗研发外包,2021-12-31,
SH603260,有色金属,金属新材料,非金属材料,2020-12-31,2021-12-31
SH603260,基础化工,非金属材料,非金属材料,2021-12-31,2022-07-29
SH603260,基础化工,化学制品,有机硅,2022-07-29,
SH603261,国防军工,航空装备,航空装备,2022-03-31,
SH603262,食品饮料,食品加工,保健品,2025-07-31,
SH603266,基础化工,塑料,其他塑料制品,2020-12-31,2022-02-28
SH603266,汽车,汽车零部件,车身附件及饰件,2022-02-28,
SH603267,电子,元件,被动元件,2020-12-31,2021-02-26
SH603267,国防军工,航天装备,航天装备,2021-02-26,2021-12-31
SH603267,国防军工,军工电子,军工电子,2021-12-31,
SH603268,轻工制造,家居用品,其他家用轻工,2020-12-31,2021-12-31
SH603268,轻工制造,家居用品,其他家居用品,2021-12-31,2026-01-30
SH603268,国防军工,航海装备,航海装备,2026-01-30,
SH603269,机械设备,通用设备,其他通用设备,2020-12-31,
SH603270,机械设备,通用设备,金属制品,2023-09-28,
SH603271,有色金属,工业金属,铝,2025-03-31,
SH603272,轻工制造,家居用品,其他家居用品,2022-05-31,
SH603273,机械设备,工程机械,工程机械整机,2023-10-31,
SH603275,机械设备,自动化设备,工控设备,2023-08-31,
SH603276,基础化工,化学制品,其他化学制品,2023-09-28,
SH603277,机械设备,通用设备,制冷空调设备,2020-12-31,
SH603278,机械设备,金属制品,金属制品,2020-12-31,2021-12-31
SH603278,机械设备,通用设备,金属制品,2021-12-31,
SH603279,机械设备,专用设备,环保设备,2020-12-31,2021-12-31
SH603279,环保,环保设备,环保设备,2021-12-31,2025-04-30
SH603279,机械设备,通用设备,其他通用设备,2025-04-30,
SH603280,机械设备,工程机械,工程机械整机,2022-11-30,
SH603281,基础化工,化学制品,有机硅,2023-01-31,
SH603282,环保,环保设备,环保设备,2023-03-31,
SH603283,机械设备,专用设备,其他专用设备,2020-12-31,2021-12-31
SH603283,机械设备,自动化设备,工控设备,2021-12-31,
SH603284,轻工制造,造纸,大宗用纸,2026-02-27,
SH603285,基础化工,化学制品,其他化学制品,2024-07-31,
SH603286,汽车,汽车零部件,汽车零部件,2020-12-31,2021-12-31
SH603286,汽车,汽车零部件,底盘与发动机系统,2021-12-31,
SH603288,食品饮料,食品加工,调味发酵品,2020-12-31,2021-12-31
SH603288,食品饮料,调味发酵品,调味发酵品,2021-12-31,
SH603289,机械设备,专用设备,其他专用设备,2020-12-31,
SH603290,电子,半导体,集成电路,2020-12-31,2021-12-31
SH603290,电子,半导体,分立器件,2021-12-31,
SH603291,环保,环境治理,水务及水治理,2023-03-31,
SH603293,汽车,汽车零部件,汽车电子电气系统,2026-04-30,
SH603296,电子,消费电子,消费电子零部件及组装,2023-08-31,
SH603297,电子,光学光电子,光学元件,2020-12-31,
SH603298,机械设备,专用设备,工程机械,2020-12-31,2021-12-31
SH603298,机械设备,工程机械,工程机械整机,2021-12-31,
SH603299,基础化工,化学原料,氯碱,2020-12-31,2021-12-31
SH603299,基础化工,化学原料,无机盐,2021-12-31,
SH603300,非银金融,多元金融,多元金融,2020-12-31,2021-12-31
SH603300,非银金融,多元金融,租赁,2021-12-31,
SH603301,医药生物,医疗器械,医疗器械,2020-12-31,2021-12-31
SH603301,医药生物,医疗器械,医疗耗材,2021-12-31,
SH603303,电子,光学光电子,LED,2020-12-31,2021-12-31
SH603303,家用电器,照明设备,照明设备,2021-12-31,
SH603305,汽车,汽车零部件,汽车零部件,2020-12-31,2021-12-31
SH603305,汽车,汽车零部件,底盘与发动机系统,2021-12-31,
SH603306,汽车,汽车零部件,汽车零部件,2020-12-31,2021-12-31
SH603306,汽车,汽车零部件,车身附件及饰件,2021-12-31,
SH603307,纺织服饰,服装家纺,鞋帽及其他,2023-02-28,
SH603308,机械设备,通用设备,机械基础件,2020-12-31,2021-12-31
SH603308,机械设备,通用设备,金属制品,2021-12-31,
SH603309,医药生物,医疗器械,医疗器械,2020-12-31,2021-12-31
SH603309,医药生物,医疗器械,医疗耗材,2021-12-31,
SH603310,基础化工,化学制品,氟化工,2024-08-30,
SH603311,家用电器,白色家电,家电零部件,2020-12-31,2021-12-31
SH603311,家用电器,家电零部件,家电零部件,2021-12-31,
SH603312,电力设备,电网设备,输变电设备,2024-01-31,
SH603313,轻工制造,家居用品,家具,2020-12-31,2021-12-31
SH603313,轻工制造,家居用品,成品家居,2021-12-31,
SH603315,机械设备,通用设备,机械基础件,2020-12-31,2021-12-31
SH603315,机械设备,通用设备,金属制品,2021-12-31,2022-07-29
SH603315,环保,环境治理,大气治理,2022-07-29,
SH603316,建筑装饰,园林工程,园林工程,2020-12-31,2021-12-31
SH603316,建筑装饰,基础建设,园林工程,2021-12-31,2026-07-31
SH603316,电子,半导体,数字芯片设计,2026-07-31,
SH603317,食品饮料,食品加工,调味发酵品,2020-12-31,2021-12-31
SH603317,食品饮料,调味发酵品,调味发酵品,2021-12-31,
SH603318,机械设备,专用设备,其他专用设备,2020-12-31,2021-12-31
SH603318,公用事业,燃气,燃气,2021-12-31,
SH603319,汽车,汽车零部件,汽车零部件,2020-12-31,2021-12-31
SH603319,汽车,汽车零部件,底盘与发动机系统,2021-12-31,
SH603320,电力设备,电机,电机,2020-12-31,
SH603321,机械设备,专用设备,楼宇设备,2020-12-31,
SH603322,通信,通信设备,通信配套服务,2020-12-31,2021-12-31
SH603322,通信,通信服务,通信工程及服务,2021-12-31,
SH603323,银行,银行,银行,2020-12-31,2021-12-31
SH603323,银行,农商行,农商行,2021-12-31,
SH603324,机械设备,专用设备,环保设备,2021-04-30,2021-12-31
SH603324,环保,环保设备,环保设备,2021-12-31,
SH603325,机械设备,专用设备,能源及重型设备,2024-01-31,
SH603326,轻工制造,家居用品,家具,2020-12-31,2021-12-31
SH603326,轻工制造,家居用品,定制家居,2021-12-31,
SH603327,电子,消费电子,电子零部件制造,2020-12-31,2021-12-31
SH603327,电子,消费电子,消费电子零部件及组装,2021-12-31,
SH603328,电子,元件,印制电路板,2020-12-31,
SH603329,交通运输,物流,物流,2020-12-31,2021-12-31
SH603329,交通运输,物流,原材料供应链服务,2021-12-31,
SH603330,基础化工,化学制品,聚氨酯,2020-12-31,2021-12-31
SH603330,基础化工,塑料,其他塑料制品,2021-12-31,
SH603331,机械设备,通用设备,其他通用设备,2020-12-31,
SH603332,基础化工,化学纤维,涤纶,2020-12-31,
SH603333,电力设备,高低压设备,线缆部件及其他,2020-12-31,2021-12-31
SH603333,电力设备,电网设备,线缆部件及其他,2021-12-31,
SH603334,基础化工,化学制品,其他化学制品,2025-11-28,
SH603335,汽车,汽车零部件,汽车零部件,2020-12-31,2021-12-31
SH603335,汽车,汽车零部件,轮胎轮毂,2021-12-31,
SH603336,农林牧渔,种植业,其他种植业,2020-12-31,
SH603337,机械设备,专用设备,其他专用设备,2020-12-31,2021-12-31
SH603337,机械设备,专用设备,纺织服装设备,2021-12-31,
SH603338,机械设备,专用设备,其他专用设备,2020-12-31,2021-12-31
SH603338,机械设备,工程机械,工程机械整机,2021-12-31,
SH603339,机械设备,通用设备,制冷空调设备,2020-12-31,
SH603341,电子,消费电子,消费电子零部件及组装,2024-03-29,
SH603344,电力设备,电机,电机,2024-03-29,
SH603345,食品饮料,食品加工,食品综合,2020-12-31,2021-12-31
SH603345,食品饮料,食品加工,预加工食品,2021-12-31,
SH603348,汽车,汽车零部件,汽车零部件,2020-12-31,2021-12-31
SH603348,汽车,汽车零部件,其他汽车零部件,2021-12-31,
SH603350,电力设备,电机,电机,2024-07-31,
SH603351,医药生物,化学制药,原料药,2020-12-31,
SH603352,汽车,汽车零部件,其他汽车零部件,2026-01-30,
SH603353,基础化工,石油化工,石油贸易,2020-12-31,2021-12-31
SH603353,石油石化,炼化及贸易,油品石化贸易,2021-12-31,
SH603355,家用电器,白色家电,小家电,2020-12-31,2021-12-31
SH603355,家用电器,小家电,清洁小家电,2021-12-31,
SH603356,机械设备,专用设备,楼宇设备,2020-12-31,
SH603357,建筑装饰,基础建设,路桥施工,2020-12-31,2021-12-31
SH603357,建筑装饰,工程咨询服务,工程咨询服务,2021-12-31,
SH603358,汽车,汽车零部件,汽车零部件,2020-12-31,2021-12-31
SH603358,汽车,汽车零部件,其他汽车零部件,2021-12-31,
SH603359,建筑装饰,园林工程,园林工程,2020-12-31,2021-12-31
SH603359,建筑装饰,基础建设,园林工程,2021-12-31,
SH603360,基础化工,化学制品,农药,2020-12-31,2021-12-31
SH603360,基础化工,农化制品,农药,2021-12-31,
SH603363,农林牧渔,饲料,饲料,2020-12-31,2021-12-31
SH603363,农林牧渔,饲料,畜禽饲料,2021-12-31,
SH603365,纺织服饰,服装家纺,家纺,2020-12-31,
SH603366,家用电器,白色家电,家电零部件,2020-12-31,2021-12-31
SH603366,家用电器,厨卫电器,卫浴电器,2021-12-31,
SH603367,医药生物,医疗器械,医疗器械,2020-12-31,2021-12-31
SH603367,医药生物,化学制药,化学制剂,2021-12-31,
SH603368,医药生物,医药商业,医药商业,2020-12-31,2021-12-31
SH603368,医药生物,医药商业,医药流通,2021-12-31,
SH603369,食品饮料,饮料制造,白酒,2020-12-31,2021-12-31
SH603369,食品饮料,白酒,白酒,2021-12-31,
SH603370,电力设备,电机,电机,2025-09-30,
SH603373,社会服务,专业服务,其他专业服务,2023-12-29,
SH603375,电子,半导体,模拟芯片设计,2024-01-31,
SH603376,汽车,汽车零部件,汽车电子电气系统,2025-11-28,
SH603377,汽车,汽车服务,汽车服务,2020-12-31,2021-12-31
SH603377,社会服务,教育,培训教育,2021-12-31,
SH603378,基础化工,化学制品,涂料油墨,2020-12-31,2021-12-31
SH603378,建筑材料,装修建材,涂料,2021-12-31,
SH603379,基础化工,化学制品,氟化工,2020-12-31,
SH603380,电子,消费电子,电子零部件制造,2020-12-31,2021-12-31
SH603380,电子,消费电子,消费电子零部件及组装,2021-12-31,
SH603381,电力设备,光伏设备,光伏辅材,2024-06-28,
SH603382,基础化工,化学纤维,锦纶,2025-06-30,
SH603383,计算机,计算机应用,软件开发,2020-12-31,2021-12-31
SH603383,计算机,软件开发,垂直应用软件,2021-12-31,
SH603385,轻工制造,家居用品,其他家用轻工,2020-12-31,2021-12-31
SH603385,轻工制造,家居用品,卫浴制品,2021-12-31,
SH603386,电子,元件,印制电路板,2020-12-31,
SH603387,医药生物,医疗器械,医疗器械,2020-12-31,2021-12-31
SH603387,医药生物,医疗器械,体外诊断,2021-12-31,
SH603388,建筑装饰,园林工程,园林工程,2020-12-31,2021-12-31
SH603388,建筑装饰,基础建设,园林工程,2021-12-31,2025-12-31
SH603389,轻工制造,家居用品,家具,2020-12-31,2021-12-31
SH603389,轻工制造,家居用品,成品家居,2021-12-31,
SH603390,汽车,汽车零部件,汽车零部件,2020-12-31,2021-12-31
SH603390,汽车,汽车零部件,汽车电子电气系统,2021-12-31,
SH603391,机械设备,专用设备,能源及重型设备,2024-07-31,
SH603392,医药生物,医疗器械,医疗器械,2020-12-31,2021-12-31
SH603392,医药生物,医疗器械,体外诊断,2021-12-31,2022-07-29
SH603392,医药生物,生物制品,疫苗,2022-07-29,2026-07-31
SH603392,医药生物,医疗器械,体外诊断,2026-07-31,
SH603393,公用事业,燃气,燃气,2020-12-31,
SH603395,基础化工,农化制品,复合肥,2024-11-29,
SH603396,电力设备,其他电源设备,光伏设备,2020-12-31,2021-12-31
SH603396,电力设备,光伏设备,光伏加工设备,2021-12-31,
SH603398,轻工制造,家居用品,文娱用品,2020-12-31,2021-12-31
SH603398,轻工制造,文娱用品,娱乐用品,2021-12-31,2023-07-31
SH603398,电力设备,光伏设备,硅料硅片,2023-07-31,
SH603399,有色金属,小金属,其他小金属,2020-12-31,2021-12-31
SH603399,有色金属,小金属,钼,2021-12-31,2023-07-31
SH603399,有色金属,能源金属,锂,2023-07-31,
SH603400,机械设备,通用设备,金属制品,2025-06-30,
SH603402,社会服务,旅游及景区,旅游综合,2026-01-30,
SH603406,基础化工,化学纤维,涤纶,2025-08-29,
SH603407,有色金属,小金属,其他小金属,2026-05-29,
SH603408,轻工制造,家居用品,其他家用轻工,2020-12-31,2021-12-31
SH603408,轻工制造,家居用品,卫浴制品,2021-12-31,
SH603409,汽车,汽车零部件,车身附件及饰件,2025-03-31,
SH603416,电力设备,电气自动化设备,工控自动化,2020-12-31,2021-12-31
SH603416,机械设备,自动化设备,机器人,2021-12-31,
SH603418,汽车,汽车零部件,车身附件及饰件,2025-09-30,
SH603421,通信,通信设备,终端设备,2020-12-31,2021-12-31
SH603421,通信,通信设备,通信网络设备及器件,2021-12-31,
SH603429,轻工制造,包装印刷,包装印刷,2020-12-31,2021-12-31
SH603429,轻工制造,包装印刷,纸包装,2021-12-31,
SH603435,基础化工,塑料,膜材料,2026-05-29,
SH603439,医药生物,中药,中药,2020-12-31,
SH603444,传媒,互联网传媒,移动互联网服务,2020-12-31,2021-12-31
SH603444,传媒,游戏,游戏,2021-12-31,
SH603448,汽车,汽车零部件,底盘与发动机系统,2026-09-30,
SH603456,医药生物,化学制药,原料药,2020-12-31,2021-12-31
SH603456,医药生物,医疗服务,医疗研发外包,2021-12-31,2022-07-29
SH603456,医药生物,化学制药,原料药,2022-07-29,2023-07-31
SH603456,医药生物,医疗服务,医疗研发外包,2023-07-31,
SH603458,建筑装饰,基础建设,路桥施工,2020-12-31,2021-12-31
SH603458,建筑装饰,工程咨询服务,工程咨询服务,2021-12-31,
SH603459,电子,元件,印制电路板,2026-04-30,
SH603466,建筑装饰,装修装饰,装修装饰,2020-12-31,2022-01-28
SH603466,传媒,数字媒体,其他数字媒体,2022-01-28,
SH603468,汽车,摩托车及其他,其他运输设备,2026-08-31,
SH603477,纺织服饰,纺织制造,辅料,2020-12-31,2022-01-28
SH603477,农林牧渔,养殖业,生猪养殖,2022-01-28,
SH603486,机械设备,通用设备,其他通用设备,2020-12-31,2021-12-31
SH603486,家用电器,小家电,清洁小家电,2021-12-31,
SH603488,机械设备,专用设备,楼宇设备,2020-12-31,
SH603489,电力设备,电机,电机,2020-12-31,
SH603496,计算机,计算机设备,计算机设备,2020-12-31,2021-12-31
SH603496,计算机,计算机设备,其他计算机设备,2021-12-31,
SH603499,轻工制造,包装印刷,包装印刷,2020-12-31,2021-12-31
SH603499,轻工制造,包装印刷,纸包装,2021-12-31,
SH603500,机械设备,轨交设备,轨交设备,2020-12-31,
SH603501,电子,半导体,集成电路,2020-12-31,2021-12-31
SH603501,电子,半导体,数字芯片设计,2021-12-31,
SH603505,煤炭,其他采掘,其他采掘,2020-12-31,2021-12-31
SH603505,基础化工,化学制品,氟化工,2021-12-31,
SH603506,房地产,房地产开发,住宅开发,2020-12-31,2021-12-31
SH603506,房地产,房地产服务,物业管理,2021-12-31,
SH603507,电力设备,其他电源设备,风电设备,2020-12-31,2021-12-31
SH603507,电力设备,风电设备,风电零部件,2021-12-31,
SH603508,计算机,计算机应用,IT服务,2020-12-31,2021-12-31
SH603508,计算机,计算机设备,安防设备,2021-12-31,
SH603511,纺织服饰,服装家纺,其他服装,2021-05-31,2021-12-31
SH603511,纺织服饰,服装家纺,鞋帽及其他,2021-12-31,2024-07-31
SH603511,纺织服饰,服装家纺,非运动服装,2024-07-31,
SH603515,电子,光学光电子,LED,2020-12-31,2021-12-31
SH603515,家用电器,照明设备,照明设备,2021-12-31,
SH603516,计算机,计算机设备,计算机设备,2020-12-31,2021-12-31
SH603516,计算机,计算机设备,其他计算机设备,2021-12-31,
SH603517,食品饮料,食品加工,食品综合,2020-12-31,2021-12-31
SH603517,食品饮料,休闲食品,熟食,2021-12-31,
SH603518,纺织服饰,服装家纺,女装,2020-12-31,2021-12-31
SH603518,纺织服饰,服装家纺,非运动服装,2021-12-31,
SH603519,家用电器,白色家电,家电零部件,2020-12-31,2021-12-31
SH603519,家用电器,家电零部件,家电零部件,2021-12-31,
SH603520,医药生物,化学制药,原料药,2020-12-31,
SH603527,有色金属,工业金属,铜,2020-12-31,
SH603528,计算机,计算机应用,软件开发,2020-12-31,2021-12-31
SH603528,计算机,软件开发,垂直应用软件,2021-12-31,
SH603529,汽车,摩托车及其他,其他运输设备,2021-06-30,
SH603530,电力设备,高低压设备,线缆部件及其他,2020-12-31,2021-12-31
SH603530,电力设备,电网设备,线缆部件及其他,2021-12-31,
SH603533,传媒,互联网传媒,移动互联网服务,2020-12-31,2021-12-31
SH603533,传媒,数字媒体,文字媒体,2021-12-31,
SH603535,交通运输,物流,物流,2020-12-31,2021-12-31
SH603535,交通运输,物流,跨境物流,2021-12-31,
SH603536,食品饮料,食品加工,食品综合,2020-12-31,2021-12-31
SH603536,食品饮料,食品加工,预加工食品,2021-12-31,
SH603538,医药生物,化学制药,原料药,2020-12-31,
SH603551,家用电器,白色家电,小家电,2020-12-31,2021-12-31
SH603551,家用电器,厨卫电器,卫浴电器,2021-12-31,
SH603555,纺织服饰,服装家纺,休闲服装,2020-12-31,2021-12-31
SH603555,纺织服饰,服装家纺,运动服装,2021-12-31,2024-03-29
SH603556,机械设备,仪器仪表,仪器仪表,2020-12-31,2021-12-31
SH603556,电力设备,电网设备,电工仪器仪表,2021-12-31,
SH603557,纺织服饰,服装家纺,鞋帽及其他,2020-12-31,
SH603558,纺织服饰,服装家纺,其他服装,2020-12-31,2021-12-31
SH603558,纺织服饰,纺织制造,棉纺,2021-12-31,
SH603559,通信,通信设备,通信配套服务,2020-12-31,2021-12-31
SH603559,通信,通信服务,通信工程及服务,2021-12-31,
SH603565,交通运输,航运,航运,2020-12-31,2021-12-31
SH603565,交通运输,航运港口,航运,2021-12-31,
SH603566,农林牧渔,动物保健,动物保健,2020-12-31,
SH603567,医药生物,中药,中药,2020-12-31,
SH603568,公用事业,环保工程及服务,环保工程及服务,2020-12-31,2021-12-31
SH603568,环保,环境治理,固废治理,2021-12-31,
SH603569,交通运输,物流,物流,2020-12-31,2021-12-31
SH603569,交通运输,物流,公路货运,2021-12-31,
SH603577,电力设备,高低压设备,线缆部件及其他,2020-12-31,2021-12-31
SH603577,电力设备,电网设备,线缆部件及其他,2021-12-31,
SH603578,家用电器,白色家电,家电零部件,2020-12-31,2021-12-31
SH603578,家用电器,家电零部件,家电零部件,2021-12-31,
SH603579,家用电器,白色家电,小家电,2020-12-31,2021-12-31
SH603579,家用电器,其他家电,其他家电,2021-12-31,
SH603580,基础化工,塑料,其他塑料制品,2020-12-31,
SH603583,电力设备,电气自动化设备,工控自动化,2020-12-31,2021-12-31
SH603583,机械设备,自动化设备,工控设备,2021-12-31,
SH603585,基础化工,化学制品,农药,2020-12-31,2021-12-31
SH603585,基础化工,农化制品,农药,2021-12-31,
SH603586,汽车,汽车零部件,汽车零部件,2020-12-31,2021-12-31
SH603586,汽车,汽车零部件,底盘与发动机系统,2021-12-31,
SH603587,纺织服饰,服装家纺,女装,2020-12-31,2021-12-31
SH603587,纺织服饰,服装家纺,非运动服装,2021-12-31,
SH603588,公用事业,环保工程及服务,环保工程及服务,2020-12-31,2021-12-31
SH603588,环保,环境治理,固废治理,2021-12-31,
SH603589,食品饮料,饮料制造,白酒,2020-12-31,2021-12-31
SH603589,食品饮料,白酒,白酒,2021-12-31,
SH603590,医药生物,生物制品,生物制品,2020-12-31,2021-12-31
SH603590,医药生物,生物制品,其他生物制品,2021-12-31,
SH603595,电子,其他电子,其他电子,2020-12-31,2021-12-31
SH603595,电子,消费电子,消费电子零部件及组装,2021-12-31,
SH603596,汽车,汽车零部件,汽车零部件,2020-12-31,2021-12-31
SH603596,汽车,汽车零部件,底盘与发动机系统,2021-12-31,
SH603598,传媒,营销传播,营销服务,2020-12-31,2021-12-31
SH603598,传媒,广告营销,营销代理,2021-12-31,
SH603599,基础化工,化学制品,农药,2020-12-31,2021-12-31
SH603599,基础化工,农化制品,农药,2021-12-31,
SH603600,轻工制造,家居用品,家具,2020-12-31,2021-12-31
SH603600,轻工制造,家居用品,成品家居,2021-12-31,
SH603601,基础化工,化学制品,玻纤,2020-12-31,2021-12-31
SH603601,建筑材料,玻璃玻纤,玻纤制造,2021-12-31,
SH603602,通信,通信设备,通信配套服务,2020-12-31,2021-12-31
SH603602,通信,通信服务,通信工程及服务,2021-12-31,2026-03-31
SH603602,传媒,广告营销,营销代理,2026-03-31,
SH603603,公用事业,环保工程及服务,环保工程及服务,2020-12-31,2021-12-31
SH603603,环保,环境治理,水务及水治理,2021-12-31,2024-04-30
SH603605,基础化工,化学制品,日用化学产品,2020-12-31,2021-12-31
SH603605,美容护理,化妆品,品牌化妆品,2021-12-31,
SH603606,电力设备,高低压设备,线缆部件及其他,2020-12-31,2021-12-31
SH603606,电力设备,电网设备,线缆部件及其他,2021-12-31,
SH603607,轻工制造,包装印刷,包装印刷,2020-12-31,2021-12-31
SH603607,轻工制造,包装印刷,综合包装,2021-12-31,
SH603608,纺织服饰,服装家纺,鞋帽及其他,2020-12-31,
SH603609,农林牧渔,饲料,饲料,2020-12-31,2021-12-31
SH603609,农林牧渔,饲料,畜禽饲料,2021-12-31,
SH603610,轻工制造,家居用品,家具,2020-12-31,2021-12-31
SH603610,轻工制造,家居用品,成品家居,2021-12-31,
SH603611,机械设备,专用设备,工程机械,2020-12-31,2021-12-31
SH603611,机械设备,工程机械,工程机械整机,2021-12-31,2022-07-29
SH603611,计算机,IT服务,IT服务,2022-07-29,2024-07-31
SH603611,机械设备,工程机械,工程机械整机,2024-07-31,
SH603612,有色金属,金属新材料,非金属材料,2020-12-31,2021-12-31
SH603612,基础化工,非金属材料,非金属材料,2021-12-31,
SH603613,传媒,互联网传媒,互联网信息服务,2020-12-31,2021-12-31
SH603613,商贸零售,互联网电商,综合电商,2021-12-31,
SH603615,基础化工,塑料,其他塑料制品,2020-12-31,2021-12-31
SH603615,轻工制造,家居用品,其他家居用品,2021-12-31,
SH603616,建筑材料,装修建材,管材,2020-12-31,2021-12-31
SH603616,建筑材料,水泥,水泥制品,2021-12-31,
SH603617,机械设备,通用设备,其他通用设备,2020-12-31,
SH603618,电力设备,高低压设备,线缆部件及其他,2020-12-31,2021-12-31
SH603618,电力设备,电网设备,线缆部件及其他,2021-12-31,
SH603619,煤炭,采掘服务,油气钻采服务,2020-12-31,2021-12-31
SH603619,石油石化,油服工程,油田服务,2021-12-31,
SH603626,机械设备,金属制品,金属制品,2020-12-31,2021-12-31
SH603626,电子,消费电子,消费电子零部件及组装,2021-12-31,
SH603628,电力设备,其他电源设备,光伏设备,2020-12-31,2021-12-31
SH603628,电力设备,光伏设备,光伏辅材,2021-12-31,
SH603629,电子,消费电子,电子零部件制造,2020-12-31,2021-12-31
SH603629,电子,消费电子,消费电子零部件及组装,2021-12-31,
SH603630,基础化工,化学制品,日用化学产品,2020-12-31,2021-12-31
SH603630,美容护理,化妆品,品牌化妆品,2021-12-31,
SH603633,电子,消费电子,电子零部件制造,2020-12-31,2021-12-31
SH603633,电子,消费电子,消费电子零部件及组装,2021-12-31,
SH603636,计算机,计算机应用,IT服务,2020-12-31,2021-12-31
SH603636,计算机,IT服务,IT服务,2021-12-31,
SH603637,建筑装饰,专业工程,化学工程,2020-12-31,
SH603638,机械设备,专用设备,其他专用设备,2020-12-31,2021-12-31
SH603638,机械设备,工程机械,工程机械器件,2021-12-31,
SH603639,基础化工,化学制品,农药,2020-12-31,2021-12-31
SH603639,基础化工,农化制品,农药,2021-12-31,
SH603648,交通运输,物流,物流,2020-12-31,2021-12-31
SH603648,交通运输,物流,中间产品及消费品供应链服务,2021-12-31,
SH603650,基础化工,化学制品,其他化学制品,2020-12-31,2021-12-31
SH603650,基础化工,橡胶,橡胶助剂,2021-12-31,
SH603655,汽车,汽车零部件,汽车零部件,2020-12-31,2021-12-31
SH603655,汽车,汽车零部件,其他汽车零部件,2021-12-31,
SH603656,机械设备,专用设备,其他专用设备,2020-12-31,
SH603657,家用电器,白色家电,家电零部件,2020-12-31,2021-12-31
SH603657,家用电器,家电零部件,家电零部件,2021-12-31,
SH603658,医药生物,医疗器械,医疗器械,2020-12-31,2021-12-31
SH603658,医药生物,医疗器械,体外诊断,2021-12-31,
SH603659,电力设备,其他电源设备,储能设备,2020-12-31,2021-12-31
SH603659,电力设备,电池,电池化学品,2021-12-31,
SH603660,计算机,计算机设备,计算机设备,2020-12-31,2021-12-31
SH603660,计算机,计算机设备,其他计算机设备,2021-12-31,
SH603661,轻工制造,家居用品,家具,2020-12-31,2021-12-31
SH603661,轻工制造,家居用品,成品家居,2021-12-31,
SH603662,机械设备,仪器仪表,仪器仪表,2020-12-31,2021-12-31
SH603662,机械设备,通用设备,仪器仪表,2021-12-31,
SH603663,有色金属,小金属,其他小金属,2020-12-31,2021-12-31
SH603663,基础化工,化学原料,无机盐,2021-12-31,
SH603665,纺织服饰,服装家纺,其他服装,2020-12-31,2021-12-31
SH603665,纺织服饰,服装家纺,鞋帽及其他,2021-12-31,
SH603666,机械设备,通用设备,其他通用设备,2020-12-31,2021-12-31
SH603666,机械设备,自动化设备,机器人,2021-12-31,
SH603667,机械设备,通用设备,机械基础件,2020-12-31,2021-12-31
SH603667,机械设备,通用设备,金属制品,2021-12-31,
SH603668,农林牧渔,饲料,饲料,2020-12-31,2021-12-31
SH603668,农林牧渔,饲料,水产饲料,2021-12-31,
SH603669,医药生物,化学制药,化学制剂,2020-12-31,
SH603676,医药生物,化学制药,化学制剂,2020-12-31,
SH603677,家用电器,白色家电,家电零部件,2020-12-31,2021-12-31
SH603677,家用电器,家电零部件,家电零部件,2021-12-31,
SH603678,电子,元件,被动元件,2020-12-31,2021-02-26
SH603678,国防军工,航天装备,航天装备,2021-02-26,2021-12-31
SH603678,国防军工,军工电子,军工电子,2021-12-31,
SH603679,电子,光学光电子,LED,2020-12-31,
SH603680,机械设备,轨交设备,轨交设备,2020-12-31,
SH603681,基础化工,化学制品,其他化学制品,2020-12-31,2021-12-31
SH603681,基础化工,化学制品,胶黏剂及胶带,2021-12-31,
SH603682,商贸零售,商业物业经营,一般物业经营,2020-12-31,2021-12-31
SH603682,商贸零售,一般零售,商业物业经营,2021-12-31,
SH603683,基础化工,化学制品,其他化学制品,2020-12-31,2021-12-31
SH603683,基础化工,化学制品,胶黏剂及胶带,2021-12-31,
SH603685,电子,光学光电子,LED,2020-12-31,
SH603686,机械设备,专用设备,其他专用设备,2020-12-31,2021-12-31
SH603686,环保,环保设备,环保设备,2021-12-31,2024-07-31
SH603686,环保,环境治理,综合环境治理,2024-07-31,
SH603687,轻工制造,包装印刷,包装印刷,2020-12-31,2021-12-31
SH603687,轻工制造,包装印刷,纸包装,2021-12-31,
SH603688,有色金属,金属新材料,非金属材料,2020-12-31,2021-12-31
SH603688,基础化工,非金属材料,非金属材料,2021-12-31,
SH603689,公用事业,燃气,燃气,2020-12-31,
SH603690,机械设备,专用设备,其他专用设备,2020-12-31,2021-12-31
SH603690,电子,半导体,半导体设备,2021-12-31,
SH603693,公用事业,电力,新能源发电,2020-12-31,2021-12-31
SH603693,公用事业,电力,风力发电,2021-12-31,
SH603696,食品饮料,食品加工,调味发酵品,2020-12-31,2021-12-31
SH603696,食品饮料,调味发酵品,调味发酵品,2021-12-31,
SH603697,食品饮料,食品加工,食品综合,2020-12-31,2021-12-31
SH603697,食品饮料,休闲食品,零食,2021-12-31,
SH603698,建筑装饰,专业工程,化学工程,2020-12-31,2021-12-31
SH603698,机械设备,专用设备,能源及重型设备,2021-12-31,
SH603699,机械设备,通用设备,机械基础件,2020-12-31,2021-12-31
SH603699,机械设备,通用设备,金属制品,2021-12-31,
SH603700,机械设备,仪器仪表,仪器仪表,2020-12-31,2021-12-31
SH603700,机械设备,通用设备,仪器仪表,2021-12-31,
SH603701,汽车,汽车零部件,汽车零部件,2020-12-31,2021-12-31
SH603701,汽车,汽车零部件,底盘与发动机系统,2021-12-31,
SH603703,通信,通信设备,通信传输设备,2020-12-31,2021-12-31
SH603703,电子,光学光电子,LED,2021-12-31,
SH603706,公用事业,燃气,燃气,2020-12-31,
SH603707,医药生物,化学制药,原料药,2020-12-31,2021-12-31
SH603707,医药生物,化学制药,化学制剂,2021-12-31,
SH603708,商贸零售,一般零售,超市,2020-12-31,
SH603709,轻工制造,家居用品,家具,2020-12-31,2021-12-31
SH603709,轻工制造,家居用品,成品家居,2021-12-31,
SH603711,食品饮料,饮料制造,软饮料,2020-12-31,2021-12-31
SH603711,食品饮料,饮料乳品,软饮料,2021-12-31,
SH603712,通信,通信设备,终端设备,2020-12-31,2021-12-31
SH603712,国防军工,军工电子,军工电子,2021-12-31,
SH603713,交通运输,物流,物流,2020-12-31,2021-12-31
SH603713,交通运输,物流,仓储物流,2021-12-31,
SH603716,医药生物,医药商业,医药商业,2020-12-31,2021-12-31
SH603716,医药生物,医药商业,医药流通,2021-12-31,
SH603717,建筑装饰,园林工程,园林工程,2020-12-31,2021-12-31
SH603717,建筑装饰,基础建设,园林工程,2021-12-31,2025-08-29
SH603717,农林牧渔,养殖业,生猪养殖,2025-08-29,
SH603718,农林牧渔,动物保健,动物保健,2020-12-31,2026-01-30
SH603718,医药生物,医疗器械,医疗耗材,2026-01-30,
SH603719,食品饮料,食品加工,食品综合,2020-12-31,2021-12-31
SH603719,食品饮料,休闲食品,零食,2021-12-31,
SH603721,传媒,文化传媒,影视动漫,2020-12-31,2021-12-31
SH603721,传媒,影视院线,影视动漫制作,2021-12-31,
SH603722,基础化工,化学制品,其他化学制品,2020-12-31,2021-12-31
SH603722,基础化工,塑料,其他塑料制品,2021-12-31,2022-07-29
SH603722,基础化工,化学制品,其他化学制品,2022-07-29,
SH603725,基础化工,化学制品,其他化学制品,2020-12-31,2024-07-31
SH603725,轻工制造,家居用品,瓷砖地板,2024-07-31,
SH603726,家用电器,白色家电,家电零部件,2020-12-31,2021-12-31
SH603726,家用电器,家电零部件,家电零部件,2021-12-31,
SH603727,煤炭,采掘服务,油气钻采服务,2020-12-31,2021-12-31
SH603727,石油石化,油服工程,油气及炼化工程,2021-12-31,
SH603728,电力设备,电机,电机,2020-12-31,
SH603729,传媒,营销传播,营销服务,2020-12-31,2021-12-31
SH603729,传媒,广告营销,营销代理,2021-12-31,
SH603730,汽车,汽车零部件,汽车零部件,2020-12-31,2021-12-31
SH603730,汽车,汽车零部件,车身附件及饰件,2021-12-31,
SH603733,轻工制造,造纸,造纸,2020-12-31,2021-12-31
SH603733,轻工制造,造纸,特种纸,2021-12-31,
SH603737,基础化工,化学制品,涂料油墨,2020-12-31,2021-12-31
SH603737,建筑材料,装修建材,涂料,2021-12-31,
SH603738,电子,元件,被动元件,2020-12-31,
SH603739,农林牧渔,动物保健,动物保健,2020-12-31,2022-07-29
SH603739,基础化工,化学制品,食品及饲料添加剂,2022-07-29,
SH603755,食品饮料,食品加工,调味发酵品,2020-12-31,2021-12-31
SH603755,食品饮料,调味发酵品,调味发酵品,2021-12-31,
SH603757,机械设备,通用设备,其他通用设备,2020-12-31,
SH603758,汽车,汽车零部件,汽车零部件,2020-12-31,2021-12-31
SH603758,汽车,汽车零部件,底盘与发动机系统,2021-12-31,
SH603759,公用事业,水务,水务,2021-03-31,2021-12-31
SH603759,环保,环境治理,水务及水治理,2021-12-31,
SH603766,汽车,摩托车及其他,其他运输设备,2020-12-31,2021-12-31
SH603766,汽车,摩托车及其他,摩托车,2021-12-31,
SH603767,汽车,汽车零部件,汽车零部件,2020-12-31,2021-12-31
SH603767,汽车,汽车零部件,底盘与发动机系统,2021-12-31,
SH603768,汽车,汽车零部件,汽车零部件,2020-12-31,2021-12-31
SH603768,汽车,汽车零部件,其他汽车零部件,2021-12-31,
SH603773,电子,光学光电子,面板,2020-12-31,
SH603776,汽车,摩托车及其他,其他运输设备,2020-12-31,2021-12-31
SH603776,汽车,摩托车及其他,摩托车,2021-12-31,
SH603777,食品饮料,食品加工,食品综合,2020-12-31,2021-12-31
SH603777,食品饮料,休闲食品,零食,2021-12-31,
SH603778,建筑装饰,园林工程,园林工程,2020-12-31,2021-12-31
SH603778,建筑装饰,基础建设,园林工程,2021-12-31,2026-07-31
SH603778,电力设备,光伏设备,光伏电池组件,2026-07-31,
SH603779,食品饮料,饮料制造,葡萄酒,2020-12-31,2021-12-31
SH603779,食品饮料,非白酒,其他酒类,2021-12-31,
SH603786,汽车,汽车零部件,汽车零部件,2020-12-31,2021-12-31
SH603786,汽车,汽车零部件,汽车电子电气系统,2021-12-31,
SH603787,汽车,摩托车及其他,其他运输设备,2020-12-31,2021-12-31
SH603787,汽车,摩托车及其他,摩托车,2021-12-31,
SH603788,汽车,汽车零部件,汽车零部件,2020-12-31,2021-12-31
SH603788,汽车,汽车零部件,底盘与发动机系统,2021-12-31,
SH603789,机械设备,专用设备,农用机械,2020-12-31,
SH603790,基础化工,化学制品,纺织化学制品,2020-12-31,
SH603797,公用事业,水务,水务,2020-12-31,2021-12-31
SH603797,环保,环境治理,水务及水治理,2021-12-31,
SH603798,基础化工,石油化工,石油加工,2020-12-31,2021-12-31
SH603798,石油石化,炼化及贸易,其他石化,2021-12-31,
SH603799,有色金属,小金属,其他小金属,2020-12-31,2021-12-31
SH603799,有色金属,能源金属,钴,2021-12-31,
SH603800,机械设备,专用设备,能源及重型设备,2020-12-31,
SH603801,轻工制造,家居用品,家具,2020-12-31,2021-12-31
SH603801,轻工制造,家居用品,定制家居,2021-12-31,
SH603803,通信,通信设备,通信传输设备,2020-12-31,2021-12-31
SH603803,通信,通信设备,通信终端及配件,2021-12-31,
SH603806,电力设备,其他电源设备,光伏设备,2020-12-31,2021-12-31
SH603806,电力设备,光伏设备,光伏辅材,2021-12-31,
SH603808,纺织服饰,服装家纺,女装,2020-12-31,2021-12-31
SH603808,纺织服饰,服装家纺,非运动服装,2021-12-31,
SH603809,汽车,汽车零部件,汽车零部件,2020-12-31,2021-12-31
SH603809,汽车,汽车零部件,底盘与发动机系统,2021-12-31,
SH603810,基础化工,化学制品,农药,2020-12-31,2021-12-31
SH603810,基础化工,农化制品,农药,2021-12-31,
SH603811,医药生物,化学制药,化学制剂,2020-12-31,
SH603813,交通运输,物流,物流,2020-12-31,2021-12-31
SH603813,交通运输,物流,公路货运,2021-12-31,
SH603815,建筑装饰,基础建设,路桥施工,2020-12-31,2021-12-31
SH603815,建筑装饰,基础建设,基建市政工程,2021-12-31,
SH603816,轻工制造,家居用品,家具,2020-12-31,2021-12-31
SH603816,轻工制造,家居用品,成品家居,2021-12-31,
SH603817,公用事业,水务,水务,2020-12-31,2021-12-31
SH603817,环保,环境治理,水务及水治理,2021-12-31,
SH603818,轻工制造,家居用品,家具,2020-12-31,2021-12-31
SH603818,轻工制造,家居用品,成品家居,2021-12-31,
SH603819,电力设备,电机,电机,2020-12-31,
SH603822,基础化工,化学制品,其他化学制品,2020-12-31,
SH603823,基础化工,化学制品,涂料油墨,2020-12-31,
SH603825,传媒,营销传播,营销服务,2020-12-31,2021-12-31
SH603825,传媒,广告营销,营销代理,2021-12-31,
SH603826,有色金属,金属新材料,非金属材料,2020-12-31,2021-12-31
SH603826,基础化工,非金属材料,非金属材料,2021-12-31,
SH603828,建筑装饰,装修装饰,装修装饰,2020-12-31,
SH603829,电力设备,高低压设备,低压设备,2020-12-31,2021-12-31
SH603829,电力设备,电网设备,配电设备,2021-12-31,
SH603833,轻工制造,家居用品,家具,2020-12-31,2021-12-31
SH603833,轻工制造,家居用品,定制家居,2021-12-31,
SH603836,交通运输,物流,物流,2021-05-31,2021-12-31
SH603836,交通运输,物流,跨境物流,2021-12-31,
SH603838,轻工制造,家居用品,其他家用轻工,2020-12-31,2021-12-31
SH603838,轻工制造,家居用品,其他家居用品,2021-12-31,
SH603839,纺织服饰,服装家纺,女装,2020-12-31,2021-12-31
SH603839,纺织服饰,服装家纺,非运动服装,2021-12-31,
SH603843,建筑装饰,基础建设,路桥施工,2020-12-31,2021-12-31
SH603843,建筑装饰,基础建设,基建市政工程,2021-12-31,
SH603848,轻工制造,家居用品,家具,2020-12-31,2021-12-31
SH603848,轻工制造,家居用品,成品家居,2021-12-31,
SH603855,机械设备,专用设备,其他专用设备,2020-12-31,
SH603856,建筑材料,装修建材,管材,2020-12-31,
SH603858,医药生物,中药,中药,2020-12-31,
SH603859,电力设备,电气自动化设备,工控自动化,2020-12-31,2021-12-31
SH603859,机械设备,自动化设备,工控设备,2021-12-31,2022-07-29
SH603859,计算机,IT服务,IT服务,2022-07-29,
SH603860,建筑装饰,基础建设,路桥施工,2020-12-31,2021-12-31
SH603860,建筑装饰,工程咨询服务,工程咨询服务,2021-12-31,
SH603861,电力设备,高低压设备,中压设备,2020-12-31,2021-12-31
SH603861,电力设备,电网设备,配电设备,2021-12-31,
SH603863,轻工制造,造纸,造纸,2020-12-31,2021-12-31
SH603863,轻工制造,造纸,大宗用纸,2021-12-31,
SH603866,食品饮料,食品加工,食品综合,2020-12-31,2021-12-31
SH603866,食品饮料,休闲食品,烘焙食品,2021-12-31,
SH603867,基础化工,化学制品,其他化学制品,2020-12-31,
SH603868,家用电器,白色家电,小家电,2020-12-31,2021-12-31
SH603868,家用电器,小家电,个护小家电,2021-12-31,
SH603869,计算机,计算机应用,IT服务,2020-12-31,2021-12-31
SH603869,计算机,IT服务,IT服务,2021-12-31,
SH603871,交通运输,物流,物流,2020-12-31,2021-12-31
SH603871,交通运输,物流,跨境物流,2021-12-31,
SH603876,有色金属,工业金属,铝,2020-12-31,
SH603877,纺织服饰,服装家纺,休闲服装,2020-12-31,2021-12-31
SH603877,纺织服饰,服装家纺,非运动服装,2021-12-31,
SH603878,钢铁,钢铁,普钢,2020-12-31,2021-12-31
SH603878,钢铁,普钢,钢铁管材,2021-12-31,
SH603879,基础化工,化学制品,其他化学制品,2020-12-31,2021-12-31
SH603879,基础化工,塑料,合成树脂,2021-12-31,
SH603880,医药生物,医疗器械,医疗器械,2020-12-31,2021-12-31
SH603880,医药生物,医疗器械,医疗耗材,2021-12-31,
SH603881,计算机,计算机应用,IT服务,2020-12-31,2021-12-31
SH603881,计算机,IT服务,IT服务,2021-12-31,2023-07-31
SH603881,通信,通信服务,通信应用增值服务,2023-07-31,
SH603882,医药生物,医疗服务,医疗服务,2020-12-31,2021-12-31
SH603882,医药生物,医疗服务,诊断服务,2021-12-31,
SH603883,医药生物,医药商业,医药商业,2020-12-31,2021-12-31
SH603883,医药生物,医药商业,线下药店,2021-12-31,
SH603885,交通运输,航空运输,航空运输,2020-12-31,2021-12-31
SH603885,交通运输,航空机场,航空运输,2021-12-31,
SH603886,食品饮料,食品加工,食品综合,2020-12-31,2021-12-31
SH603886,食品饮料,休闲食品,烘焙食品,2021-12-31,
SH603887,建筑装饰,房屋建设,房屋建设,2020-12-31,2021-12-31
SH603887,计算机,IT服务,IT服务,2021-12-31,
SH603888,传媒,互联网传媒,互联网信息服务,2020-12-31,2021-12-31
SH603888,传媒,数字媒体,门户网站,2021-12-31,
SH603889,纺织服饰,纺织制造,毛纺,2020-12-31,2021-12-31
SH603889,纺织服饰,纺织制造,其他纺织,2021-12-31,
SH603890,电子,消费电子,电子零部件制造,2020-12-31,2021-12-31
SH603890,电子,消费电子,消费电子零部件及组装,2021-12-31,
SH603893,电子,半导体,集成电路,2020-12-31,2021-12-31
SH603893,电子,半导体,数字芯片设计,2021-12-31,
SH603895,机械设备,专用设备,其他专用设备,2020-12-31,
SH603896,医药生物,中药,中药,2020-12-31,
SH603897,电力设备,高低压设备,线缆部件及其他,2020-12-31,2021-12-31
SH603897,电力设备,电网设备,线缆部件及其他,2021-12-31,
SH603898,轻工制造,家居用品,家具,2020-12-31,2021-12-31
SH603898,轻工制造,家居用品,定制家居,2021-12-31,
SH603899,轻工制造,家居用品,文娱用品,2020-12-31,2021-12-31
SH603899,轻工制造,文娱用品,文化用品,2021-12-31,
SH603900,商贸零售,专业连锁,专业连锁,2020-12-31,2021-12-31
SH603900,纺织服饰,饰品,钟表珠宝,2021-12-31,
SH603901,机械设备,专用设备,印刷包装机械,2020-12-31,
SH603903,公用事业,水务,水务,2020-12-31,2021-12-31
SH603903,环保,环境治理,水务及水治理,2021-12-31,
SH603906,基础化工,石油化工,石油加工,2020-12-31,2021-12-31
SH603906,基础化工,化学制品,其他化学制品,2021-12-31,2023-09-28
SH603906,电力设备,电池,电池化学品,2023-09-28,
SH603908,纺织服饰,服装家纺,其他服装,2020-12-31,2021-12-31
SH603908,纺织服饰,服装家纺,鞋帽及其他,2021-12-31,
SH603909,建筑装饰,基础建设,路桥施工,2020-12-31,2021-12-31
SH603909,建筑装饰,工程咨询服务,工程咨询服务,2021-12-31,
SH603912,机械设备,专用设备,其他专用设备,2020-12-31,2021-12-31
SH603912,机械设备,通用设备,制冷空调设备,2021-12-31,
SH603915,机械设备,通用设备,机械基础件,2020-12-31,2021-12-31
SH603915,机械设备,通用设备,金属制品,2021-12-31,
SH603916,基础化工,化学制品,其他化学制品,2020-12-31,
SH603917,汽车,汽车零部件,汽车零部件,2020-12-31,2021-12-31
SH603917,汽车,汽车零部件,其他汽车零部件,2021-12-31,
SH603918,计算机,计算机应用,IT服务,2020-12-31,2021-12-31
SH603918,计算机,IT服务,IT服务,2021-12-31,
SH603919,食品饮料,饮料制造,白酒,2020-12-31,2021-12-31
SH603919,食品饮料,白酒,白酒,2021-12-31,
SH603920,电子,元件,印制电路板,2020-12-31,
SH603922,汽车,汽车零部件,汽车零部件,2020-12-31,2021-12-31
SH603922,汽车,汽车零部件,其他汽车零部件,2021-12-31,
SH603926,汽车,汽车零部件,汽车零部件,2020-12-31,2021-12-31
SH603926,汽车,汽车零部件,底盘与发动机系统,2021-12-31,
SH603927,计算机,计算机应用,软件开发,2020-12-31,2021-12-31
SH603927,计算机,软件开发,垂直应用软件,2021-12-31,
SH603928,基础化工,化学原料,其他化学原料,2020-12-31,2021-12-31
SH603928,基础化工,塑料,合成树脂,2021-12-31,
SH603929,建筑装饰,专业工程,其他专业工程,2020-12-31,
SH603931,电子,其他电子,其他电子,2020-12-31,2021-12-31
SH603931,电子,电子化学品,电子化学品,2021-12-31,
SH603933,电子,半导体,集成电路,2020-12-31,2021-12-31
SH603933,电子,其他电子,其他电子,2021-12-31,
SH603936,电子,元件,印制电路板,2020-12-31,
SH603937,建筑材料,装修建材,其他建材,2020-12-31,2021-12-31
SH603937,有色金属,工业金属,铝,2021-12-31,
SH603938,基础化工,化学原料,其他化学原料,2020-12-31,2021-12-31
SH603938,基础化工,农化制品,钾肥,2021-12-31,2022-07-29
SH603938,基础化工,化学原料,其他化学原料,2022-07-29,
SH603939,医药生物,医药商业,医药商业,2020-12-31,2021-12-31
SH603939,医药生物,医药商业,线下药店,2021-12-31,
SH603948,基础化工,化学制品,其他化学制品,2020-12-31,
SH603949,基础化工,化学制品,其他化学制品,2020-12-31,2021-12-31
SH603949,汽车,汽车零部件,底盘与发动机系统,2021-12-31,
SH603950,汽车,汽车零部件,汽车零部件,2020-12-31,2021-12-31
SH603950,汽车,汽车零部件,底盘与发动机系统,2021-12-31,
SH603955,建筑装饰,园林工程,园林工程,2020-12-31,2021-12-31
SH603955,建筑装饰,基础建设,园林工程,2021-12-31,
SH603956,机械设备,专用设备,其他专用设备,2020-12-31,
SH603958,纺织服饰,服装家纺,鞋帽及其他,2020-12-31,
SH603959,建筑装饰,专业工程,化学工程,2020-12-31,
SH603960,机械设备,专用设备,其他专用设备,2020-12-31,2021-12-31
SH603960,机械设备,自动化设备,其他自动化设备,2021-12-31,2026-07-31
SH603960,汽车,汽车零部件,底盘与发动机系统,2026-07-31,
SH603963,医药生物,中药,中药,2020-12-31,2025-03-31
SH603966,机械设备,专用设备,重型机械,2020-12-31,2021-12-31
SH603966,机械设备,专用设备,能源及重型设备,2021-12-31,
SH603967,交通运输,物流,物流,2020-12-31,2021-12-31
SH603967,交通运输,物流,跨境物流,2021-12-31,
SH603968,基础化工,化学制品,其他化学制品,2020-12-31,2021-12-31
SH603968,基础化工,化学制品,食品及饲料添加剂,2021-12-31,
SH603969,机械设备,金属制品,金属制品,2020-12-31,2021-12-31
SH603969,机械设备,通用设备,金属制品,2021-12-31,
SH603970,基础化工,化学制品,农药,2020-12-31,2021-12-31
SH603970,基础化工,农化制品,农药,2021-12-31,
SH603976,医药生物,医疗器械,医疗器械,2020-12-31,2021-12-31
SH603976,医药生物,医疗器械,医疗耗材,2021-12-31,
SH603977,基础化工,化学制品,民爆制品,2020-12-31,
SH603978,有色金属,金属新材料,其他金属新材料,2020-12-31,
SH603979,煤炭,采掘服务,其他采掘服务,2020-12-31,2021-12-31
SH603979,建筑装饰,专业工程,其他专业工程,2021-12-31,2023-10-31
SH603979,有色金属,工业金属,铜,2023-10-31,
SH603980,基础化工,化学制品,纺织化学制品,2020-12-31,
SH603982,汽车,汽车零部件,汽车零部件,2020-12-31,2021-12-31
SH603982,汽车,汽车零部件,底盘与发动机系统,2021-12-31,
SH603983,基础化工,化学制品,日用化学产品,2020-12-31,2021-12-31
SH603983,美容护理,化妆品,品牌化妆品,2021-12-31,
SH603985,机械设备,通用设备,机械基础件,2020-12-31,2021-12-31
SH603985,机械设备,通用设备,金属制品,2021-12-31,2022-07-29
SH603985,电力设备,风电设备,风电零部件,2022-07-29,
SH603986,电子,半导体,集成电路,2020-12-31,2021-12-31
SH603986,电子,半导体,数字芯片设计,2021-12-31,
SH603987,医药生物,医疗器械,医疗器械,2020-12-31,2021-12-31
SH603987,医药生物,医疗器械,医疗耗材,2021-12-31,
SH603988,电力设备,电机,电机,2020-12-31,
SH603989,电子,元件,被动元件,2020-12-31,
SH603990,计算机,计算机应用,软件开发,2020-12-31,2021-12-31
SH603990,计算机,软件开发,垂直应用软件,2021-12-31,
SH603991,基础化工,塑料,其他塑料制品,2020-12-31,2025-08-29
SH603991,电子,半导体,半导体设备,2025-08-29,
SH603992,轻工制造,家居用品,其他家用轻工,2020-12-31,2021-12-31
SH603992,轻工制造,家居用品,卫浴制品,2021-12-31,
SH603993,有色金属,小金属,其他小金属,2020-12-31,2021-12-31
SH603993,有色金属,小金属,钼,2021-12-31,2024-11-29
SH603993,有色金属,工业金属,铜,2024-11-29,
SH603995,钢铁,钢铁,特钢,2020-12-31,2021-12-31
SH603995,钢铁,特钢,特钢,2021-12-31,
SH603996,家用电器,黑色家电,彩电,2020-12-31,2021-12-31
SH603996,电子,消费电子,品牌消费电子,2021-12-31,2022-05-31
SH603997,汽车,汽车零部件,汽车零部件,2020-12-31,2021-12-31
SH603997,汽车,汽车零部件,车身附件及饰件,2021-12-31,
SH603998,医药生物,中药,中药,2020-12-31,
SH603999,传媒,文化传媒,平面媒体,2020-12-31,2021-12-31
SH603999,传媒,出版,大众出版,2021-12-31,
SH605001,机械设备,轨交设备,轨交设备,2020-12-31,
SH605003,纺织服饰,服装家纺,家纺,2020-12-31,
SH605005,汽车,汽车零部件,汽车零部件,2021-01-29,2021-12-31
SH605005,汽车,汽车零部件,汽车电子电气系统,2021-12-31,
SH605006,基础化工,化学制品,玻纤,2020-12-31,2021-12-31
SH605006,建筑材料,玻璃玻纤,玻纤制造,2021-12-31,
SH605007,轻工制造,造纸,造纸,2020-12-31,2021-12-31
SH605007,轻工制造,造纸,特种纸,2021-12-31,
SH605008,基础化工,塑料,其他塑料制品,2020-12-31,
SH605009,轻工制造,造纸,造纸,2020-12-31,2021-12-31
SH605009,美容护理,个护用品,生活用纸,2021-12-31,
SH605011,公用事业,电力,热力服务,2021-06-30,
SH605016,农林牧渔,农产品加工,其他农产品加工,2021-04-30,2021-12-31
SH605016,基础化工,化学制品,食品及饲料添加剂,2021-12-31,
SH605018,汽车,汽车零部件,汽车零部件,2020-12-31,2021-12-31
SH605018,汽车,汽车零部件,其他汽车零部件,2021-12-31,
SH605020,基础化工,化学制品,氟化工,2021-07-30,
SH605028,公用事业,电力,热力服务,2021-07-30,
SH605033,基础化工,化学制品,农药,2021-09-30,2021-12-31
SH605033,基础化工,农化制品,农药,2021-12-31,
SH605050,交通运输,物流,物流,2020-12-31,2021-12-31
SH605050,交通运输,物流,原材料供应链服务,2021-12-31,
SH605055,纺织服饰,纺织制造,印染,2021-01-29,
SH605056,机械设备,仪器仪表,仪器仪表,2021-07-30,2021-12-31
SH605056,机械设备,通用设备,仪器仪表,2021-12-31,
SH605058,电子,元件,印制电路板,2020-12-31,
SH605060,机械设备,通用设备,机械基础件,2021-03-31,2021-12-31
SH605060,机械设备,通用设备,其他通用设备,2021-12-31,
SH605066,电力设备,高低压设备,低压设备,2020-12-31,2021-12-31
SH605066,电力设备,电网设备,配电设备,2021-12-31,
SH605068,汽车,汽车零部件,汽车零部件,2020-12-31,2021-12-31
SH605068,汽车,汽车零部件,车身附件及饰件,2021-12-31,
SH605069,公用事业,环保工程及服务,环保工程及服务,2021-08-31,2021-12-31
SH605069,环保,环境治理,综合环境治理,2021-12-31,
SH605077,食品饮料,食品加工,食品综合,2021-02-26,2021-12-31
SH605077,基础化工,化学制品,食品及饲料添加剂,2021-12-31,
SH605080,纺织服饰,纺织制造,其他纺织,2021-05-31,2021-12-31
SH605080,轻工制造,文娱用品,娱乐用品,2021-12-31,
SH605081,建筑装饰,园林工程,园林工程,2021-02-26,2021-12-31
SH605081,环保,环境治理,水务及水治理,2021-12-31,2026-07-31
SH605086,煤炭,其他采掘,其他采掘,2021-04-30,2021-12-31
SH605086,基础化工,非金属材料,非金属材料,2021-12-31,
SH605088,汽车,汽车零部件,汽车零部件,2020-12-31,2021-12-31
SH605088,汽车,汽车零部件,底盘与发动机系统,2021-12-31,
SH605089,食品饮料,食品加工,食品综合,2021-04-30,2021-12-31
SH605089,食品饮料,食品加工,预加工食品,2021-12-31,
SH605090,公用事业,燃气,燃气,2021-05-31,
SH605098,综合,综合,综合,2021-04-30,2021-12-31
SH605098,社会服务,教育,培训教育,2021-12-31,
SH605099,轻工制造,其他轻工制造,其他轻工制造,2020-12-31,2021-12-31
SH605099,轻工制造,家居用品,其他家居用品,2021-12-31,
SH605100,机械设备,通用设备,机械基础件,2020-12-31,2021-12-31
SH605100,机械设备,通用设备,金属制品,2021-12-31,
SH605108,社会服务,餐饮,餐饮,2020-12-31,2021-12-31
SH605108,社会服务,酒店餐饮,餐饮,2021-12-31,
SH605111,电子,半导体,分立器件,2020-12-31,
SH605116,医药生物,化学制药,原料药,2020-12-31,
SH605117,家用电器,白色家电,家电零部件,2021-04-30,2021-12-31
SH605117,家用电器,家电零部件,家电零部件,2021-12-31,2023-07-31
SH605117,电力设备,光伏设备,逆变器,2023-07-31,
SH605118,电子,光学光电子,光学元件,2020-12-31,2021-12-31
SH605118,计算机,计算机设备,安防设备,2021-12-31,
SH605122,建筑材料,装修建材,其他建材,2021-03-31,2021-12-31
SH605122,建筑材料,水泥,水泥制品,2021-12-31,
SH605123,国防军工,航空装备,航空装备,2020-12-31,
SH605128,汽车,汽车零部件,汽车零部件,2020-12-31,2021-12-31
SH605128,汽车,汽车零部件,车身附件及饰件,2021-12-31,
SH605133,汽车,汽车零部件,汽车零部件,2021-02-26,2021-12-31
SH605133,汽车,汽车零部件,底盘与发动机系统,2021-12-31,
SH605136,传媒,营销传播,营销服务,2020-12-31,2021-12-31
SH605136,商贸零售,互联网电商,电商服务,2021-12-31,
SH605138,纺织服饰,服装家纺,其他服装,2021-10-29,2021-12-31
SH605138,纺织服饰,服装家纺,非运动服装,2021-12-31,
SH605151,交通运输,物流,物流,2020-12-31,2021-12-31
SH605151,汽车,汽车服务,汽车综合服务,2021-12-31,2022-07-29
SH605151,汽车,汽车零部件,车身附件及饰件,2022-07-29,
SH605155,基础化工,化学制品,其他化学制品,2020-12-31,2021-12-31
SH605155,轻工制造,家居用品,其他家居用品,2021-12-31,
SH605158,建筑材料,装修建材,其他建材,2020-12-31,2021-12-31
SH605158,钢铁,普钢,板材,2021-12-31,2023-07-31
SH605158,有色金属,金属新材料,其他金属新材料,2023-07-31,
SH605162,公用事业,电力,热力服务,2021-07-30,
SH605166,基础化工,化学纤维,其他化学纤维,2020-12-31,2021-12-31
SH605166,基础化工,化学纤维,锦纶,2021-12-31,
SH605167,建筑装饰,专业工程,化学工程,2021-07-30,
SH605168,传媒,营销传播,营销服务,2020-12-31,2021-12-31
SH605168,传媒,广告营销,营销代理,2021-12-31,
SH605169,公用事业,燃气,燃气,2020-12-31,
SH605177,医药生物,化学制药,原料药,2020-12-31,
SH605178,建筑装饰,装修装饰,装修装饰,2020-12-31,2022-07-29
SH605178,建筑装饰,专业工程,其他专业工程,2022-07-29,
SH605179,食品饮料,食品加工,乳品,2020-12-31,2021-12-31
SH605179,食品饮料,饮料乳品,乳品,2021-12-31,
SH605180,纺织服饰,纺织制造,其他纺织,2021-04-30,
SH605183,基础化工,橡胶,炭黑,2020-12-31,
SH605186,机械设备,专用设备,其他专用设备,2020-12-31,2021-12-31
SH605186,机械设备,自动化设备,其他自动化设备,2021-12-31,
SH605188,商贸零售,一般零售,超市,2020-12-31,
SH605189,纺织服饰,纺织制造,棉纺,2021-05-31,2021-12-31
SH605189,纺织服饰,纺织制造,印染,2021-12-31,
SH605196,电力设备,高低压设备,线缆部件及其他,2021-05-31,2021-12-31
SH605196,电力设备,电网设备,线缆部件及其他,2021-12-31,
SH605198,农林牧渔,农产品加工,果蔬加工,2020-12-31,
SH605199,医药生物,中药,中药,2020-12-31,
SH605208,有色金属,工业金属,铝,2021-03-31,
SH605218,电子,光学光电子,面板,2020-12-31,
SH605222,电力设备,高低压设备,线缆部件及其他,2020-12-31,2021-12-31
SH605222,电力设备,电网设备,线缆部件及其他,2021-12-31,
SH605228,汽车,汽车零部件,汽车零部件,2021-01-29,2021-12-31
SH605228,汽车,汽车零部件,车身附件及饰件,2021-12-31,
SH605255,汽车,汽车零部件,汽车零部件,2020-12-31,2021-12-31
SH605255,汽车,汽车零部件,底盘与发动机系统,2021-12-31,
SH605258,电子,元件,印制电路板,2020-12-31,
SH605259,机械设备,通用设备,其他通用设备,2021-06-30,2021-12-31
SH605259,机械设备,专用设备,其他专用设备,2021-12-31,
SH605266,医药生物,医药商业,医药商业,2020-12-31,2021-12-31
SH605266,医药生物,医药商业,线下药店,2021-12-31,
SH605268,轻工制造,家居用品,家具,2021-02-26,2021-12-31
SH605268,轻工制造,家居用品,定制家居,2021-12-31,
SH605277,电力设备,高低压设备,线缆部件及其他,2021-01-29,2021-12-31
SH605277,电子,消费电子,消费电子零部件及组装,2021-12-31,
SH605286,机械设备,专用设备,楼宇设备,2021-03-31,
SH605287,建筑装饰,装修装饰,装修装饰,2021-07-30,
SH605288,电力设备,电气自动化设备,工控自动化,2020-12-31,2021-12-31
SH605288,机械设备,自动化设备,工控设备,2021-12-31,
SH605289,建筑装饰,装修装饰,装修装饰,2021-04-30,2021-12-31
SH605289,建筑装饰,专业工程,其他专业工程,2021-12-31,
SH605296,农林牧渔,养殖业,畜禽养殖,2021-05-31,2021-12-31
SH605296,农林牧渔,养殖业,生猪养殖,2021-12-31,
SH605298,机械设备,轨交设备,轨交设备,2021-03-31,
SH605299,轻工制造,家居用品,文娱用品,2020-12-31,2021-12-31
SH605299,轻工制造,文娱用品,娱乐用品,2021-12-31,
SH605300,食品饮料,食品加工,食品综合,2021-04-30,2021-12-31
SH605300,食品饮料,饮料乳品,乳品,2021-12-31,
SH605303,建筑装饰,园林工程,园林工程,2021-03-31,2021-12-31
SH605303,建筑装饰,基础建设,园林工程,2021-12-31,
SH605305,机械设备,专用设备,其他专用设备,2021-05-31,2021-12-31
SH605305,机械设备,工程机械,工程机械整机,2021-12-31,
SH605318,建筑材料,装修建材,其他建材,2020-12-31,
SH605319,汽车,汽车零部件,汽车零部件,2021-06-30,2021-12-31
SH605319,汽车,汽车零部件,其他汽车零部件,2021-12-31,
SH605333,汽车,汽车零部件,汽车零部件,2020-12-31,2021-12-31
SH605333,汽车,汽车零部件,汽车电子电气系统,2021-12-31,
SH605336,家用电器,白色家电,小家电,2020-12-31,2021-12-31
SH605336,家用电器,厨卫电器,厨房电器,2021-12-31,
SH605337,食品饮料,饮料制造,软饮料,2021-02-26,2021-12-31
SH605337,食品饮料,饮料乳品,软饮料,2021-12-31,
SH605338,食品饮料,食品加工,食品综合,2020-12-31,2021-12-31
SH605338,食品饮料,食品加工,预加工食品,2021-12-31,
SH605339,食品饮料,食品加工,食品综合,2021-05-31,2021-12-31
SH605339,食品饮料,休闲食品,烘焙食品,2021-12-31,
SH605358,电子,半导体,集成电路,2020-12-31,2021-12-31
SH605358,电子,半导体,半导体材料,2021-12-31,
SH605365,电子,光学光电子,LED,2021-07-30,2021-12-31
SH605365,家用电器,照明设备,照明设备,2021-12-31,
SH605366,基础化工,化学制品,其他化学制品,2020-12-31,
SH605368,公用事业,燃气,燃气,2021-01-29,
SH605369,医药生物,医疗器械,医疗器械,2020-12-31,2021-12-31
SH605369,医药生物,医疗器械,医疗耗材,2021-12-31,
SH605376,有色金属,小金属,其他小金属,2020-12-31,2023-07-31
SH605376,有色金属,能源金属,镍,2023-07-31,
SH605377,轻工制造,造纸,造纸,2020-12-31,2021-12-31
SH605377,轻工制造,造纸,特种纸,2021-12-31,
SH605378,电力设备,其他电源设备,储能设备,2021-04-30,2021-12-31
SH605378,电力设备,电池,蓄电池及其他电池,2021-12-31,
SH605388,食品饮料,饮料制造,软饮料,2020-12-31,2021-12-31
SH605388,食品饮料,饮料乳品,乳品,2021-12-31,
SH605389,机械设备,通用设备,机械基础件,2021-03-31,2021-12-31
SH605389,机械设备,工程机械,工程机械器件,2021-12-31,
SH605398,计算机,计算机应用,IT服务,2021-01-29,2021-12-31
SH605398,计算机,IT服务,IT服务,2021-12-31,
SH605399,基础化工,化学制品,其他化学制品,2020-12-31,2021-12-31
SH605399,基础化工,化学制品,有机硅,2021-12-31,
SH605488,基础化工,塑料,其他塑料制品,2021-05-31,2022-07-29
SH605488,基础化工,塑料,膜材料,2022-07-29,
SH605499,食品饮料,饮料制造,软饮料,2021-05-31,2021-12-31
SH605499,食品饮料,饮料乳品,软饮料,2021-12-31,
SH605500,轻工制造,造纸,造纸,2020-12-31,2021-12-31
SH605500,轻工制造,造纸,大宗用纸,2021-12-31,
SH605507,医药生物,化学制药,原料药,2021-08-31,
SH605555,家用电器,白色家电,小家电,2021-10-29,2021-12-31
SH605555,家用电器,小家电,清洁小家电,2021-12-31,
SH605566,基础化工,化学制品,纺织化学制品,2021-10-29,
SH605567,食品饮料,食品加工,肉制品,2021-10-29,2021-12-31
SH605567,食品饮料,食品加工,预加工食品,2021-12-31,
SH605577,传媒,文化传媒,平面媒体,2021-08-31,2021-12-31
SH605577,传媒,出版,教育出版,2021-12-31,
SH605580,公用事业,电力,热力服务,2021-08-31,
SH605588,电子,光学光电子,面板,2021-08-31,2021-12-31
SH605588,电子,光学光电子,光学元件,2021-12-31,
SH605589,基础化工,化学制品,其他化学制品,2021-08-31,2021-12-31
SH605589,基础化工,塑料,合成树脂,2021-12-31,
SH605598,建筑装饰,专业工程,其他专业工程,2021-09-30,
SH605599,轻工制造,家居用品,珠宝首饰,2021-09-30,2021-12-31
SH605599,纺织服饰,饰品,钟表珠宝,2021-12-31,
SH688001,机械设备,专用设备,其他专用设备,2020-12-31,2021-12-31
SH688001,机械设备,通用设备,仪器仪表,2021-12-31,
SH688002,电子,半导体,集成电路,2020-12-31,2021-12-31
SH688002,国防军工,军工电子,军工电子,2021-12-31,2026-08-31
SH688002,电子,半导体,模拟芯片设计,2026-08-31,
SH688003,机械设备,通用设备,其他通用设备,2020-12-31,2021-12-31
SH688003,机械设备,自动化设备,其他自动化设备,2021-12-31,
SH688004,计算机,计算机应用,IT服务,2020-12-31,2021-12-31
SH688004,计算机,IT服务,IT服务,2021-12-31,
SH688005,基础化工,化学制品,其他化学制品,2020-12-31,2021-12-31
SH688005,电力设备,电池,电池化学品,2021-12-31,
SH688006,机械设备,专用设备,其他专用设备,2020-12-31,2021-12-31
SH688006,电力设备,电池,锂电专用设备,2021-12-31,
SH688007,电子,光学光电子,面板,2020-12-31,2021-12-31
SH688007,电子,消费电子,品牌消费电子,2021-12-31,
SH688008,电子,半导体,集成电路,2020-12-31,2021-12-31
SH688008,电子,半导体,数字芯片设计,2021-12-31,
SH688009,机械设备,轨交设备,轨交设备,2020-12-31,
SH688010,电子,光学光电子,光学元件,2020-12-31,
SH688011,国防军工,航空装备,航空装备,2020-12-31,2021-12-31
SH688011,国防军工,军工电子,军工电子,2021-12-31,
SH688012,机械设备,专用设备,其他专用设备,2020-12-31,2021-12-31
SH688012,电子,半导体,半导体设备,2021-12-31,
SH688013,医药生物,医疗器械,医疗器械,2020-12-31,2021-12-31
SH688013,医药生物,医疗器械,医疗耗材,2021-12-31,
SH688015,机械设备,轨交设备,轨交设备,2020-12-31,
SH688016,医药生物,医疗器械,医疗器械,2020-12-31,2021-12-31
SH688016,医药生物,医疗器械,医疗耗材,2021-12-31,
SH688017,机械设备,通用设备,机械基础件,2020-12-31,2021-12-31
SH688017,机械设备,自动化设备,机器人,2021-12-31,
SH688018,电子,半导体,集成电路,2020-12-31,2021-12-31
SH688018,电子,半导体,数字芯片设计,2021-12-31,
SH688019,电子,半导体,半导体材料,2020-12-31,2021-12-31
SH688019,电子,电子化学品,电子化学品,2021-12-31,
SH688020,电子,其他电子,其他电子,2020-12-31,2021-12-31
SH688020,电子,元件,印制电路板,2021-12-31,
SH688021,基础化工,化学制品,其他化学制品,2020-12-31,2021-12-31
SH688021,汽车,汽车零部件,其他汽车零部件,2021-12-31,
SH688022,机械设备,专用设备,其他专用设备,2020-12-31,
SH688023,计算机,计算机应用,软件开发,2020-12-31,2021-12-31
SH688023,计算机,软件开发,横向通用软件,2021-12-31,
SH688025,电子,其他电子,其他电子,2020-12-31,2021-12-31
SH688025,机械设备,自动化设备,激光设备,2021-12-31,
SH688026,基础化工,塑料,其他塑料制品,2020-12-31,2022-07-29
SH688026,医药生物,医疗器械,医疗耗材,2022-07-29,
SH688027,通信,通信设备,终端设备,2020-12-31,2021-12-31
SH688027,通信,通信设备,通信终端及配件,2021-12-31,
SH688028,机械设备,通用设备,磨具磨料,2020-12-31,
SH688029,医药生物,医疗器械,医疗器械,2020-12-31,2021-12-31
SH688029,医药生物,医疗器械,医疗耗材,2021-12-31,
SH688030,计算机,计算机应用,软件开发,2020-12-31,2021-12-31
SH688030,计算机,软件开发,横向通用软件,2021-12-31,
SH688031,计算机,软件开发,横向通用软件,2022-10-31,
SH688032,电力设备,光伏设备,逆变器,2021-12-31,
SH688033,机械设备,轨交设备,轨交设备,2020-12-31,
SH688035,电子,电子化学品,电子化学品,2022-09-30,
SH688036,电子,消费电子,电子系统组装,2020-12-31,2021-12-31
SH688036,电子,消费电子,品牌消费电子,2021-12-31,
SH688037,机械设备,专用设备,其他专用设备,2020-12-31,2021-12-31
SH688037,电子,半导体,半导体设备,2021-12-31,
SH688038,计算机,计算机应用,软件开发,2021-07-30,2021-12-31
SH688038,计算机,软件开发,垂直应用软件,2021-12-31,
SH688039,计算机,计算机应用,IT服务,2020-12-31,2021-12-31
SH688039,计算机,IT服务,IT服务,2021-12-31,
SH688041,电子,半导体,数字芯片设计,2022-08-31,
SH688045,电子,半导体,模拟芯片设计,2022-05-31,
SH688046,医药生物,医疗服务,医疗研发外包,2022-04-29,
SH688047,电子,半导体,数字芯片设计,2022-06-30,
SH688048,电子,半导体,分立器件,2022-04-29,
SH688049,电子,半导体,集成电路,2021-11-30,2021-12-31
SH688049,电子,半导体,数字芯片设计,2021-12-31,
SH688050,医药生物,医疗器械,医疗器械,2020-12-31,2021-12-31
SH688050,医药生物,医疗器械,医疗耗材,2021-12-31,
SH688051,计算机,计算机应用,IT服务,2020-12-31,2021-12-31
SH688051,计算机,IT服务,IT服务,2021-12-31,
SH688052,电子,半导体,模拟芯片设计,2022-04-29,
SH688053,国防军工,军工电子,军工电子,2022-07-29,
SH688055,电子,光学光电子,面板,2020-12-31,
SH688056,机械设备,仪器仪表,仪器仪表,2020-12-31,2021-12-31
SH688056,机械设备,通用设备,仪器仪表,2021-12-31,
SH688057,机械设备,专用设备,环保设备,2020-12-31,2021-12-31
SH688057,环保,环境治理,水务及水治理,2021-12-31,
SH688058,计算机,计算机应用,软件开发,2020-12-31,2021-12-31
SH688058,计算机,软件开发,横向通用软件,2021-12-31,
SH688059,机械设备,金属制品,金属制品,2021-02-26,2021-12-31
SH688059,机械设备,通用设备,金属制品,2021-12-31,
SH688060,计算机,计算机设备,计算机设备,2020-12-31,2021-12-31
SH688060,计算机,计算机设备,其他计算机设备,2021-12-31,
SH688061,电子,半导体,模拟芯片设计,2022-10-31,
SH688062,医药生物,化学制药,化学制剂,2022-01-28,
SH688063,电力设备,其他电源设备,储能设备,2020-12-31,2021-12-31
SH688063,电力设备,电池,锂电池,2021-12-31,
SH688065,基础化工,化学制品,其他化学制品,2020-12-31,
SH688066,计算机,计算机应用,IT服务,2020-12-31,2021-12-31
SH688066,计算机,IT服务,IT服务,2021-12-31,
SH688067,医药生物,医疗器械,医疗器械,2021-06-30,2021-12-31
SH688067,医药生物,医疗器械,体外诊断,2021-12-31,
SH688068,医药生物,医疗器械,医疗器械,2020-12-31,2021-12-31
SH688068,医药生物,医疗器械,体外诊断,2021-12-31,
SH688069,公用事业,环保工程及服务,环保工程及服务,2020-12-31,2021-12-31
SH688069,环保,环境治理,水务及水治理,2021-12-31,
SH688070,国防军工,航空装备,航空装备,2021-02-26,
SH688071,机械设备,专用设备,其他专用设备,2021-07-30,
SH688072,电子,半导体,半导体设备,2022-04-29,
SH688073,医药生物,医疗服务,医疗研发外包,2022-10-31,
SH688075,医药生物,医疗器械,医疗器械,2021-11-30,2021-12-31
SH688075,医药生物,医疗器械,体外诊断,2021-12-31,
SH688076,医药生物,医疗服务,医疗服务,2021-05-31,2021-12-31
SH688076,医药生物,医疗服务,医疗研发外包,2021-12-31,2024-12-31
SH688076,医药生物,化学制药,原料药,2024-12-31,
SH688077,有色金属,金属新材料,磁性材料,2020-12-31,
SH688078,计算机,计算机应用,软件开发,2020-12-31,2021-12-31
SH688078,计算机,软件开发,横向通用软件,2021-12-31,2023-07-31
SH688078,计算机,软件开发,垂直应用软件,2023-07-31,
SH688079,电子,光学光电子,光学元件,2021-03-31,
SH688080,通信,通信设备,终端设备,2020-12-31,2021-12-31
SH688080,通信,通信设备,其他通信设备,2021-12-31,
SH688081,国防军工,地面兵装,地面兵装,2020-12-31,2021-12-31
SH688081,国防军工,军工电子,军工电子,2021-12-31,
SH688082,机械设备,专用设备,其他专用设备,2021-11-30,2021-12-31
SH688082,电子,半导体,半导体设备,2021-12-31,
SH688083,计算机,计算机应用,软件开发,2021-03-31,2021-12-31
SH688083,计算机,软件开发,垂直应用软件,2021-12-31,
SH688084,国防军工,军工电子,军工电子,2022-12-30,
SH688085,医药生物,医疗器械,医疗器械,2020-12-31,2021-12-31
SH688085,医药生物,医疗器械,医疗耗材,2021-12-31,
SH688086,计算机,计算机设备,计算机设备,2020-12-31,2021-12-31
SH688086,计算机,计算机设备,其他计算机设备,2021-12-31,2023-07-31
SH688087,基础化工,塑料,其他塑料制品,2021-07-30,2026-07-31
SH688087,轻工制造,家居用品,其他家居用品,2026-07-31,
SH688088,计算机,计算机应用,IT服务,2020-12-31,2021-12-31
SH688088,计算机,IT服务,IT服务,2021-12-31,
SH688089,食品饮料,食品加工,食品综合,2020-12-31,2021-12-31
SH688089,基础化工,化学制品,食品及饲料添加剂,2021-12-31,
SH688090,机械设备,专用设备,其他专用设备,2020-12-31,2021-12-31
SH688090,机械设备,自动化设备,机器人,2021-12-31,
SH688091,医药生物,化学制药,化学制剂,2021-09-30,
SH688092,机械设备,专用设备,其他专用设备,2021-03-31,
SH688093,电子,其他电子,其他电子,2020-12-31,
SH688095,计算机,计算机应用,软件开发,2020-12-31,2021-12-31
SH688095,计算机,软件开发,横向通用软件,2021-12-31,
SH688096,公用事业,环保工程及服务,环保工程及服务,2020-12-31,2021-12-31
SH688096,环保,环境治理,水务及水治理,2021-12-31,
SH688097,机械设备,专用设备,其他专用设备,2021-05-31,2021-12-31
SH688097,机械设备,自动化设备,其他自动化设备,2021-12-31,
SH688098,农林牧渔,动物保健,动物保健,2020-12-31,
SH688099,电子,半导体,集成电路,2020-12-31,2021-12-31
SH688099,电子,半导体,数字芯片设计,2021-12-31,
SH688100,通信,通信设备,终端设备,2020-12-31,2021-12-31
SH688100,通信,通信设备,通信终端及配件,2021-12-31,
SH688101,公用事业,环保工程及服务,环保工程及服务,2020-12-31,2021-12-31
SH688101,环保,环境治理,水务及水治理,2021-12-31,
SH688102,机械设备,通用设备,金属制品,2022-03-31,2022-07-29
SH688102,有色金属,金属新材料,其他金属新材料,2022-07-29,
SH688103,电子,其他电子,其他电子,2021-09-30,
SH688105,医药生物,医疗器械,医疗器械,2021-11-30,2021-12-31
SH688105,医药生物,医疗器械,体外诊断,2021-12-31,2022-07-29
SH688105,医药生物,生物制品,其他生物制品,2022-07-29,
SH688106,基础化工,化学制品,其他化学制品,2020-12-31,2021-12-31
SH688106,电子,电子化学品,电子化学品,2021-12-31,
SH688107,电子,半导体,集成电路,2021-11-30,2021-12-31
SH688107,电子,半导体,数字芯片设计,2021-12-31,
SH688108,医药生物,医疗器械,医疗器械,2020-12-31,2021-12-31
SH688108,医药生物,医疗器械,医疗耗材,2021-12-31,
SH688109,计算机,计算机应用,软件开发,2021-03-31,2021-12-31
SH688109,计算机,软件开发,垂直应用软件,2021-12-31,
SH688110,电子,半导体,数字芯片设计,2021-12-31,
SH688111,计算机,计算机应用,软件开发,2020-12-31,2021-12-31
SH688111,计算机,软件开发,横向通用软件,2021-12-31,
SH688112,机械设备,通用设备,仪器仪表,2021-12-31,
SH688113,机械设备,专用设备,其他专用设备,2021-05-31,
SH688114,医药生物,医疗器械,医疗设备,2022-09-30,
SH688115,机械设备,通用设备,仪器仪表,2022-03-31,
SH688116,基础化工,化学制品,其他化学制品,2020-12-31,2021-12-31
SH688116,电力设备,电池,电池化学品,2021-12-31,
SH688117,医药生物,化学制药,化学制剂,2021-06-30,
SH688118,计算机,计算机应用,软件开发,2020-12-31,2021-12-31
SH688118,计算机,软件开发,垂直应用软件,2021-12-31,
SH688119,建筑材料,装修建材,耐火材料,2022-06-30,
SH688120,电子,半导体,半导体设备,2022-06-30,
SH688121,机械设备,专用设备,能源及重型设备,2021-09-30,
SH688122,有色金属,金属新材料,其他金属新材料,2020-12-31,2021-07-30
SH688122,国防军工,航空装备,航空装备,2021-07-30,
SH688123,电子,半导体,集成电路,2020-12-31,2021-12-31
SH688123,电子,半导体,数字芯片设计,2021-12-31,
SH688125,机械设备,自动化设备,其他自动化设备,2022-04-29,
SH688126,电子,半导体,半导体材料,2020-12-31,
SH688127,电子,光学光电子,光学元件,2020-12-31,
SH688128,机械设备,专用设备,其他专用设备,2020-12-31,
SH688129,基础化工,化学制品,涂料油墨,2020-12-31,
SH688130,电子,半导体,模拟芯片设计,2022-07-29,
SH688131,医药生物,化学制药,原料药,2021-06-30,2022-07-29
SH688131,医药生物,医疗服务,医疗研发外包,2022-07-29,
SH688132,国防军工,军工电子,军工电子,2022-09-30,
SH688133,基础化工,化学制品,其他化学制品,2020-12-31,
SH688135,电子,半导体,集成电路,2020-12-31,2021-12-31
SH688135,电子,半导体,集成电路封测,2021-12-31,
SH688136,医药生物,生物制品,生物制品,2020-12-31,2021-12-31
SH688136,医药生物,生物制品,其他生物制品,2021-12-31,
SH688137,医药生物,生物制品,其他生物制品,2022-09-30,
SH688138,电子,半导体,半导体材料,2020-12-31,
SH688139,医药生物,医疗器械,医疗器械,2020-12-31,2021-12-31
SH688139,医药生物,医疗器械,医疗设备,2021-12-31,
SH688141,电子,半导体,模拟芯片设计,2022-12-30,
SH688143,通信,通信设备,通信线缆及配套,2022-12-30,
SH688146,电子,半导体,半导体材料,2023-04-28,
SH688147,电力设备,光伏设备,光伏加工设备,2022-12-30,
SH688148,基础化工,化学制品,其他化学制品,2021-08-31,2021-12-31
SH688148,电力设备,电池,电池化学品,2021-12-31,
SH688150,电子,电子化学品,电子化学品,2022-03-31,
SH688151,国防军工,地面兵装,地面兵装,2021-12-31,2022-07-29
SH688151,医药生物,医疗器械,医疗耗材,2022-07-29,
SH688152,计算机,软件开发,横向通用软件,2022-10-31,
SH688153,电子,半导体,模拟芯片设计,2022-04-29,
SH688155,机械设备,专用设备,其他专用设备,2020-12-31,2021-12-31
SH688155,电力设备,电池,锂电专用设备,2021-12-31,
SH688156,公用事业,环保工程及服务,环保工程及服务,2020-12-31,2021-12-31
SH688156,环保,环境治理,固废治理,2021-12-31,2022-07-29
SH688156,环保,环境治理,水务及水治理,2022-07-29,2025-05-30
SH688156,农林牧渔,饲料,畜禽饲料,2025-05-30,
SH688157,基础化工,化学制品,涂料油墨,2020-12-31,
SH688158,计算机,计算机应用,IT服务,2020-12-31,2021-12-31
SH688158,计算机,IT服务,IT服务,2021-12-31,
SH688159,通信,通信设备,终端设备,2020-12-31,2021-12-31
SH688159,通信,通信设备,通信终端及配件,2021-12-31,
SH688160,机械设备,通用设备,其他通用设备,2020-12-31,2021-12-31
SH688160,机械设备,自动化设备,工控设备,2021-12-31,
SH688161,医药生物,医疗器械,医疗器械,2021-06-30,2021-12-31
SH688161,医药生物,医疗器械,医疗耗材,2021-12-31,
SH688162,汽车,汽车零部件,汽车零部件,2021-11-30,2021-12-31
SH688162,汽车,汽车零部件,底盘与发动机系统,2021-12-31,2022-07-29
SH688162,机械设备,专用设备,其他专用设备,2022-07-29,
SH688163,医药生物,生物制品,其他生物制品,2022-03-31,
SH688165,机械设备,通用设备,其他通用设备,2020-12-31,2021-12-31
SH688165,机械设备,自动化设备,机器人,2021-12-31,
SH688166,医药生物,化学制药,化学制剂,2020-12-31,2022-07-29
SH688166,医药生物,化学制药,原料药,2022-07-29,
SH688167,机械设备,自动化设备,激光设备,2021-12-31,2022-05-31
SH688167,电子,半导体,分立器件,2022-05-31,
SH688168,计算机,计算机应用,软件开发,2020-12-31,2021-12-31
SH688168,计算机,软件开发,横向通用软件,2021-12-31,
SH688169,机械设备,通用设备,其他通用设备,2020-12-31,2021-12-31
SH688169,家用电器,小家电,清洁小家电,2021-12-31,
SH688170,机械设备,自动化设备,激光设备,2022-04-29,
SH688171,计算机,软件开发,垂直应用软件,2022-01-28,
SH688172,电子,半导体,分立器件,2022-12-30,
SH688173,电子,半导体,模拟芯片设计,2022-01-28,
SH688175,国防军工,军工电子,军工电子,2022-03-31,
SH688176,医药生物,化学制药,化学制剂,2022-01-28,
SH688177,医药生物,生物制品,生物制品,2020-12-31,2021-12-31
SH688177,医药生物,生物制品,其他生物制品,2021-12-31,
SH688178,公用事业,环保工程及服务,环保工程及服务,2020-12-31,2021-12-31
SH688178,环保,环境治理,水务及水治理,2021-12-31,2022-07-29
SH688178,环保,环境治理,固废治理,2022-07-29,
SH688179,基础化工,化学制品,其他化学制品,2020-12-31,
SH688180,医药生物,生物制品,生物制品,2020-12-31,2021-12-31
SH688180,医药生物,生物制品,其他生物制品,2021-12-31,
SH688181,电子,光学光电子,面板,2020-12-31,
SH688182,通信,通信设备,通信传输设备,2021-11-30,2021-12-31
SH688182,通信,通信设备,通信网络设备及器件,2021-12-31,
SH688183,电子,元件,印制电路板,2021-02-26,
SH688184,电力设备,电池,电池化学品,2022-09-30,
SH688185,医药生物,生物制品,生物制品,2020-12-31,2021-12-31
SH688185,医药生物,生物制品,疫苗,2021-12-31,
SH688186,钢铁,钢铁,特钢,2020-12-31,2021-12-31
SH688186,钢铁,特钢,特钢,2021-12-31,2025-05-30
SH688186,电力设备,风电设备,风电零部件,2025-05-30,
SH688187,机械设备,轨交设备,轨交设备,2021-09-30,
SH688188,计算机,计算机应用,软件开发,2020-12-31,2021-12-31
SH688188,计算机,计算机设备,其他计算机设备,2021-12-31,
SH688189,医药生物,化学制药,化学制剂,2020-12-31,
SH688190,有色金属,金属新材料,其他金属新材料,2021-11-30,
SH688191,电力设备,电气自动化设备,电网自动化设备,2021-04-30,2021-12-31
SH688191,电力设备,电网设备,电网自动化设备,2021-12-31,
SH688192,医药生物,化学制药,化学制剂,2021-12-31,
SH688193,医药生物,医疗器械,体外诊断,2022-03-31,
SH688195,电子,光学光电子,光学元件,2021-03-31,
SH688196,基础化工,化学制品,其他化学制品,2020-12-31,
SH688197,医药生物,化学制药,化学制剂,2022-03-31,
SH688198,医药生物,医疗器械,医疗器械,2020-12-31,2021-12-31
SH688198,医药生物,医疗器械,医疗耗材,2021-12-31,
SH688199,基础化工,化学制品,其他化学制品,2020-12-31,
SH688200,机械设备,专用设备,其他专用设备,2020-12-31,2021-12-31
SH688200,电子,半导体,半导体设备,2021-12-31,
SH688201,计算机,计算机应用,软件开发,2021-04-30,2021-12-31
SH688201,计算机,软件开发,横向通用软件,2021-12-31,
SH688202,医药生物,医疗服务,医疗服务,2020-12-31,2021-12-31
SH688202,医药生物,医疗服务,医疗研发外包,2021-12-31,
SH688203,基础化工,塑料,改性塑料,2022-08-31,
SH688205,通信,通信设备,通信网络设备及器件,2022-08-31,
SH688206,电子,半导体,半导体设备,2021-12-31,2022-11-30
SH688206,计算机,软件开发,垂直应用软件,2022-11-30,
SH688207,计算机,IT服务,IT服务,2022-03-31,
SH688208,计算机,计算机设备,计算机设备,2020-12-31,2021-12-31
SH688208,计算机,计算机设备,其他计算机设备,2021-12-31,
SH688209,电子,半导体,模拟芯片设计,2022-04-29,
SH688210,电子,消费电子,消费电子零部件及组装,2021-12-31,
SH688211,机械设备,专用设备,其他专用设备,2021-10-29,
SH688212,医药生物,医疗器械,医疗器械,2021-11-30,2021-12-31
SH688212,医药生物,医疗器械,医疗设备,2021-12-31,
SH688213,电子,半导体,数字芯片设计,2022-05-31,
SH688215,机械设备,专用设备,其他专用设备,2020-12-31,2021-12-31
SH688215,机械设备,自动化设备,其他自动化设备,2021-12-31,
SH688216,电子,半导体,集成电路,2021-06-30,2021-12-31
SH688216,电子,半导体,集成电路封测,2021-12-31,
SH688217,医药生物,医疗器械,医疗器械,2021-05-31,2021-12-31
SH688217,医药生物,医疗器械,体外诊断,2021-12-31,
SH688218,机械设备,通用设备,其他通用设备,2020-12-31,2021-12-31
SH688218,机械设备,自动化设备,机器人,2021-12-31,
SH688219,基础化工,塑料,改性塑料,2020-12-31,
SH688220,电子,半导体,模拟芯片设计,2022-01-28,
SH688221,医药生物,化学制药,化学制剂,2020-12-31,
SH688222,医药生物,医疗服务,医疗服务,2020-12-31,2021-12-31
SH688222,医药生物,医疗服务,医疗研发外包,2021-12-31,
SH688223,电力设备,光伏设备,光伏电池组件,2022-01-28,
SH688225,计算机,软件开发,横向通用软件,2022-02-28,
SH688226,电力设备,高低压设备,线缆部件及其他,2021-07-30,2021-12-31
SH688226,电力设备,电网设备,线缆部件及其他,2021-12-31,
SH688227,计算机,IT服务,IT服务,2021-12-31,
SH688228,计算机,计算机应用,IT服务,2020-12-31,2021-12-31
SH688228,计算机,IT服务,IT服务,2021-12-31,
SH688229,计算机,计算机应用,IT服务,2020-12-31,2021-12-31
SH688229,计算机,IT服务,IT服务,2021-12-31,
SH688230,电子,半导体,分立器件,2021-12-31,
SH688231,有色金属,金属新材料,其他金属新材料,2022-07-29,
SH688232,计算机,计算机应用,软件开发,2021-11-30,2021-12-31
SH688232,计算机,软件开发,垂直应用软件,2021-12-31,
SH688233,电子,半导体,半导体材料,2020-12-31,
SH688234,电子,半导体,半导体材料,2022-01-28,
SH688235,医药生物,生物制品,其他生物制品,2021-12-31,2024-05-31
SH688235,医药生物,化学制药,化学制剂,2024-05-31,
SH688236,医药生物,医疗器械,医疗耗材,2021-12-31,
SH688237,国防军工,航空装备,航空装备,2022-07-29,
SH688238,医药生物,医疗服务,医疗研发外包,2022-03-31,
SH688239,国防军工,航空装备,航空装备,2021-07-30,
SH688244,计算机,软件开发,横向通用软件,2022-10-31,
SH688246,计算机,软件开发,垂直应用软件,2021-12-31,
SH688247,医药生物,化学制药,化学制剂,2022-08-31,
SH688248,电力设备,电网设备,电网自动化设备,2021-12-31,
SH688249,电子,半导体,集成电路制造,2023-05-31,
SH688251,计算机,IT服务,IT服务,2022-06-30,
SH688252,电子,半导体,数字芯片设计,2022-09-30,
SH688253,医药生物,医疗器械,体外诊断,2022-07-29,
SH688255,机械设备,通用设备,其他通用设备,2021-10-29,2021-12-31
SH688255,机械设备,自动化设备,机器人,2021-12-31,
SH688256,电子,半导体,集成电路,2020-12-31,2021-12-31
SH688256,电子,半导体,数字芯片设计,2021-12-31,
SH688257,机械设备,金属制品,金属制品,2021-10-29,2021-12-31
SH688257,机械设备,通用设备,金属制品,2021-12-31,
SH688258,计算机,计算机应用,IT服务,2020-12-31,2021-12-31
SH688258,计算机,IT服务,IT服务,2021-12-31,
SH688259,电子,半导体,数字芯片设计,2022-01-28,
SH688260,电子,消费电子,电子零部件制造,2021-04-30,2021-12-31
SH688260,电子,消费电子,消费电子零部件及组装,2021-12-31,
SH688261,电子,半导体,分立器件,2022-02-28,
SH688262,电子,半导体,数字芯片设计,2022-01-28,
SH688265,医药生物,医疗服务,医疗研发外包,2021-12-31,
SH688266,医药生物,化学制药,化学制剂,2020-12-31,
SH688267,基础化工,化学制品,其他化学制品,2022-02-28,
SH688268,基础化工,化学制品,其他化学制品,2020-12-31,2021-12-31
SH688268,电子,电子化学品,电子化学品,2021-12-31,
SH688269,有色金属,金属新材料,其他金属新材料,2021-06-30,2022-07-29
SH688269,基础化工,化学制品,其他化学制品,2022-07-29,
SH688270,电子,半导体,模拟芯片设计,2022-01-28,
SH688271,医药生物,医疗器械,医疗设备,2022-08-31,
SH688272,电子,其他电子,其他电子,2021-10-29,2021-12-31
SH688272,国防军工,军工电子,军工电子,2021-12-31,
SH688273,医药生物,医疗器械,医疗设备,2022-08-31,
SH688275,电力设备,电池,电池化学品,2022-09-30,
SH688276,医药生物,生物制品,生物制品,2021-06-30,2021-12-31
SH688276,医药生物,生物制品,疫苗,2021-12-31,
SH688277,医药生物,医疗器械,医疗器械,2020-12-31,2021-12-31
SH688277,医药生物,医疗器械,医疗设备,2021-12-31,
SH688278,医药生物,生物制品,生物制品,2020-12-31,2021-12-31
SH688278,医药生物,生物制品,其他生物制品,2021-12-31,
SH688279,电子,半导体,数字芯片设计,2022-04-29,
SH688280,汽车,汽车零部件,汽车零部件,2021-10-29,2021-12-31
SH688280,汽车,汽车零部件,底盘与发动机系统,2021-12-31,
SH688281,国防军工,航空装备,航空装备,2022-03-31,
SH688282,国防军工,航天装备,航天装备,2022-03-31,
SH688283,通信,通信设备,其他通信设备,2022-02-28,
SH688285,机械设备,轨交设备,轨交设备,2021-10-29,
SH688286,电子,半导体,集成电路,2020-12-31,2021-12-31
SH688286,电子,半导体,模拟芯片设计,2021-12-31,
SH688287,国防军工,航空装备,航空装备,2022-05-31,2026-06-30
SH688288,计算机,计算机设备,计算机设备,2020-12-31,2021-12-31
SH688288,计算机,计算机设备,其他计算机设备,2021-12-31,
SH688289,医药生物,医疗器械,医疗器械,2020-12-31,2021-12-31
SH688289,医药生物,医疗器械,体外诊断,2021-12-31,
SH688290,机械设备,自动化设备,机器人,2022-04-29,
SH688291,计算机,软件开发,垂直应用软件,2022-10-31,
SH688292,通信,通信设备,其他通信设备,2022-08-31,2024-05-31
SH688292,计算机,计算机设备,其他计算机设备,2024-05-31,
SH688293,医药生物,生物制品,其他生物制品,2022-09-30,
SH688295,基础化工,化学纤维,其他化学纤维,2022-04-29,
SH688296,计算机,计算机应用,软件开发,2021-07-30,2021-12-31
SH688296,计算机,软件开发,垂直应用软件,2021-12-31,
SH688297,国防军工,航空装备,航空装备,2022-06-30,
SH688298,医药生物,医疗器械,医疗器械,2020-12-31,2021-12-31
SH688298,医药生物,医疗器械,体外诊断,2021-12-31,
SH688299,电子,光学光电子,面板,2020-12-31,
SH688300,有色金属,金属新材料,非金属材料,2020-12-31,2021-12-31
SH688300,基础化工,非金属材料,非金属材料,2021-12-31,
SH688301,医药生物,医疗器械,医疗器械,2020-12-31,2021-12-31
SH688301,医药生物,医疗器械,医疗设备,2021-12-31,
SH688302,医药生物,化学制药,化学制剂,2022-04-29,
SH688303,电力设备,其他电源设备,光伏设备,2021-07-30,2021-12-31
SH688303,电力设备,光伏设备,硅料硅片,2021-12-31,
SH688305,机械设备,通用设备,机床工具,2021-07-30,
SH688306,机械设备,自动化设备,其他自动化设备,2022-03-31,
SH688307,计算机,计算机设备,安防设备,2023-02-28,2026-07-31
SH688307,电子,光学光电子,光学元件,2026-07-31,
SH688308,机械设备,金属制品,金属制品,2020-12-31,2021-12-31
SH688308,机械设备,通用设备,金属制品,2021-12-31,
SH688309,机械设备,专用设备,环保设备,2020-12-31,2021-12-31
SH688309,环保,环保设备,环保设备,2021-12-31,
SH688310,机械设备,专用设备,其他专用设备,2020-12-31,2021-12-31
SH688310,机械设备,自动化设备,其他自动化设备,2021-12-31,
SH688311,国防军工,地面兵装,地面兵装,2020-12-31,2021-12-31
SH688311,国防军工,军工电子,军工电子,2021-12-31,
SH688312,机械设备,专用设备,其他专用设备,2020-12-31,
SH688313,通信,通信设备,通信传输设备,2020-12-31,2021-12-31
SH688313,通信,通信设备,通信网络设备及器件,2021-12-31,
SH688314,医药生物,医疗器械,医疗器械,2021-05-31,2021-12-31
SH688314,医药生物,医疗器械,医疗耗材,2021-12-31,
SH688315,医药生物,医疗服务,医疗服务,2021-04-30,2021-12-31
SH688315,医药生物,医疗服务,其他医疗服务,2021-12-31,
SH688316,计算机,计算机应用,IT服务,2021-03-31,2021-12-31
SH688316,计算机,IT服务,IT服务,2021-12-31,
SH688317,医药生物,医疗器械,医疗器械,2021-01-29,2021-12-31
SH688317,医药生物,医疗器械,体外诊断,2021-12-31,
SH688318,计算机,计算机应用,软件开发,2020-12-31,2021-12-31
SH688318,计算机,软件开发,垂直应用软件,2021-12-31,
SH688319,医药生物,生物制品,生物制品,2021-06-30,2021-12-31
SH688319,医药生物,生物制品,疫苗,2021-12-31,
SH688320,机械设备,自动化设备,工控设备,2022-04-29,
SH688321,医药生物,化学制药,化学制剂,2020-12-31,
SH688322,电子,光学光电子,光学元件,2022-07-29,
SH688323,基础化工,塑料,其他塑料制品,2021-04-30,2021-12-31
SH688323,基础化工,塑料,膜材料,2021-12-31,
SH688325,电子,半导体,模拟芯片设计,2022-04-29,
SH688326,计算机,软件开发,垂直应用软件,2022-04-29,
SH688327,计算机,IT服务,IT服务,2022-05-31,
SH688328,机械设备,专用设备,其他专用设备,2021-03-31,
SH688329,机械设备,专用设备,其他专用设备,2021-03-31,2021-12-31
SH688329,机械设备,自动化设备,其他自动化设备,2021-12-31,
SH688330,电力设备,电气自动化设备,电网自动化设备,2020-12-31,2021-12-31
SH688330,电力设备,电网设备,电网自动化设备,2021-12-31,
SH688331,医药生物,生物制品,其他生物制品,2022-03-31,
SH688332,电子,半导体,数字芯片设计,2022-07-29,
SH688333,机械设备,通用设备,机床工具,2020-12-31,2022-07-29
SH688333,机械设备,通用设备,其他通用设备,2022-07-29,
SH688334,社会服务,专业服务,检测服务,2023-06-30,
SH688335,公用事业,环保工程及服务,环保工程及服务,2020-12-31,2021-12-31
SH688335,环保,环境治理,水务及水治理,2021-12-31,
SH688336,医药生物,生物制品,生物制品,2020-12-31,2021-12-31
SH688336,医药生物,生物制品,其他生物制品,2021-12-31,
SH688337,机械设备,通用设备,仪器仪表,2022-04-29,
SH688338,医药生物,医疗器械,医疗器械,2020-12-31,2021-12-31
SH688338,医药生物,医疗器械,体外诊断,2021-12-31,
SH688339,电力设备,其他电源设备,储能设备,2020-12-31,2021-12-31
SH688339,电力设备,电池,燃料电池,2021-12-31,
SH688343,计算机,IT服务,IT服务,2023-04-28,
SH688345,电力设备,其他电源设备,储能设备,2021-06-30,2021-12-31
SH688345,电力设备,电池,锂电池,2021-12-31,
SH688347,电子,半导体,集成电路制造,2023-08-31,
SH688348,电力设备,光伏设备,逆变器,2022-06-30,
SH688349,电力设备,风电设备,风电整机,2022-06-30,
SH688350,基础化工,化学制品,其他化学制品,2021-01-29,
SH688351,医药生物,医疗器械,医疗耗材,2022-08-31,
SH688352,电子,半导体,集成电路封测,2023-04-28,
SH688353,电力设备,电池,电池化学品,2022-07-29,
SH688355,机械设备,金属制品,金属制品,2021-05-31,2021-12-31
SH688355,机械设备,通用设备,金属制品,2021-12-31,
SH688356,医药生物,化学制药,原料药,2020-12-31,
SH688357,有色金属,金属新材料,非金属材料,2020-12-31,2021-12-31
SH688357,基础化工,非金属材料,非金属材料,2021-12-31,2022-07-29
SH688357,基础化工,化学制品,其他化学制品,2022-07-29,
SH688358,医药生物,医疗器械,医疗器械,2020-12-31,2021-12-31
SH688358,医药生物,医疗器械,医疗设备,2021-12-31,
SH688359,基础化工,化学制品,其他化学制品,2021-05-31,2021-12-31
SH688359,电子,电子化学品,电子化学品,2021-12-31,
SH688360,机械设备,通用设备,其他通用设备,2020-12-31,
SH688361,电子,半导体,半导体设备,2023-05-31,
SH688362,电子,半导体,集成电路封测,2022-11-30,
SH688363,医药生物,生物制品,生物制品,2020-12-31,2021-12-31
SH688363,美容护理,医疗美容,医美耗材,2021-12-31,
SH688365,计算机,计算机应用,IT服务,2020-12-31,2021-12-31
SH688365,计算机,IT服务,IT服务,2021-12-31,
SH688366,医药生物,医疗器械,医疗器械,2020-12-31,2021-12-31
SH688366,医药生物,医疗器械,医疗耗材,2021-12-31,
SH688367,机械设备,轨交设备,轨交设备,2021-06-30,
SH688368,电子,半导体,集成电路,2020-12-31,2021-12-31
SH688368,电子,半导体,模拟芯片设计,2021-12-31,
SH688369,计算机,计算机应用,软件开发,2020-12-31,2021-12-31
SH688369,计算机,软件开发,横向通用软件,2021-12-31,
SH688370,环保,环境治理,固废治理,2022-08-31,
SH688371,电子,电子化学品,电子化学品,2022-08-31,
SH688372,电子,半导体,集成电路封测,2022-10-31,
SH688373,医药生物,化学制药,化学制剂,2022-08-31,
SH688375,国防军工,军工电子,军工电子,2022-07-29,
SH688376,环保,环保设备,环保设备,2022-11-30,
SH688377,机械设备,专用设备,能源及重型设备,2020-12-31,
SH688378,机械设备,专用设备,其他专用设备,2020-12-31,2024-07-31
SH688378,电子,光学光电子,光学元件,2024-07-31,
SH688379,机械设备,金属制品,金属制品,2020-12-31,2021-12-31
SH688379,机械设备,通用设备,金属制品,2021-12-31,
SH688380,电子,半导体,数字芯片设计,2022-08-31,
SH688381,电子,半导体,模拟芯片设计,2022-08-31,
SH688382,医药生物,化学制药,化学制剂,2022-07-29,
SH688383,机械设备,专用设备,其他专用设备,2021-04-30,
SH688385,电子,半导体,集成电路,2021-08-31,2021-12-31
SH688385,电子,半导体,数字芯片设计,2021-12-31,
SH688386,汽车,汽车零部件,汽车零部件,2020-12-31,2021-12-31
SH688386,基础化工,塑料,膜材料,2021-12-31,
SH688387,通信,通信设备,通信网络设备及器件,2022-09-30,
SH688388,有色金属,工业金属,铜,2020-12-31,2022-07-29
SH688388,电力设备,电池,锂电池,2022-07-29,
SH688389,医药生物,医疗器械,医疗器械,2020-12-31,2021-12-31
SH688389,医药生物,医疗器械,体外诊断,2021-12-31,
SH688390,电力设备,其他电源设备,光伏设备,2020-12-31,2021-12-31
SH688390,电力设备,光伏设备,逆变器,2021-12-31,
SH688391,电子,半导体,模拟芯片设计,2022-09-30,
SH688392,电力设备,电池,锂电专用设备,2022-09-30,
SH688393,医药生物,医疗器械,医疗器械,2020-12-31,2021-12-31
SH688393,医药生物,医疗器械,体外诊断,2021-12-31,
SH688395,电力设备,电气自动化设备,工控自动化,2021-04-30,2021-12-31
SH688395,机械设备,自动化设备,工控设备,2021-12-31,
SH688396,电子,半导体,集成电路,2020-12-31,2021-12-31
SH688396,电子,半导体,集成电路制造,2021-12-31,
SH688398,基础化工,化学制品,其他化学制品,2020-12-31,
SH688399,医药生物,医疗器械,医疗器械,2020-12-31,2021-12-31
SH688399,医药生物,医疗器械,体外诊断,2021-12-31,
SH688400,机械设备,专用设备,其他专用设备,2022-07-29,
SH688401,电子,半导体,半导体材料,2022-08-31,
SH688403,电子,半导体,集成电路封测,2022-08-31,
SH688408,电力设备,其他电源设备,光伏设备,2020-12-31,2021-12-31
SH688408,电力设备,光伏设备,光伏辅材,2021-12-31,
SH688409,电子,半导体,半导体设备,2022-10-31,
SH688410,医药生物,医疗器械,医疗设备,2022-12-30,
SH688411,电力设备,其他电源设备,其他电源设备,2025-01-27,
SH688416,电子,半导体,数字芯片设计,2022-08-31,
SH688418,通信,通信设备,终端设备,2020-12-31,2021-12-31
SH688418,通信,通信设备,其他通信设备,2021-12-31,
SH688419,电子,半导体,半导体设备,2022-11-30,
SH688420,机械设备,专用设备,其他专用设备,2022-12-30,2024-07-31
SH688420,机械设备,专用设备,能源及重型设备,2024-07-31,
SH688425,机械设备,专用设备,工程机械,2021-06-30,2021-12-31
SH688425,机械设备,工程机械,工程机械整机,2021-12-31,
SH688426,医药生物,生物制品,其他生物制品,2022-10-31,2024-07-31
SH688426,医药生物,医疗器械,体外诊断,2024-07-31,
SH688428,医药生物,化学制药,化学制剂,2022-09-30,
SH688429,电力设备,光伏设备,光伏电池组件,2023-06-30,
SH688432,电子,半导体,半导体材料,2022-11-30,
SH688433,机械设备,通用设备,其他通用设备,2023-04-28,
SH688435,计算机,软件开发,横向通用软件,2023-01-31,
SH688439,国防军工,军工电子,军工电子,2022-08-31,
SH688443,医药生物,生物制品,其他生物制品,2023-06-30,
SH688448,机械设备,通用设备,其他通用设备,2022-09-30,
SH688449,电子,半导体,数字芯片设计,2024-11-29,
SH688450,机械设备,通用设备,仪器仪表,2023-07-31,2026-07-31
SH688450,电力设备,电网设备,电网自动化设备,2026-07-31,
SH688455,机械设备,自动化设备,其他自动化设备,2022-09-30,
SH688456,有色金属,工业金属,铜,2021-03-31,2023-07-31
SH688456,有色金属,金属新材料,其他金属新材料,2023-07-31,
SH688458,电子,半导体,模拟芯片设计,2023-05-31,
SH688459,机械设备,轨交设备,轨交设备,2022-10-31,
SH688466,公用事业,环保工程及服务,环保工程及服务,2020-12-31,2021-12-31
SH688466,环保,环境治理,水务及水治理,2021-12-31,
SH688468,医药生物,医疗器械,医疗器械,2021-04-30,2021-12-31
SH688468,医药生物,医疗器械,体外诊断,2021-12-31,
SH688469,电子,半导体,集成电路制造,2023-05-31,
SH688472,电力设备,光伏设备,光伏电池组件,2023-06-30,
SH688475,计算机,计算机设备,安防设备,2022-12-30,
SH688478,电子,半导体,半导体设备,2023-04-28,
SH688479,计算机,软件开发,垂直应用软件,2023-05-31,
SH688480,环保,环境治理,综合环境治理,2022-11-30,
SH688484,电子,半导体,模拟芯片设计,2023-04-28,
SH688485,机械设备,轨交设备,轨交设备,2023-01-31,
SH688486,电子,半导体,数字芯片设计,2023-02-28,
SH688488,医药生物,生物制品,生物制品,2020-12-31,2021-12-31
SH688488,医药生物,生物制品,其他生物制品,2021-12-31,
SH688489,计算机,计算机设备,安防设备,2022-12-30,
SH688496,电子,光学光电子,面板,2022-12-30,2024-07-31
SH688496,电子,光学光电子,LED,2024-07-31,
SH688498,电子,半导体,分立器件,2022-12-30,
SH688499,机械设备,专用设备,其他专用设备,2021-07-30,2021-12-31
SH688499,电力设备,电池,锂电专用设备,2021-12-31,
SH688500,计算机,计算机应用,IT服务,2020-12-31,2021-12-31
SH688500,计算机,IT服务,IT服务,2021-12-31,
SH688501,机械设备,专用设备,环保设备,2021-07-30,2021-12-31
SH688501,环保,环保设备,环保设备,2021-12-31,
SH688502,电子,光学光电子,光学元件,2023-03-31,
SH688503,电力设备,电池,电池化学品,2022-12-30,2023-07-31
SH688503,电力设备,光伏设备,光伏辅材,2023-07-31,
SH688505,医药生物,化学制药,化学制剂,2020-12-31,
SH688506,医药生物,化学制药,化学制剂,2023-01-31,
SH688507,计算机,软件开发,垂直应用软件,2023-04-28,
SH688508,电子,半导体,集成电路,2020-12-31,2021-12-31
SH688508,电子,半导体,模拟芯片设计,2021-12-31,
SH688509,计算机,计算机应用,IT服务,2021-07-30,2021-12-31
SH688509,计算机,IT服务,IT服务,2021-12-31,
SH688510,国防军工,航空装备,航空装备,2020-12-31,
SH688511,国防军工,地面兵装,地面兵装,2021-07-30,2021-12-31
SH688511,国防军工,军工电子,军工电子,2021-12-31,
SH688512,电子,半导体,模拟芯片设计,2023-05-31,
SH688513,医药生物,化学制药,化学制剂,2020-12-31,
SH688515,电子,半导体,模拟芯片设计,2023-02-28,
SH688516,电力设备,其他电源设备,光伏设备,2020-12-31,2021-12-31
SH688516,电力设备,光伏设备,光伏加工设备,2021-12-31,
SH688517,电力设备,高低压设备,中压设备,2021-06-30,2021-12-31
SH688517,电力设备,电网设备,配电设备,2021-12-31,
SH688518,机械设备,专用设备,其他专用设备,2020-12-31,2021-12-31
SH688518,机械设备,自动化设备,激光设备,2021-12-31,
SH688519,电子,元件,印制电路板,2020-12-31,
SH688520,医药生物,生物制品,生物制品,2020-12-31,2021-12-31
SH688520,医药生物,生物制品,其他生物制品,2021-12-31,
SH688521,电子,半导体,集成电路,2020-12-31,2021-12-31
SH688521,电子,半导体,数字芯片设计,2021-12-31,
SH688522,国防军工,军工电子,军工电子,2023-03-31,
SH688523,国防军工,航天装备,航天装备,2023-06-30,
SH688525,电子,半导体,数字芯片设计,2022-12-30,
SH688526,农林牧渔,动物保健,动物保健,2020-12-31,
SH688528,机械设备,仪器仪表,仪器仪表,2020-12-31,2021-12-31
SH688528,机械设备,通用设备,仪器仪表,2021-12-31,
SH688529,机械设备,专用设备,其他专用设备,2020-12-31,
SH688530,电子,半导体,半导体材料,2024-05-31,
SH688531,机械设备,专用设备,其他专用设备,2023-03-31,
SH688533,汽车,汽车零部件,汽车零部件,2021-04-30,2021-12-31
SH688533,汽车,汽车零部件,汽车电子电气系统,2021-12-31,
SH688535,电子,半导体,半导体材料,2023-04-28,
SH688536,电子,半导体,集成电路,2020-12-31,2021-12-31
SH688536,电子,半导体,模拟芯片设计,2021-12-31,
SH688538,电子,光学光电子,面板,2021-05-31,
SH688539,电子,元件,被动元件,2023-04-28,
SH688543,国防军工,地面兵装,地面兵装,2023-06-30,
SH688545,电子,电子化学品,电子化学品,2025-01-27,
SH688548,电子,电子化学品,电子化学品,2023-08-31,
SH688549,电子,电子化学品,电子化学品,2023-09-28,
SH688550,基础化工,化学制品,其他化学制品,2020-12-31,2021-12-31
SH688550,电子,电子化学品,电子化学品,2021-12-31,
SH688551,机械设备,专用设备,其他专用设备,2020-12-31,2021-12-31
SH688551,电力设备,其他电源设备,其他电源设备,2021-12-31,
SH688552,国防军工,军工电子,军工电子,2023-05-31,
SH688553,医药生物,化学制药,化学制剂,2021-10-29,
SH688555,计算机,计算机应用,软件开发,2020-12-31,2021-12-31
SH688555,计算机,软件开发,垂直应用软件,2021-12-31,2023-07-31
SH688556,机械设备,专用设备,其他专用设备,2020-12-31,2021-12-31
SH688556,电力设备,光伏设备,光伏加工设备,2021-12-31,
SH688557,机械设备,通用设备,其他通用设备,2020-12-31,
SH688558,机械设备,通用设备,机床工具,2020-12-31,
SH688559,机械设备,专用设备,其他专用设备,2020-12-31,2021-12-31
SH688559,机械设备,自动化设备,激光设备,2021-12-31,
SH688560,电力设备,其他电源设备,光伏设备,2020-12-31,2021-12-31
SH688560,电力设备,光伏设备,光伏辅材,2021-12-31,
SH688561,计算机,计算机应用,软件开发,2020-12-31,2021-12-31
SH688561,计算机,软件开发,横向通用软件,2021-12-31,
SH688562,计算机,IT服务,IT服务,2023-05-31,
SH688563,国防军工,航空装备,航空装备,2023-07-31,
SH688565,公用事业,环保工程及服务,环保工程及服务,2021-05-31,2021-12-31
SH688565,环保,环境治理,水务及水治理,2021-12-31,
SH688566,医药生物,化学制药,化学制剂,2020-12-31,
SH688567,电力设备,其他电源设备,储能设备,2020-12-31,2021-12-31
SH688567,电力设备,电池,锂电池,2021-12-31,
SH688568,计算机,计算机应用,IT服务,2020-12-31,2021-12-31
SH688568,计算机,IT服务,IT服务,2021-12-31,
SH688569,机械设备,轨交设备,轨交设备,2020-12-31,
SH688570,机械设备,自动化设备,工控设备,2023-06-30,
SH688571,基础化工,化学制品,涂料油墨,2020-12-31,
SH688573,电力设备,电池,锂电专用设备,2023-08-31,
SH688575,医药生物,医疗器械,医疗器械,2021-05-31,2021-12-31
SH688575,医药生物,医疗器械,体外诊断,2021-12-31,
SH688576,医药生物,医疗器械,医疗设备,2023-06-30,2024-07-31
SH688576,医药生物,医疗器械,医疗耗材,2024-07-31,
SH688577,机械设备,通用设备,机床工具,2020-12-31,
SH688578,医药生物,化学制药,化学制剂,2020-12-31,
SH688579,计算机,计算机应用,软件开发,2020-12-31,2021-12-31
SH688579,计算机,软件开发,垂直应用软件,2021-12-31,
SH688580,医药生物,医疗器械,医疗器械,2020-12-31,2021-12-31
SH688580,医药生物,医疗器械,医疗设备,2021-12-31,
SH688581,医药生物,医疗器械,医疗耗材,2023-05-31,
SH688582,电子,半导体,模拟芯片设计,2023-06-30,
SH688583,机械设备,通用设备,仪器仪表,2025-01-27,
SH688584,电子,半导体,半导体材料,2024-02-29,
SH688585,基础化工,化学制品,其他化学制品,2020-12-31,2021-12-31
SH688585,基础化工,塑料,合成树脂,2021-12-31,
SH688586,国防军工,航空装备,航空装备,2020-12-31,
SH688588,计算机,计算机应用,软件开发,2020-12-31,2021-12-31
SH688588,计算机,软件开发,垂直应用软件,2021-12-31,
SH688589,电子,半导体,集成电路,2020-12-31,2021-12-31
SH688589,电子,半导体,数字芯片设计,2021-12-31,
SH688590,计算机,计算机应用,软件开发,2020-12-31,2021-12-31
SH688590,计算机,软件开发,垂直应用软件,2021-12-31,
SH688591,电子,半导体,数字芯片设计,2023-08-31,
SH688592,国防军工,军工电子,军工电子,2023-08-31,2024-03-29
SH688592,通信,通信设备,通信终端及配件,2024-03-29,
SH688593,电子,半导体,数字芯片设计,2023-06-30,
SH688595,电子,半导体,集成电路,2020-12-31,2021-12-31
SH688595,电子,半导体,模拟芯片设计,2021-12-31,2022-07-29
SH688595,电子,半导体,数字芯片设计,2022-07-29,
SH688596,机械设备,专用设备,其他专用设备,2020-12-31,
SH688597,电力设备,电气自动化设备,电工仪器仪表,2021-06-30,2021-12-31
SH688597,电力设备,电网设备,电工仪器仪表,2021-12-31,
SH688598,有色金属,金属新材料,非金属材料,2020-12-31,2021-12-31
SH688598,电力设备,光伏设备,光伏辅材,2021-12-31,2026-07-31
SH688598,基础化工,非金属材料,非金属材料,2026-07-31,
SH688599,电力设备,其他电源设备,光伏设备,2020-12-31,2021-12-31
SH688599,电力设备,光伏设备,光伏电池组件,2021-12-31,
SH688600,机械设备,专用设备,环保设备,2020-12-31,2021-12-31
SH688600,环保,环保设备,环保设备,2021-12-31,2025-09-30
SH688600,机械设备,通用设备,仪器仪表,2025-09-30,
SH688601,电子,半导体,集成电路,2021-06-30,2021-12-31
SH688601,电子,半导体,模拟芯片设计,2021-12-31,
SH688602,电子,电子化学品,电子化学品,2023-07-31,2024-07-31
SH688602,医药生物,化学制药,化学制剂,2024-07-31,2025-04-30
SH688602,基础化工,化学制品,其他化学制品,2025-04-30,
SH688603,电子,电子化学品,电子化学品,2023-07-31,
SH688605,电子,半导体,半导体设备,2024-12-31,
SH688606,医药生物,医疗器械,医疗器械,2021-03-31,2021-12-31
SH688606,医药生物,医疗器械,体外诊断,2021-12-31,
SH688607,医药生物,医疗器械,医疗器械,2021-02-26,2021-12-31
SH688607,医药生物,医疗器械,医疗设备,2021-12-31,
SH688608,电子,半导体,集成电路,2020-12-31,2021-12-31
SH688608,电子,半导体,数字芯片设计,2021-12-31,
SH688609,家用电器,黑色家电,其他黑色家电,2021-03-31,
SH688610,机械设备,通用设备,仪器仪表,2023-07-31,
SH688611,电力设备,电气自动化设备,电网自动化设备,2021-04-30,2021-12-31
SH688611,电力设备,电网设备,电网自动化设备,2021-12-31,
SH688612,汽车,汽车零部件,汽车电子电气系统,2023-07-31,
SH688613,医药生物,医疗器械,医疗器械,2021-05-31,2021-12-31
SH688613,医药生物,医疗器械,医疗耗材,2021-12-31,
SH688615,计算机,软件开发,垂直应用软件,2024-09-30,
SH688616,电力设备,电气自动化设备,电工仪器仪表,2021-03-31,2021-12-31
SH688616,电力设备,电网设备,电工仪器仪表,2021-12-31,
SH688617,医药生物,医疗器械,医疗器械,2021-01-29,2021-12-31
SH688617,医药生物,医疗器械,医疗耗材,2021-12-31,
SH688618,通信,通信设备,终端设备,2020-12-31,2021-12-31
SH688618,通信,通信设备,通信网络设备及器件,2021-12-31,
SH688619,计算机,计算机应用,IT服务,2021-02-26,2021-12-31
SH688619,计算机,计算机设备,安防设备,2021-12-31,
SH688620,电子,半导体,数字芯片设计,2023-06-30,
SH688621,医药生物,医疗服务,医疗服务,2021-06-30,2021-12-31
SH688621,医药生物,医疗服务,医疗研发外包,2021-12-31,
SH688622,机械设备,仪器仪表,仪器仪表,2021-09-30,2021-12-31
SH688622,机械设备,通用设备,仪器仪表,2021-12-31,
SH688623,机械设备,自动化设备,其他自动化设备,2023-06-30,
SH688625,基础化工,化学制品,其他化学制品,2021-06-30,
SH688626,医药生物,医疗器械,医疗器械,2021-03-31,2021-12-31
SH688626,医药生物,医疗器械,医疗设备,2021-12-31,
SH688627,机械设备,通用设备,仪器仪表,2023-07-31,
SH688628,机械设备,仪器仪表,仪器仪表,2021-02-26,2021-12-31
SH688628,机械设备,通用设备,仪器仪表,2021-12-31,
SH688629,国防军工,军工电子,军工电子,2023-06-30,
SH688630,机械设备,专用设备,其他专用设备,2021-04-30,
SH688631,计算机,软件开发,垂直应用软件,2023-06-30,
SH688633,机械设备,专用设备,能源及重型设备,2021-03-31,
SH688635,通信,通信设备,通信线缆及配套,2026-05-29,
SH688636,国防军工,航空装备,航空装备,2021-04-30,2021-12-31
SH688636,国防军工,军工电子,军工电子,2021-12-31,
SH688638,电力设备,电池,锂电专用设备,2023-07-31,
SH688639,基础化工,化学制品,其他化学制品,2021-04-30,2021-12-31
SH688639,基础化工,化学制品,食品及饲料添加剂,2021-12-31,
SH688646,机械设备,自动化设备,激光设备,2023-07-31,
SH688648,机械设备,专用设备,其他专用设备,2023-11-30,
SH688651,计算机,软件开发,横向通用软件,2023-07-31,
SH688652,电子,半导体,半导体设备,2023-11-30,
SH688653,电子,半导体,模拟芯片设计,2023-11-30,
SH688655,电子,元件,印制电路板,2021-05-31,
SH688656,医药生物,医疗器械,医疗器械,2021-01-29,2021-12-31
SH688656,医药生物,医疗器械,体外诊断,2021-12-31,
SH688657,计算机,软件开发,垂直应用软件,2023-10-31,
SH688658,医药生物,化学制药,化学制剂,2020-12-31,
SH688659,基础化工,化学制品,其他化学制品,2021-03-31,
SH688660,电力设备,其他电源设备,风电设备,2021-05-31,2021-12-31
SH688660,电力设备,风电设备,风电整机,2021-12-31,
SH688661,电子,消费电子,电子零部件制造,2021-03-31,2021-12-31
SH688661,电子,消费电子,消费电子零部件及组装,2021-12-31,2022-08-31
SH688661,电子,半导体,半导体材料,2022-08-31,
SH688662,电子,其他电子,其他电子,2021-04-30,
SH688663,电力设备,高低压设备,高压设备,2021-04-30,2021-12-31
SH688663,电力设备,电网设备,配电设备,2021-12-31,2022-07-29
SH688663,电力设备,电网设备,电网自动化设备,2022-07-29,
SH688665,机械设备,仪器仪表,仪器仪表,2021-02-26,2021-12-31
SH688665,机械设备,通用设备,仪器仪表,2021-12-31,
SH688667,汽车,汽车零部件,汽车零部件,2021-03-31,2021-12-31
SH688667,汽车,汽车零部件,汽车电子电气系统,2021-12-31,
SH688668,通信,通信设备,通信传输设备,2020-12-31,2021-12-31
SH688668,通信,通信设备,通信网络设备及器件,2021-12-31,
SH688669,基础化工,塑料,改性塑料,2021-01-29,
SH688670,医药生物,生物制品,生物制品,2021-08-31,2021-12-31
SH688670,医药生物,生物制品,疫苗,2021-12-31,
SH688671,环保,环保设备,环保设备,2023-08-31,
SH688676,电力设备,高低压设备,高压设备,2021-03-31,2021-12-31
SH688676,电力设备,电网设备,输变电设备,2021-12-31,
SH688677,医药生物,医疗器械,医疗器械,2021-02-26,2021-12-31
SH688677,医药生物,医疗器械,医疗设备,2021-12-31,
SH688678,电子,消费电子,电子零部件制造,2020-12-31,2021-12-31
SH688678,电子,消费电子,消费电子零部件及组装,2021-12-31,
SH688679,公用事业,环保工程及服务,环保工程及服务,2020-12-31,2021-12-31
SH688679,环保,环境治理,固废治理,2021-12-31,
SH688680,电力设备,其他电源设备,光伏设备,2021-01-29,2021-12-31
SH688680,电力设备,光伏设备,光伏辅材,2021-12-31,
SH688681,电力设备,电气自动化设备,电网自动化设备,2021-06-30,2021-12-31
SH688681,电力设备,电网设备,电网自动化设备,2021-12-31,
SH688682,国防军工,地面兵装,地面兵装,2021-04-30,2021-12-31
SH688682,国防军工,军工电子,军工电子,2021-12-31,
SH688683,电子,消费电子,电子零部件制造,2021-04-30,2021-12-31
SH688683,电子,消费电子,消费电子零部件及组装,2021-12-31,2024-07-31
SH688683,电子,电子化学品,电子化学品,2024-07-31,
SH688685,国防军工,航空装备,航空装备,2021-05-31,
SH688686,机械设备,仪器仪表,仪器仪表,2020-12-31,2021-12-31
SH688686,机械设备,自动化设备,其他自动化设备,2021-12-31,
SH688687,医药生物,生物制品,生物制品,2021-02-26,2021-12-31
SH688687,医药生物,生物制品,其他生物制品,2021-12-31,
SH688689,电子,半导体,分立器件,2021-01-29,
SH688690,医药生物,化学制药,原料药,2021-06-30,
SH688691,电子,半导体,集成电路制造,2024-04-30,
SH688692,计算机,软件开发,垂直应用软件,2024-06-28,
SH688693,电子,半导体,分立器件,2023-08-31,
SH688695,计算机,软件开发,横向通用软件,2024-03-29,
SH688696,家用电器,黑色家电,彩电,2021-03-31,2024-07-31
SH688696,家用电器,黑色家电,其他黑色家电,2024-07-31,
SH688697,机械设备,通用设备,机床工具,2021-09-30,
SH688698,电力设备,电气自动化设备,工控自动化,2020-12-31,2021-12-31
SH688698,机械设备,自动化设备,工控设备,2021-12-31,
SH688699,电子,半导体,集成电路,2020-12-31,2021-12-31
SH688699,电子,半导体,模拟芯片设计,2021-12-31,
SH688700,机械设备,专用设备,其他专用设备,2021-06-30,
SH688701,公用事业,环保工程及服务,环保工程及服务,2021-09-30,2021-12-31
SH688701,环保,环境治理,综合环境治理,2021-12-31,
SH688702,电子,半导体,数字芯片设计,2023-09-28,
SH688707,基础化工,化学制品,其他化学制品,2021-09-30,2021-12-31
SH688707,电力设备,电池,电池化学品,2021-12-31,
SH688708,国防军工,航空装备,航空装备,2024-12-31,
SH688709,电子,半导体,数字芯片设计,2024-02-29,
SH688710,医药生物,医疗服务,医疗研发外包,2024-09-30,
SH688711,电子,半导体,分立器件,2021-09-30,
SH688712,医药生物,医疗器械,医疗耗材,2026-02-27,
SH688716,基础化工,塑料,合成树脂,2023-09-28,
SH688717,电力设备,光伏设备,逆变器,2024-01-31,
SH688718,基础化工,化学制品,其他化学制品,2021-07-30,2021-12-31
SH688718,基础化工,塑料,膜材料,2021-12-31,
SH688719,电力设备,其他电源设备,其他电源设备,2023-09-28,
SH688720,电子,半导体,半导体材料,2023-12-29,
SH688721,电子,半导体,半导体材料,2024-08-30,
SH688722,基础化工,化学纤维,其他化学纤维,2021-10-29,
SH688726,电力设备,光伏设备,光伏加工设备,2024-10-31,
SH688727,电子,半导体,半导体材料,2025-11-28,
SH688728,电子,半导体,集成电路,2021-08-31,2021-12-31
SH688728,电子,半导体,数字芯片设计,2021-12-31,
SH688729,电子,半导体,半导体设备,2025-07-31,
SH688733,有色金属,金属新材料,非金属材料,2021-08-31,2021-12-31
SH688733,电力设备,电池,电池化学品,2021-12-31,
SH688737,汽车,汽车零部件,汽车零部件,2021-10-29,2021-12-31
SH688737,汽车,汽车零部件,其他汽车零部件,2021-12-31,
SH688739,医药生物,生物制品,生物制品,2021-10-29,2021-12-31
SH688739,医药生物,生物制品,疫苗,2021-12-31,
SH688750,有色金属,小金属,其他小金属,2024-11-29,
SH688755,医药生物,医疗器械,医疗设备,2025-05-30,
SH688757,社会服务,专业服务,检测服务,2025-03-31,
SH688758,医药生物,化学制药,原料药,2025-01-27,
SH688759,医药生物,化学制药,化学制剂,2025-10-31,
SH688765,医药生物,生物制品,血液制品,2025-10-31,
SH688766,电子,半导体,集成电路,2021-08-31,2021-12-31
SH688766,电子,半导体,数字芯片设计,2021-12-31,
SH688767,医药生物,医疗器械,医疗器械,2021-09-30,2021-12-31
SH688767,医药生物,医疗器械,体外诊断,2021-12-31,
SH688768,机械设备,仪器仪表,仪器仪表,2021-07-30,2021-12-31
SH688768,机械设备,通用设备,仪器仪表,2021-12-31,
SH688772,电力设备,其他电源设备,储能设备,2021-10-29,2021-12-31
SH688772,电力设备,电池,锂电池,2021-12-31,
SH688775,电子,消费电子,品牌消费电子,2025-06-30,
SH688776,国防军工,地面兵装,地面兵装,2021-08-31,2021-12-31
SH688776,国防军工,军工电子,军工电子,2021-12-31,
SH688777,电力设备,电气自动化设备,工控自动化,2020-12-31,2021-12-31
SH688777,机械设备,自动化设备,工控设备,2021-12-31,
SH688778,基础化工,化学制品,其他化学制品,2021-08-31,2021-12-31
SH688778,电力设备,电池,电池化学品,2021-12-31,
SH688779,基础化工,化学制品,其他化学制品,2021-08-31,2021-12-31
SH688779,电力设备,电池,电池化学品,2021-12-31,
SH688781,电子,光学光电子,面板,2026-03-31,
SH688783,电子,半导体,半导体材料,2025-10-31,
SH688785,电子,半导体,半导体设备,2026-01-30,
SH688786,有色金属,金属新材料,其他金属新材料,2021-08-31,2022-07-29
SH688786,有色金属,金属新材料,磁性材料,2022-07-29,
SH688787,计算机,计算机应用,IT服务,2021-08-31,2021-12-31
SH688787,计算机,IT服务,IT服务,2021-12-31,
SH688788,国防军工,地面兵装,地面兵装,2020-12-31,2021-12-31
SH688788,国防军工,军工电子,军工电子,2021-12-31,
SH688789,机械设备,专用设备,纺织服装设备,2021-07-30,
SH688790,电子,半导体,模拟芯片设计,2025-12-31,
SH688793,家用电器,白色家电,小家电,2021-07-30,2021-12-31
SH688793,家用电器,小家电,个护小家电,2021-12-31,
SH688795,电子,半导体,数字芯片设计,2025-12-31,
SH688796,医药生物,医疗服务,医疗研发外包,2025-12-31,
SH688797,电子,半导体,半导体材料,2026-06-30,
SH688798,电子,半导体,集成电路,2021-08-31,2021-12-31
SH688798,电子,半导体,模拟芯片设计,2021-12-31,
SH688799,医药生物,化学制药,化学制剂,2021-07-30,
SH688800,电子,消费电子,电子零部件制造,2021-07-30,2021-12-31
SH688800,电子,其他电子,其他电子,2021-12-31,
SH688801,电子,半导体,数字芯片设计,2026-09-30,
SH688802,电子,半导体,数字芯片设计,2025-12-31,
SH688805,医药生物,医疗器械,医疗设备,2025-12-31,
SH688806,医药生物,生物制品,其他生物制品,2026-07-31,
SH688807,电子,半导体,数字芯片设计,2025-12-31,
SH688808,机械设备,通用设备,仪器仪表,2026-04-30,
SH688809,电子,半导体,半导体设备,2025-12-31,
SH688811,有色金属,金属新材料,其他金属新材料,2026-04-30,
SH688813,机械设备,专用设备,其他专用设备,2026-03-31,
SH688816,机械设备,自动化设备,其他自动化设备,2026-02-27,
SH688818,国防军工,航天装备,航天装备,2026-02-27,
SH688819,电力设备,其他电源设备,储能设备,2021-01-29,2021-12-31
SH688819,电力设备,电池,蓄电池及其他电池,2021-12-31,
SH688820,电子,半导体,集成电路封测,2026-04-30,
SH688825,电子,半导体,数字芯片设计,2026-07-31,
SH688826,机械设备,自动化设备,激光设备,2026-08-31,
SH688828,机械设备,通用设备,仪器仪表,2026-08-31,
SH688835,机械设备,自动化设备,其他自动化设备,2026-08-31,
SH688836,机械设备,自动化设备,机器人,2026-08-31,
SH688837,医药生物,生物制品,其他生物制品,2026-09-30,
SH688981,电子,半导体,集成电路,2020-12-31,2021-12-31
SH688981,电子,半导体,集成电路制造,2021-12-31,
SH689009,汽车,摩托车及其他,其他运输设备,2020-12-31,
SZ000001,银行,银行,银行,2020-12-31,2021-12-31
SZ000001,银行,股份制银行,股份制银行,2021-12-31,
SZ000002,房地产,房地产开发,住宅开发,2020-12-31,
SZ000004,医药生物,化学制药,化学制剂,2020-12-31,2021-06-30
SZ000004,计算机,计算机应用,IT服务,2021-06-30,2021-12-31
SZ000004,计算机,软件开发,横向通用软件,2021-12-31,2026-07-31
SZ000005,公用事业,环保工程及服务,环保工程及服务,2020-12-31,2021-12-31
SZ000005,环保,环境治理,综合环境治理,2021-12-31,2024-04-30
SZ000006,房地产,房地产开发,住宅开发,2020-12-31,
SZ000007,商贸零售,商业物业经营,一般物业经营,2020-12-31,2021-12-31
SZ000007,商贸零售,一般零售,商业物业经营,2021-12-31,
SZ000008,机械设备,轨交设备,轨交设备,2020-12-31,
SZ000009,综合,综合,综合,2020-12-31,2021-12-31
SZ000009,电力设备,电池,电池化学品,2021-12-31,
SZ000010,建筑装饰,园林工程,园林工程,2020-12-31,2021-12-31
SZ000010,建筑装饰,基础建设,园林工程,2021-12-31,
SZ000011,房地产,房地产开发,住宅开发,2020-12-31,
SZ000012,建筑材料,玻璃玻纤,玻璃制造,2020-12-31,
SZ000014,房地产,房地产开发,住宅开发,2020-12-31,
SZ000016,家用电器,黑色家电,彩电,2020-12-31,2024-07-31
SZ000016,家用电器,白色家电,冰洗,2024-07-31,
SZ000017,汽车,摩托车及其他,其他运输设备,2020-12-31,2022-07-29
SZ000017,纺织服饰,饰品,钟表珠宝,2022-07-29,
SZ000019,商贸零售,贸易,贸易,2020-12-31,2021-12-31
SZ000019,农林牧渔,农产品加工,粮油加工,2021-12-31,
SZ000020,电子,消费电子,电子系统组装,2020-12-31,2021-12-31
SZ000020,电子,光学光电子,面板,2021-12-31,
SZ000021,电子,消费电子,电子系统组装,2020-12-31,2021-12-31
SZ000021,电子,消费电子,消费电子零部件及组装,2021-12-31,
SZ000023,建筑材料,装修建材,其他建材,2020-12-31,2021-12-31
SZ000023,建筑材料,水泥,水泥制品,2021-12-31,2024-09-30
SZ000025,汽车,汽车服务,汽车服务,2020-12-31,2021-12-31
SZ000025,汽车,汽车服务,汽车经销商,2021-12-31,2023-07-31
SZ000025,综合,综合,综合,2023-07-31,
SZ000026,轻工制造,家居用品,珠宝首饰,2020-12-31,2021-12-31
SZ000026,纺织服饰,饰品,钟表珠宝,2021-12-31,
SZ000027,公用事业,电力,火力发电,2020-12-31,
SZ000028,医药生物,医药商业,医药商业,2020-12-31,2021-12-31
SZ000028,医药生物,医药商业,医药流通,2021-12-31,
SZ000029,房地产,房地产开发,住宅开发,2020-12-31,
SZ000030,汽车,汽车零部件,汽车零部件,2020-12-31,2021-12-31
SZ000030,汽车,汽车零部件,底盘与发动机系统,2021-12-31,
SZ000031,房地产,房地产开发,住宅开发,2020-12-31,2021-12-31
SZ000031,房地产,房地产开发,商业地产,2021-12-31,
SZ000032,通信,通信设备,终端设备,2020-12-31,2021-12-31
SZ000032,通信,通信设备,通信终端及配件,2021-12-31,2022-07-29
SZ000032,建筑装饰,专业工程,其他专业工程,2022-07-29,
SZ000034,计算机,计算机应用,IT服务,2020-12-31,2021-12-31
SZ000034,计算机,IT服务,IT服务,2021-12-31,
SZ000035,公用事业,环保工程及服务,环保工程及服务,2020-12-31,2021-12-31
SZ000035,环保,环境治理,固废治理,2021-12-31,
SZ000036,房地产,房地产开发,住宅开发,2020-12-31,
SZ000037,公用事业,电力,燃机发电,2020-12-31,2021-12-31
SZ000037,公用事业,电力,热力服务,2021-12-31,2022-07-29
SZ000037,公用事业,电力,火力发电,2022-07-29,
SZ000038,传媒,营销传播,营销服务,2020-12-31,2021-12-31
SZ000038,综合,综合,综合,2021-12-31,2023-07-31
SZ000039,机械设备,金属制品,金属制品,2020-12-31,2021-12-31
SZ000039,机械设备,通用设备,金属制品,2021-12-31,
SZ000040,公用事业,电力,新能源发电,2020-12-31,2021-12-31
SZ000040,公用事业,电力,光伏发电,2021-12-31,2025-04-30
SZ000042,房地产,房地产开发,住宅开发,2020-12-31,
SZ000045,电子,光学光电子,面板,2020-12-31,
SZ000046,非银金融,多元金融,多元金融,2020-12-31,2021-12-31
SZ000046,房地产,房地产开发,住宅开发,2021-12-31,2024-02-29
SZ000048,农林牧渔,饲料,饲料,2020-12-31,2021-12-31
SZ000048,房地产,房地产开发,住宅开发,2021-12-31,2025-08-29
SZ000048,农林牧渔,养殖业,生猪养殖,2025-08-29,
SZ000049,电子,消费电子,电子系统组装,2020-12-31,2021-12-31
SZ000049,电力设备,电池,锂电池,2021-12-31,
SZ000050,电子,光学光电子,面板,2020-12-31,
SZ000055,建筑装饰,专业工程,其他专业工程,2020-12-31,2021-12-31
SZ000055,建筑材料,装修建材,其他建材,2021-12-31,
SZ000056,房地产,房地产开发,住宅开发,2020-12-31,2021-12-31
SZ000056,房地产,房地产服务,物业管理,2021-12-31,
SZ000058,商贸零售,商业物业经营,专业市场,2020-12-31,2021-12-31
SZ000058,商贸零售,一般零售,商业物业经营,2021-12-31,
SZ000059,基础化工,石油化工,石油加工,2020-12-31,2021-12-31
SZ000059,石油石化,炼化及贸易,炼油化工,2021-12-31,
SZ000060,有色金属,工业金属,铅锌,2020-12-31,
SZ000061,商贸零售,商业物业经营,专业市场,2020-12-31,2021-12-31
SZ000061,商贸零售,一般零售,商业物业经营,2021-12-31,
SZ000062,电子,其他电子,其他电子,2020-12-31,
SZ000063,通信,通信设备,通信传输设备,2020-12-31,2021-12-31
SZ000063,通信,通信设备,通信网络设备及器件,2021-12-31,
SZ000065,建筑装饰,专业工程,国际工程,2020-12-31,
SZ000066,计算机,计算机设备,计算机设备,2020-12-31,2021-12-31
SZ000066,计算机,计算机设备,其他计算机设备,2021-12-31,
SZ000068,公用事业,环保工程及服务,环保工程及服务,2020-12-31,2021-12-31
SZ000068,环保,环境治理,综合环境治理,2021-12-31,
SZ000069,房地产,房地产开发,住宅开发,2020-12-31,2021-12-31
SZ000069,房地产,房地产开发,商业地产,2021-12-31,
SZ000070,通信,通信设备,通信传输设备,2020-12-31,2021-12-31
SZ000070,通信,通信设备,通信线缆及配套,2021-12-31,
SZ000078,医药生物,医药商业,医药商业,2020-12-31,2021-12-31
SZ000078,医药生物,医药商业,医药流通,2021-12-31,
SZ000088,交通运输,港口,港口,2020-12-31,2021-11-30
SZ000088,交通运输,高速公路,高速公路,2021-11-30,2021-12-31
SZ000088,交通运输,航运港口,港口,2021-12-31,
SZ000089,交通运输,机场,机场,2020-12-31,2021-12-31
SZ000089,交通运输,航空机场,机场,2021-12-31,
SZ000090,房地产,房地产开发,住宅开发,2020-12-31,
SZ000096,基础化工,石油化工,石油贸易,2020-12-31,2021-12-31
SZ000096,石油石化,炼化及贸易,油品石化贸易,2021-12-31,
SZ000099,交通运输,航空运输,航空运输,2020-12-31,2021-12-31
SZ000099,交通运输,航空机场,航空运输,2021-12-31,
SZ000100,电子,光学光电子,面板,2020-12-31,
SZ000150,医药生物,医疗服务,医疗服务,2020-12-31,2021-12-31
SZ000150,医药生物,医疗服务,医院,2021-12-31,2023-06-30
SZ000151,商贸零售,贸易,贸易,2020-12-31,
SZ000153,医药生物,化学制药,化学制剂,2020-12-31,
SZ000155,公用事业,电力,新能源发电,2020-12-31,2021-12-31
SZ000155,公用事业,电力,风力发电,2021-12-31,
SZ000156,传媒,文化传媒,有线电视网络,2020-12-31,2021-12-31
SZ000156,传媒,电视广播,电视广播,2021-12-31,
SZ000157,机械设备,专用设备,工程机械,2020-12-31,2021-12-31
SZ000157,机械设备,工程机械,工程机械整机,2021-12-31,
SZ000158,计算机,计算机应用,IT服务,2020-12-31,2021-12-31
SZ000158,计算机,IT服务,IT服务,2021-12-31,
SZ000159,基础化工,石油化工,石油贸易,2020-12-31,2021-12-31
SZ000159,石油石化,炼化及贸易,油品石化贸易,2021-12-31,2022-07-29
SZ000159,建筑装饰,专业工程,钢结构,2022-07-29,2024-07-31
SZ000159,电力设备,光伏设备,光伏辅材,2024-07-31,
SZ000166,非银金融,证券,证券,2020-12-31,
SZ000301,基础化工,化学纤维,涤纶,2020-12-31,2021-12-31
SZ000301,石油石化,炼化及贸易,炼油化工,2021-12-31,
SZ000333,家用电器,白色家电,空调,2020-12-31,
SZ000338,汽车,汽车零部件,汽车零部件,2020-12-31,2021-12-31
SZ000338,汽车,汽车零部件,底盘与发动机系统,2021-12-31,
SZ000400,电力设备,电气自动化设备,电网自动化设备,2020-12-31,2021-12-31
SZ000400,电力设备,电网设备,电网自动化设备,2021-12-31,
SZ000401,建筑材料,水泥,水泥制造,2020-12-31,
SZ000402,房地产,房地产开发,住宅开发,2020-12-31,2021-12-31
SZ000402,房地产,房地产开发,商业地产,2021-12-31,
SZ000403,医药生物,生物制品,生物制品,2020-12-31,2021-12-31
SZ000403,医药生物,生物制品,血液制品,2021-12-31,
SZ000404,家用电器,白色家电,家电零部件,2020-12-31,2021-12-31
SZ000404,家用电器,家电零部件,家电零部件,2021-12-31,
SZ000407,公用事业,燃气,燃气,2020-12-31,
SZ000408,基础化工,化学制品,钾肥,2020-12-31,2021-12-31
SZ000408,基础化工,农化制品,钾肥,2021-12-31,2023-07-31
SZ000408,有色金属,能源金属,锂,2023-07-31,2026-07-31
SZ000408,基础化工,农化制品,钾肥,2026-07-31,
SZ000409,综合,综合,综合,2020-12-31,2022-07-29
SZ000409,计算机,IT服务,IT服务,2022-07-29,
SZ000410,机械设备,通用设备,机床工具,2020-12-31,
SZ000411,医药生物,医药商业,医药商业,2020-12-31,2021-12-31
SZ000411,医药生物,医药商业,医药流通,2021-12-31,
SZ000413,电子,光学光电子,面板,2020-12-31,2024-10-31
SZ000415,非银金融,多元金融,多元金融,2020-12-31,2021-12-31
SZ000415,非银金融,多元金融,租赁,2021-12-31,
SZ000416,非银金融,多元金融,多元金融,2020-12-31,2021-12-31
SZ000416,非银金融,多元金融,金融控股,2021-12-31,2024-06-28
SZ000417,商贸零售,一般零售,百货,2020-12-31,2023-07-31
SZ000417,商贸零售,一般零售,多业态零售,2023-07-31,
SZ000419,商贸零售,一般零售,多业态零售,2020-12-31,
SZ000420,基础化工,化学纤维,粘胶,2020-12-31,
SZ000421,公用事业,燃气,燃气,2020-12-31,2023-07-31
SZ000421,综合,综合,综合,2023-07-31,
SZ000422,基础化工,化学原料,氯碱,2020-12-31,2022-07-29
SZ000422,基础化工,农化制品,氮肥,2022-07-29,
SZ000423,医药生物,中药,中药,2020-12-31,
SZ000425,机械设备,专用设备,工程机械,2020-12-31,2021-12-31
SZ000425,机械设备,工程机械,工程机械整机,2021-12-31,
SZ000426,有色金属,工业金属,铅锌,2020-12-31,
SZ000428,社会服务,酒店,酒店,2020-12-31,2021-12-31
SZ000428,社会服务,酒店餐饮,酒店,2021-12-31,
SZ000429,交通运输,高速公路,高速公路,2020-12-31,2021-12-31
SZ000429,交通运输,铁路公路,高速公路,2021-12-31,
SZ000430,社会服务,景点,自然景区,2020-12-31,2021-12-31
SZ000430,社会服务,旅游及景区,自然景区,2021-12-31,
SZ000488,轻工制造,造纸,造纸,2020-12-31,2021-12-31
SZ000488,轻工制造,造纸,大宗用纸,2021-12-31,
SZ000498,建筑装饰,基础建设,路桥施工,2020-12-31,2021-12-31
SZ000498,建筑装饰,基础建设,基建市政工程,2021-12-31,
SZ000501,商贸零售,一般零售,百货,2020-12-31,
SZ000502,房地产,房地产开发,住宅开发,2020-12-31,2021-12-31
SZ000502,房地产,房地产服务,物业管理,2021-12-31,2022-06-30
SZ000503,医药生物,医疗服务,医疗服务,2020-12-31,2021-12-31
SZ000503,计算机,软件开发,垂直应用软件,2021-12-31,
SZ000504,医药生物,生物制品,生物制品,2020-12-31,2021-12-31
SZ000504,医药生物,医疗服务,其他医疗服务,2021-12-31,
SZ000505,农林牧渔,农产品加工,粮油加工,2020-12-31,
SZ000506,房地产,房地产开发,住宅开发,2020-12-31,2022-07-29
SZ000506,有色金属,贵金属,黄金,2022-07-29,
SZ000507,交通运输,港口,港口,2020-12-31,2021-12-31
SZ000507,交通运输,航运港口,港口,2021-12-31,2023-07-31
SZ000507,公用事业,电力,风力发电,2023-07-31,
SZ000509,医药生物,医疗服务,医疗服务,2020-12-31,2021-12-31
SZ000509,医药生物,医疗服务,医院,2021-12-31,2022-07-29
SZ000509,电子,光学光电子,面板,2022-07-29,
SZ000510,基础化工,化学原料,氯碱,2020-12-31,
SZ000513,医药生物,化学制药,化学制剂,2020-12-31,
SZ000514,房地产,房地产开发,住宅开发,2020-12-31,
SZ000516,医药生物,医疗服务,医疗服务,2020-12-31,2021-12-31
SZ000516,医药生物,医疗服务,医院,2021-12-31,
SZ000517,房地产,房地产开发,住宅开发,2020-12-31,
SZ000518,医药生物,生物制品,生物制品,2020-12-31,2021-12-31
SZ000518,医药生物,生物制品,其他生物制品,2021-12-31,
SZ000519,国防军工,地面兵装,地面兵装,2020-12-31,
SZ000520,交通运输,航运,航运,2020-12-31,2021-12-31
SZ000520,交通运输,航运港口,航运,2021-12-31,
SZ000521,家用电器,白色家电,冰箱,2020-12-31,2021-12-31
SZ000521,家用电器,白色家电,冰洗,2021-12-31,
SZ000523,基础化工,化学制品,日用化学产品,2020-12-31,2021-12-31
SZ000523,美容护理,个护用品,洗护用品,2021-12-31,2024-07-31
SZ000523,综合,综合,综合,2024-07-31,
SZ000524,社会服务,旅游综合,旅游综合,2020-12-31,2021-12-31
SZ000524,社会服务,旅游及景区,旅游综合,2021-12-31,
SZ000525,基础化工,化学制品,农药,2020-12-31,2021-12-31
SZ000525,基础化工,农化制品,农药,2021-12-31,
SZ000526,传媒,互联网传媒,移动互联网服务,2020-12-31,2021-12-31
SZ000526,社会服务,教育,培训教育,2021-12-31,
SZ000528,机械设备,专用设备,工程机械,2020-12-31,2021-12-31
SZ000528,机械设备,工程机械,工程机械整机,2021-12-31,
SZ000529,传媒,文化传媒,平面媒体,2020-12-31,2021-12-31
SZ000529,传媒,出版,教育出版,2021-12-31,2023-05-31
SZ000529,食品饮料,食品加工,肉制品,2023-05-31,
SZ000530,机械设备,通用设备,制冷空调设备,2020-12-31,
SZ000531,公用事业,电力,火力发电,2020-12-31,
SZ000532,电子,元件,被动元件,2020-12-31,2021-12-31
SZ000532,非银金融,多元金融,资产管理,2021-12-31,
SZ000533,电力设备,高低压设备,中压设备,2020-12-31,2021-12-31
SZ000533,电力设备,电网设备,输变电设备,2021-12-31,
SZ000534,医药生物,生物制品,生物制品,2020-12-31,2021-12-31
SZ000534,医药生物,生物制品,其他生物制品,2021-12-31,
SZ000536,电子,光学光电子,面板,2020-12-31,
SZ000537,房地产,房地产开发,住宅开发,2020-12-31,2022-08-31
SZ000537,公用事业,电力,风力发电,2022-08-31,
SZ000538,医药生物,中药,中药,2020-12-31,
SZ000539,公用事业,电力,火力发电,2020-12-31,
SZ000540,房地产,房地产开发,住宅开发,2020-12-31,2023-06-30
SZ000541,电子,光学光电子,LED,2020-12-31,2021-12-31
SZ000541,家用电器,照明设备,照明设备,2021-12-31,
SZ000543,公用事业,电力,火力发电,2020-12-31,
SZ000544,公用事业,水务,水务,2020-12-31,2021-12-31
SZ000544,环保,环境治理,水务及水治理,2021-12-31,
SZ000545,基础化工,化学原料,其他化学原料,2020-12-31,2021-12-31
SZ000545,基础化工,化学原料,钛白粉,2021-12-31,
SZ000546,建筑材料,水泥,水泥制造,2020-12-31,2024-07-31
SZ000546,环保,环境治理,固废治理,2024-07-31,
SZ000547,国防军工,地面兵装,地面兵装,2020-12-31,2021-12-31
SZ000547,国防军工,军工电子,军工电子,2021-12-31,
SZ000548,交通运输,高速公路,高速公路,2020-12-31,2021-12-31
SZ000548,交通运输,铁路公路,高速公路,2021-12-31,
SZ000550,汽车,汽车整车,商用载货车,2020-12-31,2021-12-31
SZ000550,汽车,商用车,商用载货车,2021-12-31,
SZ000551,机械设备,专用设备,环保设备,2020-12-31,2021-12-31
SZ000551,环保,环保设备,环保设备,2021-12-31,
SZ000552,煤炭,煤炭开采,煤炭开采,2020-12-31,2021-12-31
SZ000552,煤炭,煤炭开采,动力煤,2021-12-31,
SZ000553,基础化工,化学制品,农药,2020-12-31,2021-12-31
SZ000553,基础化工,农化制品,农药,2021-12-31,
SZ000554,基础化工,石油化工,石油贸易,2020-12-31,2021-12-31
SZ000554,石油石化,炼化及贸易,油品石化贸易,2021-12-31,
SZ000555,计算机,计算机应用,IT服务,2020-12-31,2021-12-31
SZ000555,计算机,IT服务,IT服务,2021-12-31,
SZ000557,交通运输,铁路运输,铁路运输,2020-12-31,2021-12-31
SZ000557,交通运输,铁路公路,铁路运输,2021-12-31,
SZ000558,房地产,房地产开发,住宅开发,2020-12-31,2025-03-31
SZ000558,社会服务,旅游及景区,自然景区,2025-03-31,
SZ000559,汽车,汽车零部件,汽车零部件,2020-12-31,2021-12-31
SZ000559,汽车,汽车零部件,底盘与发动机系统,2021-12-31,
SZ000560,房地产,房地产开发,住宅开发,2020-12-31,2021-12-31
SZ000560,房地产,房地产服务,房产租赁经纪,2021-12-31,
SZ000561,国防军工,航空装备,航空装备,2020-12-31,
SZ000563,非银金融,多元金融,多元金融,2020-12-31,2021-12-31
SZ000563,非银金融,多元金融,信托,2021-12-31,
SZ000564,商贸零售,一般零售,百货,2020-12-31,
SZ000565,基础化工,化学制品,涂料油墨,2020-12-31,
SZ000566,医药生物,化学制药,化学制剂,2020-12-31,
SZ000567,非银金融,多元金融,多元金融,2020-12-31,2021-12-31
SZ000567,非银金融,多元金融,资产管理,2021-12-31,
SZ000568,食品饮料,饮料制造,白酒,2020-12-31,2021-12-31
SZ000568,食品饮料,白酒,白酒,2021-12-31,
SZ000570,机械设备,通用设备,内燃机,2020-12-31,2021-12-31
SZ000570,汽车,汽车零部件,底盘与发动机系统,2021-12-31,
SZ000571,煤炭,煤炭开采,煤炭开采,2020-12-31,2021-12-31
SZ000571,煤炭,煤炭开采,动力煤,2021-12-31,
SZ000572,汽车,汽车整车,乘用车,2020-12-31,2021-12-31
SZ000572,汽车,乘用车,综合乘用车,2021-12-31,
SZ000573,房地产,房地产开发,住宅开发,2020-12-31,
SZ000576,国防军工,地面兵装,地面兵装,2020-12-31,
SZ000581,汽车,汽车零部件,汽车零部件,2020-12-31,2021-12-31
SZ000581,汽车,汽车零部件,底盘与发动机系统,2021-12-31,
SZ000582,交通运输,港口,港口,2020-12-31,2021-12-31
SZ000582,交通运输,航运港口,港口,2021-12-31,
SZ000584,机械设备,专用设备,其他专用设备,2020-12-31,2021-12-31
SZ000584,机械设备,自动化设备,机器人,2021-12-31,2025-07-31
SZ000585,电力设备,高低压设备,高压设备,2020-12-31,2021-12-31
SZ000585,电力设备,电网设备,输变电设备,2021-12-31,2022-05-31
SZ000586,通信,通信设备,通信传输设备,2020-12-31,2021-12-31
SZ000586,通信,通信设备,通信线缆及配套,2021-12-31,
SZ000587,轻工制造,家居用品,珠宝首饰,2020-12-31,2021-12-31
SZ000587,纺织服饰,饰品,钟表珠宝,2021-12-31,2023-04-28
SZ000589,基础化工,橡胶,轮胎,2020-12-31,2021-12-31
SZ000589,汽车,汽车零部件,轮胎轮毂,2021-12-31,
SZ000590,医药生物,中药,中药,2020-12-31,
SZ000591,公用事业,电力,新能源发电,2020-12-31,2021-12-31
SZ000591,公用事业,电力,光伏发电,2021-12-31,
SZ000592,农林牧渔,林业,林业,2020-12-31,
SZ000593,公用事业,燃气,燃气,2020-12-31,
SZ000595,机械设备,通用设备,机械基础件,2020-12-31,2021-12-31
SZ000595,机械设备,通用设备,金属制品,2021-12-31,2026-07-31
SZ000595,公用事业,电力,风力发电,2026-07-31,
SZ000596,食品饮料,饮料制造,白酒,2020-12-31,2021-12-31
SZ000596,食品饮料,白酒,白酒,2021-12-31,
SZ000597,医药生物,化学制药,化学制剂,2020-12-31,
SZ000598,公用事业,水务,水务,2020-12-31,2021-12-31
SZ000598,环保,环境治理,水务及水治理,2021-12-31,
SZ000599,基础化工,橡胶,轮胎,2020-12-31,2021-12-31
SZ000599,汽车,汽车零部件,轮胎轮毂,2021-12-31,
SZ000600,公用事业,电力,火力发电,2020-12-31,
SZ000601,公用事业,电力,水力发电,2020-12-31,
SZ000603,有色金属,工业金属,铅锌,2020-12-31,
SZ000605,公用事业,水务,水务,2020-12-31,2021-12-31
SZ000605,环保,环境治理,水务及水治理,2021-12-31,
SZ000606,计算机,计算机应用,IT服务,2020-12-31,2021-12-31
SZ000606,计算机,IT服务,IT服务,2021-12-31,2023-07-31
SZ000607,传媒,营销传播,营销服务,2020-12-31,2021-12-31
SZ000607,传媒,广告营销,广告媒体,2021-12-31,
SZ000608,房地产,房地产开发,住宅开发,2020-12-31,2021-12-31
SZ000608,房地产,房地产开发,商业地产,2021-12-31,
SZ000609,房地产,房地产开发,住宅开发,2020-12-31,
SZ000610,社会服务,酒店,酒店,2020-12-31,2021-12-31
SZ000610,社会服务,酒店餐饮,酒店,2021-12-31,2024-07-31
SZ000610,社会服务,旅游及景区,旅游综合,2024-07-31,
SZ000611,纺织服饰,纺织制造,其他纺织,2020-12-31,2021-12-31
SZ000611,煤炭,煤炭开采,动力煤,2021-12-31,2022-06-30
SZ000612,有色金属,工业金属,铝,2020-12-31,
SZ000613,社会服务,酒店,酒店,2020-12-31,2021-12-31
SZ000613,社会服务,酒店餐饮,酒店,2021-12-31,2022-06-30
SZ000615,房地产,房地产开发,住宅开发,2020-12-31,2021-12-31
SZ000615,美容护理,医疗美容,医美服务,2021-12-31,
SZ000616,房地产,房地产开发,住宅开发,2020-12-31,2022-07-29
SZ000616,非银金融,多元金融,资产管理,2022-07-29,2023-08-31
SZ000617,非银金融,多元金融,多元金融,2020-12-31,2021-12-31
SZ000617,非银金融,多元金融,金融控股,2021-12-31,
SZ000619,建筑材料,装修建材,其他建材,2020-12-31,
SZ000620,房地产,房地产开发,住宅开发,2020-12-31,
SZ000622,汽车,汽车零部件,汽车零部件,2020-12-31,2021-12-31
SZ000622,综合,综合,综合,2021-12-31,2025-07-31
SZ000623,医药生物,化学制药,化学制剂,2020-12-31,2022-07-29
SZ000623,医药生物,中药,中药,2022-07-29,
SZ000625,汽车,汽车整车,乘用车,2020-12-31,2021-12-31
SZ000625,汽车,乘用车,综合乘用车,2021-12-31,
SZ000626,商贸零售,贸易,贸易,2020-12-31,2021-12-31
SZ000626,交通运输,物流,原材料供应链服务,2021-12-31,
SZ000627,非银金融,保险,保险,2020-12-31,2025-09-30
SZ000628,建筑装饰,房屋建设,房屋建设,2020-12-31,
SZ000629,煤炭,其他采掘,其他采掘,2020-12-31,2021-12-31
SZ000629,钢铁,冶钢原料,冶钢辅料,2021-12-31,
SZ000630,有色金属,工业金属,铜,2020-12-31,
SZ000631,房地产,房地产开发,住宅开发,2020-12-31,2026-07-31
SZ000631,公用事业,电力,电能综合服务,2026-07-31,
SZ000632,综合,综合,综合,2020-12-31,
SZ000633,有色金属,金属新材料,其他金属新材料,2020-12-31,
SZ000635,基础化工,化学原料,氯碱,2020-12-31,
SZ000636,电子,元件,被动元件,2020-12-31,
SZ000637,基础化工,石油化工,石油加工,2020-12-31,2021-12-31
SZ000637,石油石化,炼化及贸易,其他石化,2021-12-31,
SZ000638,综合,综合,综合,2020-12-31,2021-12-31
SZ000638,计算机,IT服务,IT服务,2021-12-31,2024-01-31
SZ000638,国防军工,军工电子,军工电子,2024-01-31,2026-06-30
SZ000639,食品饮料,食品加工,食品综合,2020-12-31,2021-12-31
SZ000639,农林牧渔,农产品加工,粮油加工,2021-12-31,2024-07-31
SZ000639,食品饮料,食品加工,保健品,2024-07-31,
SZ000650,医药生物,中药,中药,2020-12-31,
SZ000651,家用电器,白色家电,空调,2020-12-31,
SZ000652,综合,综合,综合,2020-12-31,
SZ000655,煤炭,其他采掘,其他采掘,2020-12-31,2021-12-31
SZ000655,钢铁,冶钢原料,铁矿石,2021-12-31,
SZ000656,房地产,房地产开发,住宅开发,2020-12-31,
SZ000657,有色金属,小金属,钨,2020-12-31,
SZ000659,轻工制造,包装印刷,包装印刷,2020-12-31,2021-12-31
SZ000659,轻工制造,包装印刷,塑料包装,2021-12-31,
SZ000661,医药生物,生物制品,生物制品,2020-12-31,2021-12-31
SZ000661,医药生物,生物制品,其他生物制品,2021-12-31,
SZ000662,计算机,计算机应用,IT服务,2020-12-31,2021-04-30
SZ000663,轻工制造,家居用品,家具,2020-12-31,2021-12-31
SZ000663,轻工制造,家居用品,定制家居,2021-12-31,2022-07-29
SZ000663,农林牧渔,林业,林业,2022-07-29,
SZ000665,传媒,文化传媒,有线电视网络,2020-12-31,2021-12-31
SZ000665,传媒,电视广播,电视广播,2021-12-31,
SZ000666,非银金融,多元金融,多元金融,2020-12-31,2021-12-31
SZ000666,非银金融,多元金融,信托,2021-12-31,2023-10-31
SZ000667,房地产,房地产开发,住宅开发,2020-12-31,2023-07-31
SZ000668,房地产,房地产开发,住宅开发,2020-12-31,2022-07-29
SZ000668,医药生物,医药商业,医药流通,2022-07-29,2024-07-31
SZ000668,房地产,房地产开发,住宅开发,2024-07-31,
SZ000669,公用事业,燃气,燃气,2020-12-31,
SZ000670,电子,半导体,集成电路,2020-12-31,2021-12-31
SZ000670,电子,半导体,数字芯片设计,2021-12-31,2022-07-29
SZ000670,电子,其他电子,其他电子,2022-07-29,
SZ000671,房地产,房地产开发,住宅开发,2020-12-31,2023-08-31
SZ000672,建筑材料,水泥,水泥制造,2020-12-31,
SZ000673,传媒,文化传媒,影视动漫,2020-12-31,2021-12-31
SZ000673,传媒,影视院线,影视动漫制作,2021-12-31,2022-07-29
SZ000676,传媒,互联网传媒,移动互联网服务,2020-12-31,2021-12-31
SZ000676,传媒,广告营销,营销代理,2021-12-31,
SZ000677,基础化工,化学纤维,涤纶,2020-12-31,2021-12-31
SZ000677,基础化工,化学纤维,粘胶,2021-12-31,
SZ000678,汽车,汽车零部件,汽车零部件,2020-12-31,2021-12-31
SZ000678,汽车,汽车零部件,底盘与发动机系统,2021-12-31,
SZ000679,房地产,房地产开发,住宅开发,2020-12-31,2021-12-31
SZ000679,商贸零售,一般零售,多业态零售,2021-12-31,2022-07-29
SZ000679,商贸零售,一般零售,百货,2022-07-29,
SZ000680,机械设备,专用设备,工程机械,2020-12-31,2021-12-31
SZ000680,机械设备,工程机械,工程机械整机,2021-12-31,
SZ000681,传媒,互联网传媒,互联网信息服务,2020-12-31,2021-12-31
SZ000681,传媒,数字媒体,图片媒体,2021-12-31,
SZ000682,电力设备,电气自动化设备,电网自动化设备,2020-12-31,2021-12-31
SZ000682,电力设备,电网设备,电网自动化设备,2021-12-31,
SZ000683,基础化工,化学原料,纯碱,2020-12-31,
SZ000685,公用事业,水务,水务,2020-12-31,2021-12-31
SZ000685,环保,环境治理,水务及水治理,2021-12-31,
SZ000686,非银金融,证券,证券,2020-12-31,
SZ000687,国防军工,航空装备,航空装备,2020-12-31,2022-06-30
SZ000688,有色金属,工业金属,铅锌,2020-12-31,2026-07-31
SZ000688,有色金属,小金属,钼,2026-07-31,
SZ000690,公用事业,电力,新能源发电,2020-12-31,2021-12-31
SZ000690,公用事业,电力,火力发电,2021-12-31,
SZ000691,房地产,房地产开发,住宅开发,2020-12-31,2022-07-29
SZ000691,基础化工,化学原料,其他化学原料,2022-07-29,
SZ000692,公用事业,电力,热力服务,2020-12-31,
SZ000695,轻工制造,包装印刷,包装印刷,2020-12-31,2021-12-31
SZ000695,轻工制造,包装印刷,印刷,2021-12-31,2024-07-31
SZ000695,电力设备,电池,电池化学品,2024-07-31,
SZ000697,国防军工,航空装备,航空装备,2020-12-31,
SZ000698,基础化工,石油化工,石油加工,2020-12-31,2021-12-31
SZ000698,石油石化,炼化及贸易,炼油化工,2021-12-31,
SZ000700,汽车,汽车零部件,汽车零部件,2020-12-31,2021-12-31
SZ000700,汽车,汽车零部件,车身附件及饰件,2021-12-31,
SZ000701,电子,元件,被动元件,2020-12-31,2021-12-31
SZ000701,电子,其他电子,其他电子,2021-12-31,2024-07-31
SZ000701,汽车,汽车服务,汽车经销商,2024-07-31,2026-07-31
SZ000701,商贸零售,贸易,贸易,2026-07-31,
SZ000702,农林牧渔,饲料,饲料,2020-12-31,2021-12-31
SZ000702,农林牧渔,饲料,畜禽饲料,2021-12-31,
SZ000703,基础化工,化学纤维,涤纶,2020-12-31,2021-12-31
SZ000703,石油石化,炼化及贸易,炼油化工,2021-12-31,
SZ000705,医药生物,医药商业,医药商业,2020-12-31,2021-12-31
SZ000705,医药生物,医药商业,医药流通,2021-12-31,
SZ000707,基础化工,化学原料,纯碱,2020-12-31,
SZ000708,钢铁,钢铁,特钢,2020-12-31,2021-12-31
SZ000708,钢铁,特钢,特钢,2021-12-31,
SZ000709,钢铁,钢铁,普钢,2020-12-31,2021-12-31
SZ000709,钢铁,普钢,板材,2021-12-31,
SZ000710,医药生物,医疗器械,医疗器械,2020-12-31,2021-12-31
SZ000710,医药生物,医疗器械,体外诊断,2021-12-31,2022-07-29
SZ000710,医药生物,医疗服务,诊断服务,2022-07-29,
SZ000711,公用事业,环保工程及服务,环保工程及服务,2020-12-31,2021-12-31
SZ000711,环保,环境治理,固废治理,2021-12-31,2022-07-29
SZ000711,环保,环境治理,综合环境治理,2022-07-29,
SZ000712,非银金融,证券,证券,2020-12-31,
SZ000713,农林牧渔,种植业,种子,2020-12-31,
SZ000715,商贸零售,一般零售,百货,2020-12-31,
SZ000716,食品饮料,食品加工,食品综合,2020-12-31,2021-12-31
SZ000716,食品饮料,休闲食品,烘焙食品,2021-12-31,2022-07-29
SZ000716,食品饮料,休闲食品,零食,2022-07-29,
SZ000717,钢铁,钢铁,普钢,2020-12-31,2021-12-31
SZ000717,钢铁,普钢,长材,2021-12-31,
SZ000718,房地产,房地产开发,住宅开发,2020-12-31,
SZ000719,传媒,文化传媒,平面媒体,2020-12-31,2021-12-31
SZ000719,传媒,出版,大众出版,2021-12-31,
SZ000720,公用事业,电力,火力发电,2020-12-31,2021-12-31
SZ000720,房地产,房地产开发,产业地产,2021-12-31,2022-07-29
SZ000720,电力设备,电网设备,线缆部件及其他,2022-07-29,
SZ000721,社会服务,餐饮,餐饮,2020-12-31,2021-12-31
SZ000721,社会服务,酒店餐饮,餐饮,2021-12-31,
SZ000722,公用事业,电力,水力发电,2020-12-31,
SZ000723,煤炭,煤炭开采,焦炭加工,2020-12-31,2021-12-31
SZ000723,煤炭,焦炭,焦炭,2021-12-31,
SZ000725,电子,光学光电子,面板,2020-12-31,
SZ000726,纺织服饰,纺织制造,棉纺,2020-12-31,
SZ000727,电子,光学光电子,面板,2020-12-31,
SZ000728,非银金融,证券,证券,2020-12-31,
SZ000729,食品饮料,饮料制造,啤酒,2020-12-31,2021-12-31
SZ000729,食品饮料,非白酒,啤酒,2021-12-31,
SZ000731,基础化工,化学制品,氮肥,2020-12-31,2021-12-31
SZ000731,基础化工,农化制品,氮肥,2021-12-31,
SZ000732,房地产,房地产开发,住宅开发,2020-12-31,2023-08-31
SZ000733,电子,元件,被动元件,2020-12-31,2021-12-31
SZ000733,国防军工,军工电子,军工电子,2021-12-31,
SZ000735,农林牧渔,养殖业,畜禽养殖,2020-12-31,2021-12-31
SZ000735,农林牧渔,养殖业,生猪养殖,2021-12-31,
SZ000736,房地产,房地产开发,住宅开发,2020-12-31,
SZ000737,基础化工,化学制品,其他化学制品,2020-12-31,2021-12-31
SZ000737,基础化工,化学原料,无机盐,2021-12-31,2022-07-29
SZ000737,有色金属,工业金属,铜,2022-07-29,
SZ000738,国防军工,航空装备,航空装备,2020-12-31,
SZ000739,医药生物,化学制药,原料药,2020-12-31,
SZ000750,非银金融,证券,证券,2020-12-31,
SZ000751,有色金属,工业金属,铅锌,2020-12-31,
SZ000752,食品饮料,饮料制造,啤酒,2020-12-31,2021-12-31
SZ000752,食品饮料,非白酒,啤酒,2021-12-31,
SZ000753,汽车,汽车服务,汽车服务,2020-12-31,2021-12-31
SZ000753,综合,综合,综合,2021-12-31,
SZ000755,交通运输,高速公路,高速公路,2020-12-31,2021-12-31
SZ000755,交通运输,铁路公路,高速公路,2021-12-31,
SZ000756,医药生物,化学制药,原料药,2020-12-31,
SZ000757,汽车,汽车零部件,汽车零部件,2020-12-31,2021-12-31
SZ000757,汽车,汽车服务,汽车综合服务,2021-12-31,
SZ000758,有色金属,工业金属,铅锌,2020-12-31,
SZ000759,商贸零售,一般零售,超市,2020-12-31,
SZ000760,汽车,汽车零部件,汽车零部件,2020-12-31,2021-07-30
SZ000761,钢铁,钢铁,普钢,2020-12-31,2021-12-31
SZ000761,钢铁,普钢,板材,2021-12-31,
SZ000762,煤炭,其他采掘,其他采掘,2020-12-31,2021-12-31
SZ000762,有色金属,能源金属,锂,2021-12-31,
SZ000766,医药生物,化学制药,化学制剂,2020-12-31,
SZ000767,公用事业,电力,火力发电,2020-12-31,
SZ000768,国防军工,航空装备,航空装备,2020-12-31,
SZ000776,非银金融,证券,证券,2020-12-31,
SZ000777,机械设备,通用设备,机械基础件,2020-12-31,2021-12-31
SZ000777,机械设备,通用设备,金属制品,2021-12-31,
SZ000778,钢铁,钢铁,普钢,2020-12-31,2021-12-31
SZ000778,钢铁,普钢,钢铁管材,2021-12-31,
SZ000779,建筑装饰,基础建设,水利工程,2020-12-31,2021-12-31
SZ000779,建筑装饰,工程咨询服务,工程咨询服务,2021-12-31,
SZ000780,煤炭,煤炭开采,煤炭开采,2020-12-31,2021-12-31
SZ000780,煤炭,煤炭开采,动力煤,2021-12-31,2022-01-28
SZ000782,基础化工,化学纤维,其他化学纤维,2020-12-31,2021-12-31
SZ000782,基础化工,化学纤维,锦纶,2021-12-31,
SZ000783,非银金融,证券,证券,2020-12-31,
SZ000785,商贸零售,一般零售,多业态零售,2020-12-31,2021-12-31
SZ000785,商贸零售,一般零售,商业物业经营,2021-12-31,
SZ000786,建筑材料,装修建材,其他建材,2020-12-31,
SZ000788,医药生物,化学制药,化学制剂,2020-12-31,
SZ000789,建筑材料,水泥,水泥制造,2020-12-31,
SZ000790,医药生物,中药,中药,2020-12-31,
SZ000791,公用事业,电力,水力发电,2020-12-31,
SZ000792,基础化工,化学制品,钾肥,2020-12-31,2021-12-31
SZ000792,基础化工,农化制品,钾肥,2021-12-31,
SZ000793,传媒,文化传媒,平面媒体,2020-12-31,2021-12-31
SZ000793,传媒,出版,大众出版,2021-12-31,
SZ000795,有色金属,金属新材料,磁性材料,2020-12-31,
SZ000796,社会服务,旅游综合,旅游综合,2020-12-31,2021-12-31
SZ000796,社会服务,旅游及景区,旅游综合,2021-12-31,
SZ000797,房地产,房地产开发,住宅开发,2020-12-31,
SZ000798,农林牧渔,渔业,海洋捕捞,2020-12-31,
SZ000799,食品饮料,饮料制造,白酒,2020-12-31,2021-12-31
SZ000799,食品饮料,白酒,白酒,2021-12-31,
SZ000800,汽车,汽车整车,乘用车,2020-12-31,2021-12-31
SZ000800,汽车,商用车,商用载货车,2021-12-31,
SZ000801,家用电器,黑色家电,其他黑色家电,2020-12-31,
SZ000802,传媒,文化传媒,影视动漫,2020-12-31,2021-12-31
SZ000802,传媒,影视院线,影视动漫制作,2021-12-31,
SZ000803,电力设备,其他电源设备,光伏设备,2020-12-31,2021-12-31
SZ000803,公用事业,电力,电能综合服务,2021-12-31,2025-08-29
SZ000803,环保,环境治理,固废治理,2025-08-29,
SZ000806,电力设备,高低压设备,高压设备,2020-12-31,2021-12-31
SZ000806,电力设备,电网设备,输变电设备,2021-12-31,2023-07-31
SZ000807,有色金属,工业金属,铝,2020-12-31,
SZ000809,房地产,房地产开发,住宅开发,2020-12-31,2026-07-31
SZ000809,电力设备,风电设备,风电零部件,2026-07-31,
SZ000810,家用电器,黑色家电,其他黑色家电,2020-12-31,
SZ000811,机械设备,通用设备,制冷空调设备,2020-12-31,
SZ000812,轻工制造,包装印刷,包装印刷,2020-12-31,2021-12-31
SZ000812,轻工制造,包装印刷,纸包装,2021-12-31,
SZ000813,医药生物,化学制药,化学制剂,2020-12-31,
SZ000815,轻工制造,造纸,造纸,2020-12-31,2021-12-31
SZ000815,轻工制造,造纸,大宗用纸,2021-12-31,2024-07-31
SZ000815,计算机,IT服务,IT服务,2024-07-31,
SZ000816,机械设备,通用设备,内燃机,2020-12-31,2021-12-31
SZ000816,汽车,汽车零部件,底盘与发动机系统,2021-12-31,
SZ000818,基础化工,化学原料,氯碱,2020-12-31,
SZ000819,基础化工,石油化工,石油加工,2020-12-31,2021-12-31
SZ000819,石油石化,炼化及贸易,其他石化,2021-12-31,
SZ000820,公用事业,环保工程及服务,环保工程及服务,2020-12-31,2021-12-31
SZ000820,环保,环境治理,固废治理,2021-12-31,2024-07-31
SZ000820,环保,环保设备,环保设备,2024-07-31,
SZ000821,机械设备,专用设备,印刷包装机械,2020-12-31,2022-07-29
SZ000821,电力设备,光伏设备,光伏加工设备,2022-07-29,
SZ000822,基础化工,化学原料,纯碱,2020-12-31,
SZ000823,电子,元件,印制电路板,2020-12-31,
SZ000825,钢铁,钢铁,特钢,2020-12-31,2021-12-31
SZ000825,钢铁,特钢,特钢,2021-12-31,
SZ000826,公用事业,环保工程及服务,环保工程及服务,2020-12-31,2021-12-31
SZ000826,环保,环境治理,综合环境治理,2021-12-31,
SZ000828,交通运输,高速公路,高速公路,2020-12-31,2021-12-31
SZ000828,交通运输,铁路公路,高速公路,2021-12-31,
SZ000829,商贸零售,专业连锁,专业连锁,2020-12-31,
SZ000830,基础化工,化学制品,氮肥,2020-12-31,2021-12-31
SZ000830,基础化工,化学原料,煤化工,2021-12-31,
SZ000831,有色金属,小金属,稀土,2020-12-31,
SZ000833,煤炭,其他采掘,其他采掘,2020-12-31,2021-12-31
SZ000833,综合,综合,综合,2021-12-31,
SZ000835,传媒,互联网传媒,移动互联网服务,2020-12-31,2021-12-31
SZ000835,传媒,游戏,游戏,2021-12-31,2022-05-31
SZ000836,通信,通信设备,通信传输设备,2020-12-31,2021-12-31
SZ000836,通信,通信设备,通信线缆及配套,2021-12-31,2024-08-30
SZ000837,机械设备,通用设备,机床工具,2020-12-31,
SZ000838,房地产,房地产开发,住宅开发,2020-12-31,
SZ000839,综合,综合,综合,2020-12-31,2022-07-29
SZ000839,通信,通信服务,通信应用增值服务,2022-07-29,
SZ000848,食品饮料,饮料制造,软饮料,2020-12-31,2021-12-31
SZ000848,食品饮料,饮料乳品,软饮料,2021-12-31,
SZ000850,纺织服饰,纺织制造,棉纺,2020-12-31,
SZ000851,通信,通信设备,终端设备,2020-12-31,2021-12-31
SZ000851,通信,通信设备,通信网络设备及器件,2021-12-31,2025-11-28
SZ000852,机械设备,专用设备,能源及重型设备,2020-12-31,
SZ000856,机械设备,专用设备,其他专用设备,2020-12-31,
SZ000858,食品饮料,饮料制造,白酒,2020-12-31,2021-12-31
SZ000858,食品饮料,白酒,白酒,2021-12-31,
SZ000859,基础化工,塑料,其他塑料制品,2020-12-31,2021-12-31
SZ000859,基础化工,塑料,膜材料,2021-12-31,
SZ000860,食品饮料,饮料制造,白酒,2020-12-31,2021-12-31
SZ000860,食品饮料,白酒,白酒,2021-12-31,
SZ000861,商贸零售,商业物业经营,一般物业经营,2020-12-31,2021-12-31
SZ000861,商贸零售,一般零售,商业物业经营,2021-12-31,2024-09-30
SZ000862,公用事业,电力,新能源发电,2020-12-31,2021-12-31
SZ000862,公用事业,电力,风力发电,2021-12-31,
SZ000863,房地产,房地产开发,住宅开发,2020-12-31,
SZ000868,汽车,汽车整车,商用载客车,2020-12-31,2021-12-31
SZ000868,汽车,商用车,商用载客车,2021-12-31,
SZ000869,食品饮料,饮料制造,葡萄酒,2020-12-31,2021-12-31
SZ000869,食品饮料,非白酒,其他酒类,2021-12-31,
SZ000875,公用事业,电力,新能源发电,2020-12-31,2021-12-31
SZ000875,公用事业,电力,电能综合服务,2021-12-31,
SZ000876,农林牧渔,饲料,饲料,2020-12-31,2021-12-31
SZ000876,农林牧渔,养殖业,生猪养殖,2021-12-31,2026-07-31
SZ000876,农林牧渔,饲料,畜禽饲料,2026-07-31,
SZ000877,建筑材料,水泥,水泥制造,2020-12-31,
SZ000878,有色金属,工业金属,铜,2020-12-31,
SZ000880,机械设备,通用设备,内燃机,2020-12-31,2021-12-31
SZ000880,汽车,汽车零部件,底盘与发动机系统,2021-12-31,2026-07-31
SZ000880,机械设备,通用设备,其他通用设备,2026-07-31,
SZ000881,基础化工,化学制品,其他化学制品,2020-12-31,
SZ000882,商贸零售,商业物业经营,一般物业经营,2020-12-31,2021-12-31
SZ000882,商贸零售,一般零售,百货,2021-12-31,2026-07-31
SZ000882,商贸零售,一般零售,商业物业经营,2026-07-31,
SZ000883,公用事业,电力,水力发电,2020-12-31,2021-12-31
SZ000883,公用事业,电力,电能综合服务,2021-12-31,
SZ000885,交通运输,高速公路,高速公路,2020-12-31,2021-12-31
SZ000885,交通运输,铁路公路,高速公路,2021-12-31,2024-05-31
SZ000885,环保,环境治理,固废治理,2024-05-31,
SZ000886,交通运输,高速公路,高速公路,2020-12-31,2021-12-31
SZ000886,交通运输,铁路公路,高速公路,2021-12-31,2022-07-29
SZ000886,房地产,房地产开发,住宅开发,2022-07-29,2025-08-29
SZ000886,交通运输,铁路公路,高速公路,2025-08-29,
SZ000887,汽车,汽车零部件,汽车零部件,2020-12-31,2021-12-31
SZ000887,汽车,汽车零部件,其他汽车零部件,2021-12-31,
SZ000888,社会服务,景点,自然景区,2020-12-31,2021-12-31
SZ000888,社会服务,旅游及景区,自然景区,2021-12-31,
SZ000889,通信,通信服务,通信运营,2020-12-31,2021-12-31
SZ000889,通信,通信服务,通信工程及服务,2021-12-31,
SZ000890,非银金融,多元金融,多元金融,2020-12-31,2021-12-31
SZ000890,机械设备,通用设备,金属制品,2021-12-31,2022-07-29
SZ000890,环保,环保设备,环保设备,2022-07-29,
SZ000892,传媒,文化传媒,影视动漫,2020-12-31,2021-12-31
SZ000892,传媒,影视院线,影视动漫制作,2021-12-31,
SZ000893,基础化工,化学制品,钾肥,2020-12-31,2021-12-31
SZ000893,基础化工,农化制品,钾肥,2021-12-31,
SZ000895,食品饮料,食品加工,肉制品,2020-12-31,
SZ000897,房地产,房地产开发,住宅开发,2020-12-31,
SZ000898,钢铁,钢铁,普钢,2020-12-31,2021-12-31
SZ000898,钢铁,普钢,板材,2021-12-31,
SZ000899,公用事业,电力,火力发电,2020-12-31,
SZ000900,交通运输,高速公路,高速公路,2020-12-31,2021-12-31
SZ000900,交通运输,铁路公路,高速公路,2021-12-31,
SZ000901,机械设备,仪器仪表,仪器仪表,2020-12-31,2021-12-31
SZ000901,国防军工,军工电子,军工电子,2021-12-31,2022-07-29
SZ000901,汽车,汽车零部件,汽车电子电气系统,2022-07-29,
SZ000902,基础化工,化学制品,复合肥,2020-12-31,2021-12-31
SZ000902,基础化工,农化制品,复合肥,2021-12-31,
SZ000903,汽车,汽车零部件,汽车零部件,2020-12-31,2021-12-31
SZ000903,汽车,汽车零部件,底盘与发动机系统,2021-12-31,
SZ000905,交通运输,港口,港口,2020-12-31,2021-12-31
SZ000905,交通运输,航运港口,港口,2021-12-31,
SZ000906,商贸零售,贸易,贸易,2020-12-31,2021-06-30
SZ000906,交通运输,物流,物流,2021-06-30,2021-12-31
SZ000906,交通运输,物流,原材料供应链服务,2021-12-31,
SZ000908,医药生物,化学制药,化学制剂,2020-12-31,
SZ000909,房地产,房地产开发,住宅开发,2020-12-31,
SZ000910,轻工制造,家居用品,家具,2020-12-31,2021-12-31
SZ000910,轻工制造,家居用品,瓷砖地板,2021-12-31,
SZ000911,农林牧渔,农产品加工,其他农产品加工,2020-12-31,
SZ000912,基础化工,化学制品,氮肥,2020-12-31,2021-12-31
SZ000912,基础化工,农化制品,氮肥,2021-12-31,
SZ000913,汽车,摩托车及其他,其他运输设备,2020-12-31,2021-12-31
SZ000913,汽车,摩托车及其他,摩托车,2021-12-31,
SZ000915,医药生物,化学制药,化学制剂,2020-12-31,
SZ000917,传媒,文化传媒,有线电视网络,2020-12-31,2021-12-31
SZ000917,传媒,电视广播,电视广播,2021-12-31,
SZ000918,房地产,房地产开发,住宅开发,2020-12-31,2023-07-31
SZ000919,医药生物,中药,中药,2020-12-31,2022-07-29
SZ000919,医药生物,化学制药,化学制剂,2022-07-29,
SZ000920,公用事业,环保工程及服务,环保工程及服务,2020-12-31,2021-12-31
SZ000920,环保,环境治理,水务及水治理,2021-12-31,2022-07-29
SZ000920,基础化工,塑料,膜材料,2022-07-29,
SZ000921,家用电器,白色家电,冰箱,2020-12-31,2021-12-31
SZ000921,家用电器,白色家电,空调,2021-12-31,
SZ000922,电力设备,电机,电机,2020-12-31,
SZ000923,煤炭,其他采掘,其他采掘,2020-12-31,2021-12-31
SZ000923,钢铁,冶钢原料,铁矿石,2021-12-31,
SZ000925,机械设备,轨交设备,轨交设备,2020-12-31,
SZ000926,房地产,房地产开发,住宅开发,2020-12-31,
SZ000927,汽车,汽车整车,乘用车,2020-12-31,2021-12-31
SZ000927,汽车,乘用车,综合乘用车,2021-12-31,2022-03-31
SZ000927,机械设备,轨交设备,轨交设备,2022-03-31,
SZ000928,建筑装饰,专业工程,国际工程,2020-12-31,
SZ000929,食品饮料,饮料制造,啤酒,2020-12-31,2021-12-31
SZ000929,食品饮料,非白酒,啤酒,2021-12-31,
SZ000930,农林牧渔,农产品加工,其他农产品加工,2020-12-31,
SZ000931,医药生物,化学制药,化学制剂,2020-12-31,
SZ000932,钢铁,钢铁,普钢,2020-12-31,2021-12-31
SZ000932,钢铁,普钢,板材,2021-12-31,
SZ000933,有色金属,工业金属,铝,2020-12-31,
SZ000935,建筑材料,水泥,水泥制造,2020-12-31,2023-07-31
SZ000935,非银金融,多元金融,资产管理,2023-07-31,
SZ000936,基础化工,化学纤维,涤纶,2020-12-31,
SZ000937,煤炭,煤炭开采,煤炭开采,2020-12-31,2021-12-31
SZ000937,煤炭,煤炭开采,焦煤,2021-12-31,
SZ000938,计算机,计算机应用,IT服务,2020-12-31,2021-12-31
SZ000938,计算机,IT服务,IT服务,2021-12-31,
SZ000948,计算机,计算机应用,软件开发,2020-12-31,2021-12-31
SZ000948,计算机,软件开发,垂直应用软件,2021-12-31,
SZ000949,基础化工,化学纤维,粘胶,2020-12-31,2021-12-31
SZ000949,基础化工,化学纤维,氨纶,2021-12-31,2024-07-31
SZ000949,基础化工,化学纤维,粘胶,2024-07-31,
SZ000950,医药生物,医药商业,医药商业,2020-12-31,2021-12-31
SZ000950,医药生物,医药商业,医药流通,2021-12-31,
SZ000951,汽车,汽车整车,商用载货车,2020-12-31,2021-12-31
SZ000951,汽车,商用车,商用载货车,2021-12-31,
SZ000952,医药生物,化学制药,原料药,2020-12-31,
SZ000953,基础化工,化学制品,氮肥,2020-12-31,2021-12-31
SZ000953,基础化工,农化制品,氮肥,2021-12-31,2022-07-29
SZ000953,医药生物,化学制药,原料药,2022-07-29,
SZ000955,纺织服饰,纺织制造,其他纺织,2020-12-31,
SZ000957,汽车,汽车整车,商用载客车,2020-12-31,2021-12-31
SZ000957,汽车,商用车,商用载客车,2021-12-31,
SZ000958,非银金融,多元金融,多元金融,2020-12-31,2021-12-31
SZ000958,公用事业,电力,火力发电,2021-12-31,2022-07-29
SZ000958,非银金融,多元金融,其他多元金融,2022-07-29,2026-07-31
SZ000958,公用事业,电力,核力发电,2026-07-31,
SZ000959,钢铁,钢铁,普钢,2020-12-31,2021-12-31
SZ000959,钢铁,普钢,板材,2021-12-31,
SZ000960,有色金属,小金属,其他小金属,2020-12-31,
SZ000961,房地产,房地产开发,住宅开发,2020-12-31,2024-07-31
SZ000962,有色金属,金属新材料,其他金属新材料,2020-12-31,2021-12-31
SZ000962,有色金属,小金属,其他小金属,2021-12-31,
SZ000963,医药生物,化学制药,化学制剂,2020-12-31,
SZ000965,房地产,房地产开发,住宅开发,2020-12-31,
SZ000966,公用事业,电力,火力发电,2020-12-31,
SZ000967,公用事业,环保工程及服务,环保工程及服务,2020-12-31,2021-12-31
SZ000967,环保,环保设备,环保设备,2021-12-31,
SZ000968,煤炭,煤炭开采,煤炭开采,2020-12-31,2021-12-31
SZ000968,石油石化,油气开采,油气开采,2021-12-31,
SZ000969,有色金属,金属新材料,其他金属新材料,2020-12-31,
SZ000970,有色金属,金属新材料,磁性材料,2020-12-31,
SZ000971,通信,通信设备,通信配套服务,2020-12-31,2021-12-31
SZ000971,通信,通信服务,通信应用增值服务,2021-12-31,2024-07-31
SZ000972,农林牧渔,农产品加工,果蔬加工,2020-12-31,
SZ000973,基础化工,塑料,其他塑料制品,2020-12-31,2021-12-31
SZ000973,基础化工,塑料,膜材料,2021-12-31,
SZ000975,有色金属,贵金属,黄金,2020-12-31,
SZ000976,机械设备,轨交设备,轨交设备,2020-12-31,2024-08-30
SZ000977,计算机,计算机设备,计算机设备,2020-12-31,2021-12-31
SZ000977,计算机,计算机设备,其他计算机设备,2021-12-31,
SZ000978,社会服务,景点,自然景区,2020-12-31,2021-12-31
SZ000978,社会服务,旅游及景区,自然景区,2021-12-31,
SZ000980,汽车,汽车零部件,汽车零部件,2020-12-31,2021-12-31
SZ000980,汽车,汽车零部件,汽车电子电气系统,2021-12-31,
SZ000981,房地产,房地产开发,住宅开发,2020-12-31,2022-07-29
SZ000981,汽车,汽车零部件,底盘与发动机系统,2022-07-29,
SZ000982,纺织服饰,纺织制造,其他纺织,2020-12-31,2023-07-31
SZ000982,电力设备,电池,电池化学品,2023-07-31,2024-08-30
SZ000983,煤炭,煤炭开采,煤炭开采,2020-12-31,2021-12-31
SZ000983,煤炭,煤炭开采,焦煤,2021-12-31,
SZ000985,基础化工,化学制品,其他化学制品,2020-12-31,2021-12-31
SZ000985,石油石化,炼化及贸易,其他石化,2021-12-31,
SZ000987,非银金融,证券,证券,2020-12-31,2021-12-31
SZ000987,非银金融,多元金融,金融控股,2021-12-31,
SZ000988,电子,其他电子,其他电子,2020-12-31,2021-12-31
SZ000988,机械设备,自动化设备,激光设备,2021-12-31,
SZ000989,医药生物,中药,中药,2020-12-31,
SZ000990,基础化工,化学制品,其他化学制品,2020-12-31,2021-12-31
SZ000990,基础化工,化学原料,煤化工,2021-12-31,
SZ000993,公用事业,电力,水力发电,2020-12-31,
SZ000995,食品饮料,饮料制造,白酒,2020-12-31,2021-12-31
SZ000995,食品饮料,白酒,白酒,2021-12-31,
SZ000996,汽车,汽车服务,汽车服务,2020-12-31,2021-12-31
SZ000996,汽车,汽车服务,汽车经销商,2021-12-31,2024-06-28
SZ000997,计算机,计算机设备,计算机设备,2020-12-31,2021-12-31
SZ000997,计算机,计算机设备,其他计算机设备,2021-12-31,
SZ000998,农林牧渔,种植业,种子,2020-12-31,
SZ000999,医药生物,中药,中药,2020-12-31,
SZ001201,农林牧渔,养殖业,畜禽养殖,2021-04-30,2021-12-31
SZ001201,农林牧渔,养殖业,生猪养殖,2021-12-31,
SZ001202,交通运输,物流,物流,2021-04-30,2021-12-31
SZ001202,交通运输,物流,原材料供应链服务,2021-12-31,
SZ001203,煤炭,其他采掘,其他采掘,2021-05-31,2021-12-31
SZ001203,钢铁,冶钢原料,铁矿石,2021-12-31,
SZ001205,交通运输,航运,航运,2021-05-31,2021-12-31
SZ001205,交通运输,航运港口,航运,2021-12-31,
SZ001206,轻工制造,造纸,造纸,2021-05-31,2021-12-31
SZ001206,美容护理,个护用品,生活用纸,2021-12-31,
SZ001207,基础化工,橡胶,炭黑,2021-06-30,
SZ001208,电力设备,高低压设备,线缆部件及其他,2021-06-30,2021-12-31
SZ001208,电力设备,电网设备,线缆部件及其他,2021-12-31,
SZ001209,纺织服饰,服装家纺,其他服装,2021-07-30,2021-12-31
SZ001209,纺织服饰,服装家纺,非运动服装,2021-12-31,
SZ001210,公用事业,电力,热力服务,2021-07-30,
SZ001211,轻工制造,家居用品,其他家用轻工,2021-08-31,2021-12-31
SZ001211,轻工制造,家居用品,其他家居用品,2021-12-31,
SZ001212,建筑材料,装修建材,其他建材,2021-08-31,
SZ001213,交通运输,铁路运输,铁路运输,2021-09-30,2021-12-31
SZ001213,交通运输,铁路公路,铁路运输,2021-12-31,
SZ001215,食品饮料,食品加工,食品综合,2021-09-30,2021-12-31
SZ001215,食品饮料,食品加工,预加工食品,2021-12-31,
SZ001216,轻工制造,家居用品,其他家用轻工,2021-10-29,2021-12-31
SZ001216,轻工制造,家居用品,其他家居用品,2021-12-31,
SZ001217,基础化工,化学原料,其他化学原料,2021-09-30,
SZ001218,基础化工,化学制品,其他化学制品,2021-10-29,
SZ001219,食品饮料,食品加工,食品综合,2021-10-29,2021-12-31
SZ001219,食品饮料,休闲食品,烘焙食品,2021-12-31,
SZ001220,交通运输,物流,中间产品及消费品供应链服务,2026-02-27,
SZ001221,轻工制造,家居用品,其他家居用品,2025-07-31,
SZ001222,轻工制造,文娱用品,娱乐用品,2022-08-31,
SZ001223,机械设备,自动化设备,其他自动化设备,2022-12-30,
SZ001225,机械设备,专用设备,能源及重型设备,2023-02-28,
SZ001226,机械设备,工程机械,工程机械器件,2022-06-30,
SZ001227,银行,城商行,城商行,2022-01-28,
SZ001228,交通运输,物流,跨境物流,2022-04-29,
SZ001229,计算机,计算机设备,其他计算机设备,2022-08-31,
SZ001230,环保,环境治理,固废治理,2022-07-29,
SZ001231,基础化工,农化制品,农药,2022-08-31,
SZ001232,电子,元件,印制电路板,2026-08-31,
SZ001233,汽车,汽车零部件,轮胎轮毂,2025-11-28,
SZ001234,纺织服饰,纺织制造,其他纺织,2022-01-28,2024-07-31
SZ001234,纺织服饰,服装家纺,运动服装,2024-07-31,
SZ001236,非银金融,多元金融,期货,2022-08-31,
SZ001237,机械设备,通用设备,制冷空调设备,2026-05-29,
SZ001238,轻工制造,文娱用品,娱乐用品,2022-09-30,
SZ001239,机械设备,工程机械,工程机械器件,2023-12-29,
SZ001248,公用事业,电力,风力发电,2026-07-31,
SZ001255,基础化工,塑料,合成树脂,2022-09-30,
SZ001256,机械设备,专用设备,印刷包装机械,2022-12-30,
SZ001257,有色金属,小金属,钼,2026-03-31,
SZ001258,公用事业,电力,风力发电,2022-07-29,
SZ001259,家用电器,小家电,厨房小家电,2022-08-31,
SZ001260,汽车,汽车零部件,车身附件及饰件,2023-02-28,
SZ001266,机械设备,自动化设备,工控设备,2022-02-28,
SZ001267,建筑装饰,园林工程,园林工程,2021-11-30,2021-12-31
SZ001267,建筑装饰,基础建设,园林工程,2021-12-31,2026-07-31
SZ001267,通信,通信设备,通信网络设备及器件,2026-07-31,
SZ001268,家用电器,家电零部件,家电零部件,2022-06-30,
SZ001269,电力设备,光伏设备,光伏辅材,2022-09-30,
SZ001270,国防军工,军工电子,军工电子,2022-06-30,
SZ001277,机械设备,专用设备,能源及重型设备,2024-09-30,
SZ001278,汽车,汽车零部件,车身附件及饰件,2023-03-31,
SZ001279,轻工制造,包装印刷,印刷,2024-10-31,
SZ001280,有色金属,小金属,稀土,2025-12-31,
SZ001282,汽车,汽车零部件,底盘与发动机系统,2023-05-31,
SZ001283,电力设备,电池,锂电池,2022-09-30,
SZ001285,汽车,汽车零部件,底盘与发动机系统,2025-09-30,
SZ001286,煤炭,煤炭开采,动力煤,2023-04-28,2023-05-31
SZ001286,公用事业,电力,火力发电,2023-05-31,
SZ001287,电子,其他电子,其他电子,2023-04-28,
SZ001288,机械设备,专用设备,工程机械,2021-11-30,2021-12-31
SZ001288,机械设备,专用设备,能源及重型设备,2021-12-31,
SZ001289,,,,2022-01-28,2022-02-28
SZ001289,公用事业,电力,风力发电,2022-02-28,
SZ001296,基础化工,非金属材料,非金属材料,2021-12-31,
SZ001298,电子,其他电子,其他电子,2022-10-31,
SZ001299,公用事业,燃气,燃气,2022-10-31,
SZ001300,轻工制造,文娱用品,娱乐用品,2022-10-31,
SZ001301,电力设备,电池,电池化学品,2022-12-30,
SZ001306,机械设备,通用设备,金属制品,2023-11-30,
SZ001308,电子,光学光电子,面板,2022-03-31,
SZ001309,计算机,计算机设备,其他计算机设备,2022-07-29,2024-07-31
SZ001309,电子,半导体,数字芯片设计,2024-07-31,
SZ001311,汽车,汽车零部件,其他汽车零部件,2023-02-28,
SZ001312,纺织服饰,纺织制造,其他纺织,2026-04-30,
SZ001313,农林牧渔,饲料,水产饲料,2022-02-28,
SZ001314,电子,消费电子,消费电子零部件及组装,2023-02-28,
SZ001316,石油石化,炼化及贸易,油品石化贸易,2022-06-30,
SZ001317,交通运输,铁路运输,铁路运输,2021-11-30,2021-12-31
SZ001317,交通运输,铁路公路,铁路运输,2021-12-31,
SZ001318,食品饮料,饮料乳品,乳品,2022-05-31,
SZ001319,机械设备,通用设备,金属制品,2022-05-31,2022-12-30
SZ001319,汽车,汽车零部件,车身附件及饰件,2022-12-30,
SZ001322,轻工制造,家居用品,卫浴制品,2022-10-31,
SZ001323,纺织服饰,服装家纺,家纺,2022-06-30,2022-08-31
SZ001323,轻工制造,家居用品,成品家居,2022-08-31,
SZ001324,机械设备,轨交设备,轨交设备,2023-05-31,
SZ001325,基础化工,橡胶,其他橡胶制品,2025-12-31,
SZ001326,家用电器,照明设备,照明设备,2023-11-30,
SZ001328,美容护理,个护用品,洗护用品,2023-04-28,
SZ001330,传媒,影视院线,影视动漫制作,2022-08-31,
SZ001331,公用事业,燃气,燃气,2022-09-30,
SZ001332,机械设备,专用设备,能源及重型设备,2022-09-30,
SZ001333,基础化工,塑料,合成树脂,2022-12-30,
SZ001335,基础化工,化学制品,涂料油墨,2025-04-30,
SZ001336,环保,环保设备,环保设备,2022-07-29,
SZ001337,有色金属,贵金属,黄金,2023-03-31,
SZ001338,农林牧渔,农产品加工,其他农产品加工,2022-11-30,
SZ001339,计算机,计算机设备,其他计算机设备,2022-08-31,
SZ001356,轻工制造,家居用品,其他家居用品,2025-01-27,
SZ001358,基础化工,化学制品,其他化学制品,2023-12-29,
SZ001359,基础化工,塑料,膜材料,2024-03-29,
SZ001360,机械设备,专用设备,能源及重型设备,2023-04-28,
SZ001365,汽车,汽车零部件,汽车电子电气系统,2026-05-29,
SZ001366,农林牧渔,饲料,畜禽饲料,2023-03-31,
SZ001367,医药生物,化学制药,原料药,2023-04-28,
SZ001368,轻工制造,文娱用品,娱乐用品,2023-03-31,
SZ001369,基础化工,化学纤维,其他化学纤维,2025-12-31,
SZ001373,电子,光学光电子,光学元件,2023-06-30,
SZ001376,公用事业,电力,热力服务,2023-11-30,
SZ001378,基础化工,塑料,膜材料,2023-10-31,
SZ001379,机械设备,通用设备,金属制品,2024-01-31,
SZ001380,汽车,汽车零部件,底盘与发动机系统,2023-05-31,
SZ001382,电力设备,电网设备,线缆部件及其他,2025-03-31,
SZ001386,轻工制造,家居用品,瓷砖地板,2025-10-31,
SZ001387,家用电器,白色家电,冰洗,2024-01-31,
SZ001388,电力设备,电网设备,电网自动化设备,2025-07-31,
SZ001389,电子,元件,印制电路板,2024-04-30,
SZ001390,纺织服饰,纺织制造,其他纺织,2025-05-30,
SZ001391,交通运输,航空机场,航空运输,2024-12-31,2025-01-27
SZ001391,交通运输,物流,跨境物流,2025-01-27,
SZ001393,电力设备,电网设备,输变电设备,2026-05-29,
SZ001395,机械设备,专用设备,其他专用设备,2025-01-27,
SZ001396,建筑装饰,基础建设,基建市政工程,2025-12-31,
SZ001399,电子,光学光电子,面板,2026-06-30,
SZ001400,机械设备,专用设备,其他专用设备,2025-04-30,
SZ001696,汽车,汽车零部件,汽车零部件,2020-12-31,2021-12-31
SZ001696,机械设备,通用设备,其他通用设备,2021-12-31,
SZ001872,交通运输,港口,港口,2020-12-31,2021-12-31
SZ001872,交通运输,航运港口,港口,2021-12-31,
SZ001896,公用事业,电力,火力发电,2020-12-31,
SZ001914,房地产,房地产开发,住宅开发,2020-12-31,2021-12-31
SZ001914,房地产,房地产服务,物业管理,2021-12-31,
SZ001965,交通运输,高速公路,高速公路,2020-12-31,2021-12-31
SZ001965,交通运输,铁路公路,高速公路,2021-12-31,
SZ001979,房地产,房地产开发,住宅开发,2020-12-31,2021-12-31
SZ001979,房地产,房地产开发,商业地产,2021-12-31,
SZ002001,医药生物,化学制药,原料药,2020-12-31,2024-07-31
SZ002001,食品饮料,食品加工,保健品,2024-07-31,2024-08-30
SZ002001,基础化工,化学制品,食品及饲料添加剂,2024-08-30,
SZ002002,基础化工,化学原料,氯碱,2020-12-31,2024-03-29
SZ002003,纺织服饰,纺织制造,辅料,2020-12-31,
SZ002004,基础化工,化学制品,农药,2020-12-31,2021-12-31
SZ002004,医药生物,化学制药,化学制剂,2021-12-31,
SZ002005,电子,光学光电子,LED,2020-12-31,2021-12-31
SZ002005,家用电器,小家电,厨房小家电,2021-12-31,
SZ002006,机械设备,专用设备,其他专用设备,2020-12-31,
SZ002007,医药生物,生物制品,生物制品,2020-12-31,2021-12-31
SZ002007,医药生物,生物制品,血液制品,2021-12-31,2022-07-29
SZ002007,医药生物,生物制品,疫苗,2022-07-29,
SZ002008,电子,其他电子,其他电子,2020-12-31,2021-12-31
SZ002008,机械设备,自动化设备,激光设备,2021-12-31,
SZ002009,机械设备,专用设备,其他专用设备,2020-12-31,
SZ002010,交通运输,物流,物流,2020-12-31,2021-12-31
SZ002010,交通运输,物流,公路货运,2021-12-31,
SZ002011,家用电器,白色家电,家电零部件,2020-12-31,2021-12-31
SZ002011,家用电器,家电零部件,家电零部件,2021-12-31,
SZ002012,轻工制造,造纸,造纸,2020-12-31,2021-12-31
SZ002012,轻工制造,造纸,特种纸,2021-12-31,
SZ002013,国防军工,航空装备,航空装备,2020-12-31,2023-03-31
SZ002014,轻工制造,包装印刷,包装印刷,2020-12-31,2021-12-31
SZ002014,轻工制造,包装印刷,塑料包装,2021-12-31,
SZ002015,公用事业,电力,热力服务,2020-12-31,
SZ002016,房地产,房地产开发,住宅开发,2020-12-31,
SZ002017,通信,通信设备,终端设备,2020-12-31,2021-12-31
SZ002017,通信,通信设备,通信终端及配件,2021-12-31,
SZ002019,医药生物,化学制药,原料药,2020-12-31,2021-12-31
SZ002019,医药生物,化学制药,化学制剂,2021-12-31,
SZ002020,医药生物,化学制药,化学制剂,2020-12-31,
SZ002021,机械设备,专用设备,纺织服装设备,2020-12-31,
SZ002022,医药生物,医疗器械,医疗器械,2020-12-31,2021-12-31
SZ002022,医药生物,医疗器械,体外诊断,2021-12-31,
SZ002023,国防军工,航空装备,航空装备,2020-12-31,
SZ002024,商贸零售,专业连锁,专业连锁,2020-12-31,2021-12-31
SZ002024,商贸零售,互联网电商,综合电商,2021-12-31,
SZ002025,国防军工,航天装备,航天装备,2020-12-31,2021-12-31
SZ002025,国防军工,军工电子,军工电子,2021-12-31,
SZ002026,机械设备,通用设备,机械基础件,2020-12-31,2021-12-31
SZ002026,机械设备,通用设备,金属制品,2021-12-31,
SZ002027,传媒,营销传播,营销服务,2020-12-31,2021-12-31
SZ002027,传媒,广告营销,广告媒体,2021-12-31,
SZ002028,电力设备,高低压设备,高压设备,2020-12-31,2021-12-31
SZ002028,电力设备,电网设备,输变电设备,2021-12-31,
SZ002029,纺织服饰,服装家纺,男装,2020-12-31,2021-12-31
SZ002029,纺织服饰,服装家纺,非运动服装,2021-12-31,
SZ002030,医药生物,医疗器械,医疗器械,2020-12-31,2021-12-31
SZ002030,医药生物,医疗器械,体外诊断,2021-12-31,
SZ002031,机械设备,专用设备,其他专用设备,2020-12-31,
SZ002032,家用电器,白色家电,小家电,2020-12-31,2021-12-31
SZ002032,家用电器,小家电,厨房小家电,2021-12-31,
SZ002033,社会服务,旅游综合,旅游综合,2020-12-31,2021-12-31
SZ002033,社会服务,旅游及景区,自然景区,2021-12-31,
SZ002034,公用事业,环保工程及服务,环保工程及服务,2020-12-31,2021-12-31
SZ002034,环保,环境治理,固废治理,2021-12-31,
SZ002035,家用电器,白色家电,小家电,2020-12-31,2021-12-31
SZ002035,家用电器,厨卫电器,厨房电器,2021-12-31,
SZ002036,电子,光学光电子,面板,2020-12-31,2021-12-31
SZ002036,电子,光学光电子,光学元件,2021-12-31,
SZ002037,基础化工,化学制品,民爆制品,2020-12-31,
SZ002038,医药生物,生物制品,生物制品,2020-12-31,2021-12-31
SZ002038,医药生物,生物制品,其他生物制品,2021-12-31,2024-07-31
SZ002038,医药生物,化学制药,化学制剂,2024-07-31,
SZ002039,公用事业,电力,水力发电,2020-12-31,
SZ002040,交通运输,港口,港口,2020-12-31,2021-12-31
SZ002040,交通运输,航运港口,港口,2021-12-31,
SZ002041,农林牧渔,种植业,种子,2020-12-31,
SZ002042,纺织服饰,纺织制造,棉纺,2020-12-31,
SZ002043,建筑材料,装修建材,其他建材,2020-12-31,
SZ002044,医药生物,医疗服务,医疗服务,2020-12-31,2021-12-31
SZ002044,医药生物,医疗服务,医院,2021-12-31,
SZ002045,电子,消费电子,电子系统组装,2020-12-31,2021-12-31
SZ002045,电子,消费电子,品牌消费电子,2021-12-31,
SZ002046,机械设备,通用设备,机械基础件,2020-12-31,2021-12-31
SZ002046,机械设备,通用设备,金属制品,2021-12-31,2022-07-29
SZ002046,机械设备,通用设备,磨具磨料,2022-07-29,
SZ002047,建筑装饰,装修装饰,装修装饰,2020-12-31,
SZ002048,汽车,汽车零部件,汽车零部件,2020-12-31,2021-12-31
SZ002048,汽车,汽车零部件,车身附件及饰件,2021-12-31,
SZ002049,电子,半导体,集成电路,2020-12-31,2021-12-31
SZ002049,电子,半导体,数字芯片设计,2021-12-31,
SZ002050,家用电器,白色家电,家电零部件,2020-12-31,2021-12-31
SZ002050,家用电器,家电零部件,家电零部件,2021-12-31,
SZ002051,建筑装饰,专业工程,国际工程,2020-12-31,
SZ002052,家用电器,黑色家电,其他黑色家电,2020-12-31,2026-07-31
SZ002052,电力设备,其他电源设备,其他电源设备,2026-07-31,
SZ002053,基础化工,化学原料,无机盐,2020-12-31,2024-12-31
SZ002053,公用事业,电力,风力发电,2024-12-31,
SZ002054,基础化工,化学制品,纺织化学制品,2020-12-31,
SZ002055,电子,消费电子,电子零部件制造,2020-12-31,2021-12-31
SZ002055,电子,消费电子,消费电子零部件及组装,2021-12-31,
SZ002056,有色金属,金属新材料,磁性材料,2020-12-31,2023-07-31
SZ002056,电力设备,光伏设备,光伏电池组件,2023-07-31,
SZ002057,有色金属,金属新材料,磁性材料,2020-12-31,2023-07-31
SZ002057,社会服务,专业服务,检测服务,2023-07-31,
SZ002058,电力设备,电气自动化设备,电工仪器仪表,2020-12-31,2021-12-31
SZ002058,电力设备,电网设备,电工仪器仪表,2021-12-31,2022-07-29
SZ002058,机械设备,通用设备,仪器仪表,2022-07-29,2026-07-31
SZ002058,电力设备,电池,电池化学品,2026-07-31,
SZ002059,社会服务,旅游综合,旅游综合,2020-12-31,2021-12-31
SZ002059,社会服务,旅游及景区,人工景区,2021-12-31,
SZ002060,建筑装饰,基础建设,水利工程,2020-12-31,2021-12-31
SZ002060,建筑装饰,基础建设,基建市政工程,2021-12-31,2022-07-29
SZ002060,公用事业,电力,电能综合服务,2022-07-29,2026-07-31
SZ002060,建筑装饰,基础建设,基建市政工程,2026-07-31,
SZ002061,建筑装饰,基础建设,路桥施工,2020-12-31,2021-12-31
SZ002061,建筑装饰,基础建设,基建市政工程,2021-12-31,
SZ002062,建筑装饰,基础建设,城轨建设,2020-12-31,2021-12-31
SZ002062,建筑装饰,基础建设,基建市政工程,2021-12-31,
SZ002063,计算机,计算机应用,软件开发,2020-12-31,2021-12-31
SZ002063,计算机,软件开发,垂直应用软件,2021-12-31,
SZ002064,基础化工,化学纤维,氨纶,2020-12-31,
SZ002065,计算机,计算机应用,IT服务,2020-12-31,2021-12-31
SZ002065,计算机,IT服务,IT服务,2021-12-31,
SZ002066,建筑材料,装修建材,耐火材料,2020-12-31,
SZ002067,轻工制造,造纸,造纸,2020-12-31,2021-12-31
SZ002067,轻工制造,造纸,大宗用纸,2021-12-31,
SZ002068,基础化工,橡胶,炭黑,2020-12-31,
SZ002069,农林牧渔,渔业,水产养殖,2020-12-31,
SZ002071,传媒,营销传播,营销服务,2020-12-31,2021-05-31
SZ002072,计算机,计算机应用,IT服务,2020-12-31,2021-12-31
SZ002072,综合,综合,综合,2021-12-31,2023-07-31
SZ002072,商贸零售,贸易,贸易,2023-07-31,
SZ002073,机械设备,专用设备,其他专用设备,2020-12-31,
SZ002074,电力设备,其他电源设备,储能设备,2020-12-31,2021-12-31
SZ002074,电力设备,电池,锂电池,2021-12-31,
SZ002075,钢铁,钢铁,特钢,2020-12-31,2021-12-31
SZ002075,钢铁,特钢,特钢,2021-12-31,
SZ002076,电子,光学光电子,LED,2020-12-31,2021-12-31
SZ002076,家用电器,照明设备,照明设备,2021-12-31,
SZ002077,电子,半导体,集成电路,2020-12-31,2021-12-31
SZ002077,电子,半导体,集成电路封测,2021-12-31,
SZ002078,轻工制造,造纸,造纸,2020-12-31,2021-12-31
SZ002078,轻工制造,造纸,大宗用纸,2021-12-31,
SZ002079,电子,半导体,分立器件,2020-12-31,2024-07-31
SZ002079,电力设备,电池,电池化学品,2024-07-31,2026-07-31
SZ002079,电力设备,光伏设备,光伏辅材,2026-07-31,
SZ002080,基础化工,化学制品,玻纤,2020-12-31,2021-12-31
SZ002080,建筑材料,玻璃玻纤,玻纤制造,2021-12-31,
SZ002081,建筑装饰,装修装饰,装修装饰,2020-12-31,
SZ002082,建筑材料,装修建材,其他建材,2020-12-31,2021-12-31
SZ002082,有色金属,工业金属,铝,2021-12-31,2022-07-29
SZ002082,医药生物,中药,中药,2022-07-29,
SZ002083,纺织服饰,纺织制造,棉纺,2020-12-31,
SZ002084,轻工制造,家居用品,其他家用轻工,2020-12-31,2021-12-31
SZ002084,轻工制造,家居用品,卫浴制品,2021-12-31,
SZ002085,汽车,汽车零部件,汽车零部件,2020-12-31,2021-12-31
SZ002085,汽车,汽车零部件,轮胎轮毂,2021-12-31,
SZ002086,农林牧渔,渔业,水产养殖,2020-12-31,2022-07-29
SZ002086,医药生物,医疗器械,体外诊断,2022-07-29,2026-07-31
SZ002086,农林牧渔,农产品加工,其他农产品加工,2026-07-31,
SZ002087,纺织服饰,纺织制造,棉纺,2020-12-31,2024-06-28
SZ002088,建筑材料,装修建材,耐火材料,2020-12-31,
SZ002089,通信,通信设备,通信传输设备,2020-12-31,2021-12-31
SZ002089,通信,通信设备,通信网络设备及器件,2021-12-31,2024-04-30
SZ002090,电力设备,电气自动化设备,电网自动化设备,2020-12-31,2021-12-31
SZ002090,电力设备,电网设备,电网自动化设备,2021-12-31,
SZ002091,商贸零售,贸易,贸易,2020-12-31,
SZ002092,基础化工,化学原料,氯碱,2020-12-31,
SZ002093,通信,通信设备,通信配套服务,2020-12-31,2021-12-31
SZ002093,通信,通信服务,通信工程及服务,2021-12-31,2024-07-31
SZ002093,社会服务,教育,学历教育,2024-07-31,
SZ002094,基础化工,化学制品,日用化学产品,2020-12-31,2021-12-31
SZ002094,美容护理,化妆品,化妆品制造及其他,2021-12-31,
SZ002095,传媒,互联网传媒,互联网信息服务,2020-12-31,2021-12-31
SZ002095,传媒,数字媒体,门户网站,2021-12-31,
SZ002096,基础化工,化学制品,民爆制品,2020-12-31,
SZ002097,机械设备,专用设备,工程机械,2020-12-31,2021-12-31
SZ002097,机械设备,工程机械,工程机械整机,2021-12-31,
SZ002098,纺织服饰,纺织制造,辅料,2020-12-31,
SZ002099,医药生物,化学制药,原料药,2020-12-31,
SZ002100,农林牧渔,饲料,饲料,2020-12-31,2021-12-31
SZ002100,农林牧渔,饲料,畜禽饲料,2021-12-31,
SZ002101,汽车,汽车零部件,汽车零部件,2020-12-31,2021-12-31
SZ002101,汽车,汽车零部件,其他汽车零部件,2021-12-31,
SZ002102,医药生物,化学制药,原料药,2020-12-31,
SZ002103,传媒,互联网传媒,移动互联网服务,2020-12-31,2021-12-31
SZ002103,传媒,广告营销,营销代理,2021-12-31,2022-07-29
SZ002103,轻工制造,文娱用品,文化用品,2022-07-29,
SZ002104,通信,通信设备,终端设备,2020-12-31,2021-12-31
SZ002104,通信,通信设备,通信终端及配件,2021-12-31,
SZ002105,汽车,摩托车及其他,其他运输设备,2020-12-31,
SZ002106,电子,光学光电子,面板,2020-12-31,
SZ002107,医药生物,中药,中药,2020-12-31,
SZ002108,基础化工,塑料,其他塑料制品,2020-12-31,
SZ002109,基础化工,化学制品,其他化学制品,2020-12-31,2021-12-31
SZ002109,基础化工,化学原料,其他化学原料,2021-12-31,
SZ002110,钢铁,钢铁,普钢,2020-12-31,2021-12-31
SZ002110,钢铁,普钢,长材,2021-12-31,
SZ002111,机械设备,专用设备,其他专用设备,2020-12-31,2023-07-31
SZ002111,国防军工,航空装备,航空装备,2023-07-31,
SZ002112,电力设备,高低压设备,中压设备,2020-12-31,2021-12-31
SZ002112,电力设备,电网设备,输变电设备,2021-12-31,
SZ002113,传媒,互联网传媒,移动互联网服务,2020-12-31,2021-12-31
SZ002113,传媒,游戏,游戏,2021-12-31,2023-08-31
SZ002114,有色金属,工业金属,铅锌,2020-12-31,
SZ002115,通信,通信设备,通信配套服务,2020-12-31,2021-12-31
SZ002115,通信,通信服务,通信工程及服务,2021-12-31,
SZ002116,建筑装饰,基础建设,其他基础建设,2020-12-31,2021-12-31
SZ002116,建筑装饰,专业工程,其他专业工程,2021-12-31,
SZ002117,轻工制造,包装印刷,包装印刷,2020-12-31,2021-12-31
SZ002117,轻工制造,包装印刷,印刷,2021-12-31,
SZ002118,医药生物,中药,中药,2020-12-31,2023-08-31
SZ002119,电子,半导体,半导体材料,2020-12-31,
SZ002120,交通运输,物流,物流,2020-12-31,2021-12-31
SZ002120,交通运输,物流,快递,2021-12-31,
SZ002121,电力设备,电气自动化设备,电工仪器仪表,2020-12-31,2021-12-31
SZ002121,电力设备,电网设备,电工仪器仪表,2021-12-31,
SZ002122,机械设备,通用设备,机械基础件,2020-12-31,2021-12-31
SZ002122,机械设备,通用设备,金属制品,2021-12-31,2022-07-29
SZ002122,机械设备,通用设备,机床工具,2022-07-29,
SZ002123,传媒,互联网传媒,移动互联网服务,2020-12-31,2021-12-31
SZ002123,通信,通信服务,通信应用增值服务,2021-12-31,
SZ002124,农林牧渔,饲料,饲料,2020-12-31,2021-12-31
SZ002124,农林牧渔,养殖业,生猪养殖,2021-12-31,
SZ002125,基础化工,化学原料,无机盐,2020-12-31,2022-07-29
SZ002125,电力设备,电池,电池化学品,2022-07-29,
SZ002126,汽车,汽车零部件,汽车零部件,2020-12-31,2021-12-31
SZ002126,汽车,汽车零部件,底盘与发动机系统,2021-12-31,
SZ002127,商贸零售,专业连锁,专业连锁,2020-12-31,2021-12-31
SZ002127,商贸零售,互联网电商,电商服务,2021-12-31,
SZ002128,煤炭,煤炭开采,煤炭开采,2020-12-31,2021-12-31
SZ002128,煤炭,煤炭开采,动力煤,2021-12-31,
SZ002129,电力设备,其他电源设备,光伏设备,2020-12-31,2021-12-31
SZ002129,电力设备,光伏设备,硅料硅片,2021-12-31,
SZ002130,有色金属,金属新材料,非金属材料,2020-12-31,2021-12-31
SZ002130,电子,其他电子,其他电子,2021-12-31,
SZ002131,传媒,营销传播,营销服务,2020-12-31,2021-12-31
SZ002131,传媒,广告营销,营销代理,2021-12-31,2023-07-31
SZ002131,机械设备,通用设备,金属制品,2023-07-31,
SZ002132,机械设备,金属制品,金属制品,2020-12-31,2021-12-31
SZ002132,机械设备,通用设备,金属制品,2021-12-31,
SZ002133,房地产,房地产开发,住宅开发,2020-12-31,
SZ002134,电子,元件,印制电路板,2020-12-31,
SZ002135,建筑装饰,专业工程,钢结构,2020-12-31,
SZ002136,基础化工,化学制品,其他化学制品,2020-12-31,2021-12-31
SZ002136,基础化工,化学原料,钛白粉,2021-12-31,
SZ002137,传媒,营销传播,营销服务,2020-12-31,2021-12-31
SZ002137,传媒,广告营销,营销代理,2021-12-31,2022-07-29
SZ002137,电子,光学光电子,LED,2022-07-29,
SZ002138,电子,元件,被动元件,2020-12-31,
SZ002139,电子,消费电子,电子零部件制造,2020-12-31,2021-12-31
SZ002139,电子,消费电子,消费电子零部件及组装,2021-12-31,
SZ002140,建筑装饰,专业工程,化学工程,2020-12-31,
SZ002141,电子,其他电子,其他电子,2020-12-31,2024-07-31
SZ002141,农林牧渔,动物保健,动物保健,2024-07-31,2026-07-31
SZ002141,电子,元件,印制电路板,2026-07-31,
SZ002142,银行,银行,银行,2020-12-31,2021-12-31
SZ002142,银行,城商行,城商行,2021-12-31,
SZ002144,纺织服饰,纺织制造,其他纺织,2020-12-31,
SZ002145,基础化工,化学制品,其他化学制品,2020-12-31,2021-12-31
SZ002145,基础化工,化学原料,钛白粉,2021-12-31,
SZ002146,房地产,房地产开发,住宅开发,2020-12-31,
SZ002147,房地产,房地产开发,住宅开发,2020-12-31,2021-12-31
SZ002147,机械设备,通用设备,其他通用设备,2021-12-31,2022-06-30
SZ002148,传媒,互联网传媒,移动互联网服务,2020-12-31,2021-12-31
SZ002148,通信,通信服务,通信应用增值服务,2021-12-31,2022-07-29
SZ002148,房地产,房地产开发,产业地产,2022-07-29,2022-08-31
SZ002148,通信,通信服务,通信应用增值服务,2022-08-31,
SZ002149,有色金属,小金属,其他小金属,2020-12-31,
SZ002150,机械设备,金属制品,金属制品,2020-12-31,2021-12-31
SZ002150,机械设备,通用设备,金属制品,2021-12-31,2026-07-31
SZ002150,电力设备,光伏设备,逆变器,2026-07-31,
SZ002151,国防军工,航天装备,航天装备,2020-12-31,2021-12-31
SZ002151,国防军工,军工电子,军工电子,2021-12-31,
SZ002152,计算机,计算机设备,计算机设备,2020-12-31,2021-12-31
SZ002152,计算机,计算机设备,其他计算机设备,2021-12-31,
SZ002153,计算机,计算机应用,软件开发,2020-12-31,2021-12-31
SZ002153,计算机,软件开发,垂直应用软件,2021-12-31,
SZ002154,纺织服饰,服装家纺,男装,2020-12-31,2021-12-31
SZ002154,纺织服饰,服装家纺,非运动服装,2021-12-31,
SZ002155,有色金属,贵金属,黄金,2020-12-31,
SZ002156,电子,半导体,集成电路,2020-12-31,2021-12-31
SZ002156,电子,半导体,集成电路封测,2021-12-31,
SZ002157,农林牧渔,饲料,饲料,2020-12-31,2021-12-31
SZ002157,农林牧渔,养殖业,生猪养殖,2021-12-31,
SZ002158,机械设备,通用设备,制冷空调设备,2020-12-31,
SZ002159,社会服务,旅游综合,旅游综合,2020-12-31,2021-12-31
SZ002159,社会服务,旅游及景区,自然景区,2021-12-31,
SZ002160,有色金属,工业金属,铝,2020-12-31,
SZ002161,电子,其他电子,其他电子,2020-12-31,
SZ002162,建筑材料,装修建材,其他建材,2020-12-31,2021-12-31
SZ002162,轻工制造,家居用品,瓷砖地板,2021-12-31,
SZ002163,建筑材料,装修建材,其他建材,2020-12-31,2021-12-31
SZ002163,建筑材料,玻璃玻纤,玻璃制造,2021-12-31,2022-07-29
SZ002163,建筑装饰,装修装饰,装修装饰,2022-07-29,
SZ002164,机械设备,通用设备,机械基础件,2020-12-31,2021-12-31
SZ002164,机械设备,通用设备,金属制品,2021-12-31,
SZ002165,基础化工,化学制品,聚氨酯,2020-12-31,
SZ002166,医药生物,生物制品,生物制品,2020-12-31,2021-12-31
SZ002166,医药生物,中药,中药,2021-12-31,2022-07-29
SZ002166,基础化工,化学制品,食品及饲料添加剂,2022-07-29,
SZ002167,有色金属,小金属,其他小金属,2020-12-31,
SZ002168,传媒,互联网传媒,移动互联网服务,2020-12-31,2021-12-31
SZ002168,传媒,游戏,游戏,2021-12-31,2023-07-31
SZ002168,电力设备,电网设备,配电设备,2023-07-31,
SZ002169,电力设备,电气自动化设备,工控自动化,2020-12-31,2021-12-31
SZ002169,电力设备,电网设备,电网自动化设备,2021-12-31,
SZ002170,基础化工,化学制品,复合肥,2020-12-31,2021-12-31
SZ002170,基础化工,农化制品,复合肥,2021-12-31,
SZ002171,有色金属,工业金属,铜,2020-12-31,
SZ002172,基础化工,化学纤维,粘胶,2020-12-31,2022-07-29
SZ002172,医药生物,医疗服务,医院,2022-07-29,
SZ002173,医药生物,医疗服务,医疗服务,2020-12-31,2021-12-31
SZ002173,医药生物,医疗服务,医院,2021-12-31,
SZ002174,传媒,互联网传媒,移动互联网服务,2020-12-31,2021-12-31
SZ002174,传媒,游戏,游戏,2021-12-31,
SZ002175,传媒,文化传媒,影视动漫,2020-12-31,2021-12-31
SZ002175,综合,综合,综合,2021-12-31,2022-07-29
SZ002175,机械设备,通用设备,仪器仪表,2022-07-29,
SZ002176,电力设备,电机,电机,2020-12-31,2022-07-29
SZ002176,有色金属,能源金属,锂,2022-07-29,2024-07-31
SZ002176,电力设备,电机,电机,2024-07-31,
SZ002177,计算机,计算机设备,计算机设备,2020-12-31,2021-12-31
SZ002177,计算机,计算机设备,其他计算机设备,2021-12-31,2026-07-31
SZ002177,商贸零售,一般零售,商业物业经营,2026-07-31,
SZ002178,建筑装饰,专业工程,其他专业工程,2020-12-31,2021-12-31
SZ002178,计算机,软件开发,垂直应用软件,2021-12-31,
SZ002179,国防军工,航空装备,航空装备,2020-12-31,2021-12-31
SZ002179,国防军工,军工电子,军工电子,2021-12-31,
SZ002180,计算机,计算机设备,计算机设备,2020-12-31,2021-12-31
SZ002180,电子,半导体,数字芯片设计,2021-12-31,2023-03-31
SZ002180,计算机,计算机设备,其他计算机设备,2023-03-31,
SZ002181,传媒,文化传媒,平面媒体,2020-12-31,2021-12-31
SZ002181,传媒,出版,大众出版,2021-12-31,
SZ002182,有色金属,金属新材料,其他金属新材料,2020-12-31,2021-12-31
SZ002182,有色金属,小金属,其他小金属,2021-12-31,
SZ002183,交通运输,物流,物流,2020-12-31,2021-12-31
SZ002183,交通运输,物流,中间产品及消费品供应链服务,2021-12-31,2024-07-31
SZ002183,商贸零售,贸易,贸易,2024-07-31,
SZ002184,电力设备,电气自动化设备,工控自动化,2020-12-31,2021-12-31
SZ002184,机械设备,自动化设备,工控设备,2021-12-31,
SZ002185,电子,半导体,集成电路,2020-12-31,2021-12-31
SZ002185,电子,半导体,集成电路封测,2021-12-31,
SZ002186,社会服务,餐饮,餐饮,2020-12-31,2021-12-31
SZ002186,社会服务,酒店餐饮,餐饮,2021-12-31,
SZ002187,商贸零售,一般零售,百货,2020-12-31,
SZ002188,传媒,文化传媒,其他文化传媒,2020-12-31,2021-12-31
SZ002188,传媒,广告营销,营销代理,2021-12-31,2022-07-29
SZ002188,房地产,房地产服务,物业管理,2022-07-29,
SZ002189,电子,光学光电子,光学元件,2020-12-31,2021-12-31
SZ002189,国防军工,军工电子,军工电子,2021-12-31,
SZ002190,国防军工,航空装备,航空装备,2020-12-31,2022-07-29
SZ002190,汽车,汽车零部件,其他汽车零部件,2022-07-29,
SZ002191,轻工制造,包装印刷,包装印刷,2020-12-31,2021-12-31
SZ002191,轻工制造,包装印刷,纸包装,2021-12-31,
SZ002192,机械设备,专用设备,其他专用设备,2020-12-31,2021-12-31
SZ002192,电力设备,电池,锂电专用设备,2021-12-31,2022-04-29
SZ002192,有色金属,能源金属,锂,2022-04-29,
SZ002193,纺织服饰,纺织制造,毛纺,2020-12-31,2021-12-31
SZ002193,纺织服饰,纺织制造,其他纺织,2021-12-31,2024-07-31
SZ002193,纺织服饰,服装家纺,非运动服装,2024-07-31,
SZ002194,通信,通信设备,通信传输设备,2020-12-31,2021-12-31
SZ002194,通信,通信设备,通信网络设备及器件,2021-12-31,
SZ002195,计算机,计算机应用,IT服务,2020-12-31,2021-12-31
SZ002195,计算机,IT服务,IT服务,2021-12-31,
SZ002196,电力设备,电机,电机,2020-12-31,
SZ002197,计算机,计算机设备,计算机设备,2020-12-31,2021-12-31
SZ002197,计算机,计算机设备,其他计算机设备,2021-12-31,
SZ002198,医药生物,中药,中药,2020-12-31,
SZ002199,电子,元件,被动元件,2020-12-31,
SZ002200,建筑装饰,园林工程,园林工程,2020-12-31,2021-12-31
SZ002200,建筑装饰,基础建设,园林工程,2021-12-31,
SZ002201,基础化工,化学制品,玻纤,2020-12-31,2021-12-31
SZ002201,建筑材料,玻璃玻纤,玻纤制造,2021-12-31,
SZ002202,电力设备,其他电源设备,风电设备,2020-12-31,2021-12-31
SZ002202,电力设备,风电设备,风电整机,2021-12-31,
SZ002203,有色金属,工业金属,铜,2020-12-31,
SZ002204,机械设备,专用设备,重型机械,2020-12-31,2021-12-31
SZ002204,机械设备,专用设备,能源及重型设备,2021-12-31,
SZ002205,公用事业,环保工程及服务,环保工程及服务,2020-12-31,2021-12-31
SZ002205,环保,环境治理,综合环境治理,2021-12-31,2022-07-29
SZ002205,建筑材料,装修建材,管材,2022-07-29,2023-07-31
SZ002205,建筑材料,水泥,水泥制品,2023-07-31,
SZ002206,基础化工,化学纤维,涤纶,2020-12-31,
SZ002207,煤炭,采掘服务,油气钻采服务,2020-12-31,2021-12-31
SZ002207,石油石化,油服工程,油田服务,2021-12-31,
SZ002208,房地产,房地产开发,住宅开发,2020-12-31,
SZ002209,机械设备,专用设备,印刷包装机械,2020-12-31,
SZ002210,交通运输,物流,物流,2020-12-31,2021-12-31
SZ002210,交通运输,物流,原材料供应链服务,2021-12-31,2022-07-29
SZ002210,环保,环境治理,固废治理,2022-07-29,
SZ002211,基础化工,化学制品,其他化学制品,2020-12-31,2021-12-31
SZ002211,基础化工,化学制品,有机硅,2021-12-31,
SZ002212,计算机,计算机应用,IT服务,2020-12-31,2021-12-31
SZ002212,计算机,软件开发,横向通用软件,2021-12-31,
SZ002213,汽车,汽车零部件,汽车零部件,2020-12-31,2021-12-31
SZ002213,汽车,汽车零部件,底盘与发动机系统,2021-12-31,2022-07-29
SZ002213,综合,综合,综合,2022-07-29,2023-07-31
SZ002213,电子,半导体,数字芯片设计,2023-07-31,
SZ002214,电子,其他电子,其他电子,2020-12-31,2021-12-31
SZ002214,国防军工,军工电子,军工电子,2021-12-31,
SZ002215,基础化工,化学制品,农药,2020-12-31,2021-12-31
SZ002215,基础化工,农化制品,农药,2021-12-31,2025-05-30
SZ002215,农林牧渔,种植业,其他种植业,2025-05-30,
SZ002216,食品饮料,食品加工,食品综合,2020-12-31,2021-12-31
SZ002216,食品饮料,食品加工,预加工食品,2021-12-31,
SZ002217,电子,光学光电子,面板,2020-12-31,
SZ002218,电力设备,其他电源设备,光伏设备,2020-12-31,2021-12-31
SZ002218,电力设备,光伏设备,光伏辅材,2021-12-31,2024-07-31
SZ002218,公用事业,电力,光伏发电,2024-07-31,
SZ002219,医药生物,医疗服务,医疗服务,2020-12-31,2021-12-31
SZ002219,医药生物,医疗服务,医院,2021-12-31,
SZ002221,基础化工,石油化工,石油加工,2020-12-31,2021-12-31
SZ002221,石油石化,炼化及贸易,其他石化,2021-12-31,
SZ002222,电子,元件,被动元件,2020-12-31,2021-12-31
SZ002222,电子,光学光电子,光学元件,2021-12-31,
SZ002223,医药生物,医疗器械,医疗器械,2020-12-31,2021-12-31
SZ002223,医药生物,医疗器械,医疗设备,2021-12-31,
SZ002224,基础化工,橡胶,其他橡胶制品,2020-12-31,
SZ002225,建筑材料,装修建材,耐火材料,2020-12-31,
SZ002226,基础化工,化学制品,民爆制品,2020-12-31,
SZ002227,电力设备,其他电源设备,储能设备,2020-12-31,2021-12-31
SZ002227,电力设备,其他电源设备,火电设备,2021-12-31,2022-07-29
SZ002227,电力设备,其他电源设备,其他电源设备,2022-07-29,
SZ002228,轻工制造,包装印刷,包装印刷,2020-12-31,2021-12-31
SZ002228,轻工制造,包装印刷,纸包装,2021-12-31,
SZ002229,轻工制造,包装印刷,包装印刷,2020-12-31,2021-12-31
SZ002229,轻工制造,包装印刷,印刷,2021-12-31,2026-07-31
SZ002229,计算机,IT服务,IT服务,2026-07-31,
SZ002230,计算机,计算机应用,软件开发,2020-12-31,2021-12-31
SZ002230,计算机,软件开发,横向通用软件,2021-12-31,
SZ002231,通信,通信设备,通信配套服务,2020-12-31,2021-04-30
SZ002231,国防军工,地面兵装,地面兵装,2021-04-30,2021-12-31
SZ002231,国防军工,军工电子,军工电子,2021-12-31,2026-03-31
SZ002232,计算机,计算机应用,IT服务,2020-12-31,2021-12-31
SZ002232,计算机,IT服务,IT服务,2021-12-31,
SZ002233,建筑材料,水泥,水泥制造,2020-12-31,
SZ002234,农林牧渔,养殖业,畜禽养殖,2020-12-31,2021-12-31
SZ002234,农林牧渔,养殖业,肉鸡养殖,2021-12-31,
SZ002235,轻工制造,造纸,造纸,2020-12-31,2021-12-31
SZ002235,轻工制造,造纸,特种纸,2021-12-31,
SZ002236,电子,消费电子,电子系统组装,2020-12-31,2021-12-31
SZ002236,计算机,计算机设备,安防设备,2021-12-31,
SZ002237,有色金属,贵金属,黄金,2020-12-31,
SZ002238,传媒,文化传媒,有线电视网络,2020-12-31,2021-12-31
SZ002238,传媒,电视广播,电视广播,2021-12-31,
SZ002239,汽车,汽车零部件,汽车零部件,2020-12-31,2021-12-31
SZ002239,汽车,汽车零部件,汽车电子电气系统,2021-12-31,
SZ002240,轻工制造,家居用品,家具,2020-12-31,2021-07-30
SZ002240,有色金属,小金属,锂,2021-07-30,2021-12-31
SZ002240,有色金属,能源金属,锂,2021-12-31,
SZ002241,电子,消费电子,电子系统组装,2020-12-31,2021-12-31
SZ002241,电子,消费电子,消费电子零部件及组装,2021-12-31,
SZ002242,家用电器,白色家电,小家电,2020-12-31,2021-12-31
SZ002242,家用电器,小家电,厨房小家电,2021-12-31,
SZ002243,轻工制造,包装印刷,包装印刷,2020-12-31,2021-12-31
SZ002243,美容护理,化妆品,化妆品制造及其他,2021-12-31,2025-08-29
SZ002243,社会服务,专业服务,其他专业服务,2025-08-29,
SZ002244,房地产,房地产开发,住宅开发,2020-12-31,
SZ002245,交通运输,物流,物流,2020-12-31,2021-12-31
SZ002245,电力设备,电池,锂电池,2021-12-31,
SZ002246,基础化工,化学制品,民爆制品,2020-12-31,
SZ002247,传媒,互联网传媒,移动互联网服务,2020-12-31,2021-12-31
SZ002247,传媒,广告营销,营销代理,2021-12-31,2022-07-29
SZ002247,建筑材料,装修建材,其他建材,2022-07-29,
SZ002248,机械设备,通用设备,机床工具,2020-12-31,
SZ002249,电力设备,电机,电机,2020-12-31,
SZ002250,基础化工,化学制品,农药,2020-12-31,2021-12-31
SZ002250,基础化工,农化制品,农药,2021-12-31,
SZ002251,商贸零售,一般零售,超市,2020-12-31,
SZ002252,医药生物,生物制品,生物制品,2020-12-31,2021-12-31
SZ002252,医药生物,生物制品,血液制品,2021-12-31,
SZ002253,计算机,计算机应用,软件开发,2020-12-31,2021-12-31
SZ002253,计算机,软件开发,垂直应用软件,2021-12-31,
SZ002254,基础化工,化学纤维,氨纶,2020-12-31,2023-07-31
SZ002254,基础化工,化学纤维,其他化学纤维,2023-07-31,
SZ002255,电力设备,其他电源设备,其他电源设备,2020-12-31,2021-12-31
SZ002255,电力设备,其他电源设备,火电设备,2021-12-31,
SZ002256,公用事业,电力,新能源发电,2020-12-31,2021-12-31
SZ002256,公用事业,电力,光伏发电,2021-12-31,
SZ002258,基础化工,化学制品,农药,2020-12-31,2021-12-31
SZ002258,基础化工,农化制品,农药,2021-12-31,
SZ002259,公用事业,燃气,燃气,2020-12-31,
SZ002260,家用电器,白色家电,小家电,2020-12-31,2021-12-31
SZ002260,家用电器,小家电,厨房小家电,2021-12-31,2022-06-30
SZ002261,传媒,互联网传媒,移动互联网服务,2020-12-31,2021-12-31
SZ002261,社会服务,教育,教育运营及其他,2021-12-31,2022-01-28
SZ002261,计算机,软件开发,垂直应用软件,2022-01-28,
SZ002262,医药生物,化学制药,化学制剂,2020-12-31,
SZ002263,基础化工,塑料,其他塑料制品,2020-12-31,2021-12-31
SZ002263,基础化工,塑料,膜材料,2021-12-31,
SZ002264,商贸零售,一般零售,超市,2020-12-31,2023-07-31
SZ002264,商贸零售,互联网电商,电商服务,2023-07-31,2023-12-29
SZ002264,传媒,广告营销,营销代理,2023-12-29,
SZ002265,汽车,汽车零部件,汽车零部件,2020-12-31,2021-12-31
SZ002265,汽车,汽车零部件,底盘与发动机系统,2021-12-31,
SZ002266,公用事业,环保工程及服务,环保工程及服务,2020-12-31,2021-12-31
SZ002266,环保,环境治理,固废治理,2021-12-31,
SZ002267,公用事业,燃气,燃气,2020-12-31,
SZ002268,计算机,计算机设备,计算机设备,2020-12-31,2021-12-31
SZ002268,计算机,计算机设备,其他计算机设备,2021-12-31,
SZ002269,纺织服饰,服装家纺,休闲服装,2020-12-31,2021-12-31
SZ002269,纺织服饰,服装家纺,非运动服装,2021-12-31,
SZ002270,电力设备,高低压设备,线缆部件及其他,2020-12-31,2021-12-31
SZ002270,电力设备,电网设备,输变电设备,2021-12-31,
SZ002271,建筑材料,装修建材,其他建材,2020-12-31,2021-12-31
SZ002271,建筑材料,装修建材,防水材料,2021-12-31,
SZ002272,机械设备,通用设备,机械基础件,2020-12-31,2021-12-31
SZ002272,机械设备,工程机械,工程机械器件,2021-12-31,2022-07-29
SZ002272,电力设备,风电设备,风电零部件,2022-07-29,2023-07-31
SZ002272,机械设备,通用设备,其他通用设备,2023-07-31,
SZ002273,电子,光学光电子,光学元件,2020-12-31,
SZ002274,基础化工,化学制品,复合肥,2020-12-31,2021-12-31
SZ002274,基础化工,农化制品,复合肥,2021-12-31,2022-07-29
SZ002274,基础化工,化学原料,煤化工,2022-07-29,
SZ002275,医药生物,中药,中药,2020-12-31,
SZ002276,电力设备,高低压设备,线缆部件及其他,2020-12-31,2021-12-31
SZ002276,电力设备,电网设备,线缆部件及其他,2021-12-31,
SZ002277,商贸零售,一般零售,百货,2020-12-31,
SZ002278,机械设备,专用设备,能源及重型设备,2020-12-31,
SZ002279,计算机,计算机应用,软件开发,2020-12-31,2021-12-31
SZ002279,计算机,软件开发,横向通用软件,2021-12-31,
SZ002280,计算机,计算机应用,IT服务,2020-12-31,2021-12-31
SZ002280,商贸零售,互联网电商,跨境电商,2021-12-31,2024-08-30
SZ002281,通信,通信设备,通信传输设备,2020-12-31,2021-12-31
SZ002281,通信,通信设备,通信网络设备及器件,2021-12-31,
SZ002282,机械设备,通用设备,磨具磨料,2020-12-31,
SZ002283,汽车,汽车零部件,汽车零部件,2020-12-31,2021-12-31
SZ002283,汽车,汽车零部件,底盘与发动机系统,2021-12-31,
SZ002284,汽车,汽车零部件,汽车零部件,2020-12-31,2021-12-31
SZ002284,汽车,汽车零部件,底盘与发动机系统,2021-12-31,
SZ002285,房地产,房地产开发,住宅开发,2020-12-31,2021-12-31
SZ002285,房地产,房地产服务,房产租赁经纪,2021-12-31,
SZ002286,农林牧渔,农产品加工,其他农产品加工,2020-12-31,
SZ002287,医药生物,中药,中药,2020-12-31,
SZ002288,电子,元件,印制电路板,2020-12-31,2024-08-30
SZ002289,电子,光学光电子,面板,2020-12-31,
SZ002290,家用电器,白色家电,家电零部件,2020-12-31,2021-12-31
SZ002290,家用电器,家电零部件,家电零部件,2021-12-31,
SZ002291,纺织服饰,服装家纺,鞋帽及其他,2020-12-31,2021-12-31
SZ002291,传媒,广告营销,营销代理,2021-12-31,
SZ002292,传媒,文化传媒,影视动漫,2020-12-31,2021-12-31
SZ002292,传媒,影视院线,影视动漫制作,2021-12-31,
SZ002293,纺织服饰,服装家纺,家纺,2020-12-31,
SZ002294,医药生物,化学制药,化学制剂,2020-12-31,
SZ002295,有色金属,工业金属,铜,2020-12-31,
SZ002296,计算机,计算机设备,计算机设备,2020-12-31,2021-12-31
SZ002296,通信,通信设备,通信网络设备及器件,2021-12-31,
SZ002297,国防军工,航空装备,航空装备,2020-12-31,
SZ002298,建筑装饰,专业工程,其他专业工程,2020-12-31,2021-12-31
SZ002298,计算机,软件开发,垂直应用软件,2021-12-31,
SZ002299,农林牧渔,养殖业,畜禽养殖,2020-12-31,2021-12-31
SZ002299,农林牧渔,养殖业,肉鸡养殖,2021-12-31,
SZ002300,电力设备,高低压设备,线缆部件及其他,2020-12-31,2021-12-31
SZ002300,电力设备,电网设备,线缆部件及其他,2021-12-31,
SZ002301,轻工制造,家居用品,文娱用品,2020-12-31,2021-12-31
SZ002301,轻工制造,文娱用品,文化用品,2021-12-31,
SZ002302,建筑材料,装修建材,其他建材,2020-12-31,2021-12-31
SZ002302,建筑材料,水泥,水泥制品,2021-12-31,
SZ002303,轻工制造,包装印刷,包装印刷,2020-12-31,2021-12-31
SZ002303,轻工制造,包装印刷,纸包装,2021-12-31,
SZ002304,食品饮料,饮料制造,白酒,2020-12-31,2021-12-31
SZ002304,食品饮料,白酒,白酒,2021-12-31,
SZ002305,房地产,房地产开发,住宅开发,2020-12-31,2021-12-31
SZ002305,房地产,房地产开发,商业地产,2021-12-31,
SZ002306,社会服务,餐饮,餐饮,2020-12-31,2021-12-31
SZ002306,社会服务,酒店餐饮,餐饮,2021-12-31,2022-07-29
SZ002306,传媒,游戏,游戏,2022-07-29,2023-07-31
SZ002306,社会服务,酒店餐饮,餐饮,2023-07-31,
SZ002307,建筑装饰,基础建设,路桥施工,2020-12-31,2021-12-31
SZ002307,建筑装饰,基础建设,基建市政工程,2021-12-31,
SZ002308,计算机,计算机设备,计算机设备,2020-12-31,2021-12-31
SZ002308,计算机,计算机设备,其他计算机设备,2021-12-31,2024-09-30
SZ002309,电力设备,其他电源设备,光伏设备,2020-12-31,2021-12-31
SZ002309,电力设备,光伏设备,光伏电池组件,2021-12-31,2022-07-29
SZ002309,电力设备,电网设备,线缆部件及其他,2022-07-29,
SZ002310,建筑装饰,园林工程,园林工程,2020-12-31,2021-12-31
SZ002310,建筑装饰,基础建设,园林工程,2021-12-31,2026-07-31
SZ002310,公用事业,电力,光伏发电,2026-07-31,
SZ002311,农林牧渔,饲料,饲料,2020-12-31,2021-12-31
SZ002311,农林牧渔,饲料,水产饲料,2021-12-31,
SZ002312,计算机,计算机应用,IT服务,2020-12-31,2021-12-31
SZ002312,基础化工,农化制品,磷肥及磷化工,2021-12-31,
SZ002313,通信,通信设备,通信传输设备,2020-12-31,2021-12-31
SZ002313,通信,通信设备,通信终端及配件,2021-12-31,
SZ002314,房地产,房地产开发,住宅开发,2020-12-31,
SZ002315,传媒,互联网传媒,互联网信息服务,2020-12-31,2021-12-31
SZ002315,商贸零售,互联网电商,跨境电商,2021-12-31,
SZ002316,计算机,计算机应用,IT服务,2020-12-31,2021-12-31
SZ002316,非银金融,多元金融,金融信息服务,2021-12-31,2026-07-31
SZ002316,综合,综合,综合,2026-07-31,
SZ002317,医药生物,中药,中药,2020-12-31,
SZ002318,钢铁,钢铁,特钢,2020-12-31,2021-12-31
SZ002318,钢铁,特钢,特钢,2021-12-31,
SZ002319,基础化工,化学制品,涂料油墨,2020-12-31,
SZ002320,交通运输,航运,航运,2020-12-31,2021-12-31
SZ002320,交通运输,航运港口,航运,2021-12-31,
SZ002321,农林牧渔,养殖业,畜禽养殖,2020-12-31,2021-12-31
SZ002321,农林牧渔,养殖业,其他养殖,2021-12-31,
SZ002322,电力设备,电气自动化设备,电网自动化设备,2020-12-31,2021-12-31
SZ002322,计算机,软件开发,垂直应用软件,2021-12-31,
SZ002323,建筑材料,装修建材,其他建材,2020-12-31,2022-07-29
SZ002323,建筑装饰,专业工程,其他专业工程,2022-07-29,
SZ002324,基础化工,塑料,改性塑料,2020-12-31,
SZ002325,建筑装饰,装修装饰,装修装饰,2020-12-31,2024-08-30
SZ002326,基础化工,化学制品,氟化工,2020-12-31,
SZ002327,纺织服饰,服装家纺,家纺,2020-12-31,
SZ002328,汽车,汽车零部件,汽车零部件,2020-12-31,2021-12-31
SZ002328,汽车,汽车零部件,其他汽车零部件,2021-12-31,
SZ002329,食品饮料,食品加工,乳品,2020-12-31,2021-12-31
SZ002329,食品饮料,饮料乳品,乳品,2021-12-31,
SZ002330,食品饮料,食品加工,肉制品,2020-12-31,
SZ002331,计算机,计算机应用,IT服务,2020-12-31,2021-12-31
SZ002331,计算机,IT服务,IT服务,2021-12-31,
SZ002332,医药生物,化学制药,化学制剂,2020-12-31,2022-07-29
SZ002332,医药生物,化学制药,原料药,2022-07-29,
SZ002333,建筑材料,装修建材,其他建材,2020-12-31,
SZ002334,电力设备,电气自动化设备,工控自动化,2020-12-31,2021-12-31
SZ002334,机械设备,自动化设备,工控设备,2021-12-31,
SZ002335,电力设备,其他电源设备,储能设备,2020-12-31,2021-12-31
SZ002335,电力设备,其他电源设备,其他电源设备,2021-12-31,
SZ002336,商贸零售,一般零售,超市,2020-12-31,2025-07-31
SZ002337,机械设备,专用设备,其他专用设备,2020-12-31,
SZ002338,机械设备,仪器仪表,仪器仪表,2020-12-31,2021-12-31
SZ002338,国防军工,军工电子,军工电子,2021-12-31,
SZ002339,电力设备,电气自动化设备,电网自动化设备,2020-12-31,2021-12-31
SZ002339,电力设备,电网设备,电网自动化设备,2021-12-31,
SZ002340,有色金属,金属新材料,其他金属新材料,2020-12-31,2021-12-31
SZ002340,电力设备,电池,电池化学品,2021-12-31,
SZ002341,基础化工,化学制品,其他化学制品,2020-12-31,2021-12-31
SZ002341,基础化工,塑料,膜材料,2021-12-31,2024-08-30
SZ002342,机械设备,金属制品,金属制品,2020-12-31,2021-12-31
SZ002342,机械设备,通用设备,金属制品,2021-12-31,
SZ002343,传媒,文化传媒,影视动漫,2020-12-31,2021-12-31
SZ002343,传媒,影视院线,影视动漫制作,2021-12-31,
SZ002344,商贸零售,商业物业经营,专业市场,2020-12-31,2021-12-31
SZ002344,商贸零售,一般零售,商业物业经营,2021-12-31,
SZ002345,轻工制造,家居用品,珠宝首饰,2020-12-31,2021-12-31
SZ002345,纺织服饰,饰品,钟表珠宝,2021-12-31,
SZ002346,电力设备,高低压设备,中压设备,2020-12-31,2021-12-31
SZ002346,电力设备,电网设备,输变电设备,2021-12-31,2022-07-29
SZ002346,电力设备,电网设备,配电设备,2022-07-29,
SZ002347,机械设备,通用设备,机械基础件,2020-12-31,2021-12-31
SZ002347,机械设备,通用设备,金属制品,2021-12-31,
SZ002348,轻工制造,家居用品,文娱用品,2020-12-31,2021-12-31
SZ002348,轻工制造,文娱用品,娱乐用品,2021-12-31,
SZ002349,医药生物,中药,中药,2020-12-31,
SZ002350,电力设备,高低压设备,中压设备,2020-12-31,2021-12-31
SZ002350,电力设备,电网设备,配电设备,2021-12-31,
SZ002351,电子,消费电子,电子系统组装,2020-12-31,2021-12-31
SZ002351,电子,消费电子,品牌消费电子,2021-12-31,
SZ002352,交通运输,物流,物流,2020-12-31,2021-12-31
SZ002352,交通运输,物流,快递,2021-12-31,
SZ002353,机械设备,专用设备,能源及重型设备,2020-12-31,
SZ002354,传媒,互联网传媒,移动互联网服务,2020-12-31,2021-12-31
SZ002354,传媒,游戏,游戏,2021-12-31,2023-07-31
SZ002354,传媒,广告营销,营销代理,2023-07-31,
SZ002355,汽车,汽车零部件,汽车零部件,2020-12-31,2021-12-31
SZ002355,汽车,汽车零部件,轮胎轮毂,2021-12-31,
SZ002356,轻工制造,家居用品,珠宝首饰,2020-12-31,2021-12-31
SZ002356,商贸零售,一般零售,多业态零售,2021-12-31,
SZ002357,交通运输,公交,公交,2020-12-31,2021-12-31
SZ002357,交通运输,铁路公路,公交,2021-12-31,
SZ002358,电力设备,高低压设备,中压设备,2020-12-31,2021-12-31
SZ002358,电力设备,电网设备,输变电设备,2021-12-31,
SZ002359,通信,通信设备,通信配套服务,2020-12-31,2021-07-30
SZ002360,基础化工,化学制品,民爆制品,2020-12-31,
SZ002361,基础化工,化学制品,涂料油墨,2020-12-31,2021-12-31
SZ002361,基础化工,塑料,合成树脂,2021-12-31,
SZ002362,计算机,计算机应用,软件开发,2020-12-31,2021-12-31
SZ002362,计算机,软件开发,垂直应用软件,2021-12-31,
SZ002363,汽车,汽车零部件,汽车零部件,2020-12-31,2021-12-31
SZ002363,汽车,汽车零部件,底盘与发动机系统,2021-12-31,
SZ002364,电力设备,其他电源设备,储能设备,2020-12-31,2021-12-31
SZ002364,电力设备,其他电源设备,其他电源设备,2021-12-31,
SZ002365,医药生物,化学制药,原料药,2020-12-31,
SZ002366,机械设备,专用设备,其他专用设备,2020-12-31,2021-12-31
SZ002366,电力设备,其他电源设备,其他电源设备,2021-12-31,
SZ002367,机械设备,专用设备,楼宇设备,2020-12-31,
SZ002368,计算机,计算机应用,IT服务,2020-12-31,2021-12-31
SZ002368,计算机,IT服务,IT服务,2021-12-31,
SZ002369,电子,消费电子,电子系统组装,2020-12-31,2021-12-31
SZ002369,电子,消费电子,消费电子零部件及组装,2021-12-31,
SZ002370,医药生物,化学制药,化学制剂,2020-12-31,
SZ002371,电子,半导体,半导体材料,2020-12-31,2021-12-31
SZ002371,电子,半导体,半导体设备,2021-12-31,
SZ002372,建筑材料,装修建材,管材,2020-12-31,
SZ002373,计算机,计算机应用,IT服务,2020-12-31,2021-12-31
SZ002373,计算机,IT服务,IT服务,2021-12-31,
SZ002374,建筑装饰,园林工程,园林工程,2020-12-31,2021-12-31
SZ002374,轻工制造,包装印刷,金属包装,2021-12-31,
SZ002375,建筑装饰,装修装饰,装修装饰,2020-12-31,
SZ002376,计算机,计算机设备,计算机设备,2020-12-31,2021-12-31
SZ002376,计算机,计算机设备,其他计算机设备,2021-12-31,
SZ002377,房地产,房地产开发,住宅开发,2020-12-31,2021-12-31
SZ002377,房地产,房地产服务,房产租赁经纪,2021-12-31,2024-07-31
SZ002377,石油石化,炼化及贸易,其他石化,2024-07-31,
SZ002378,有色金属,小金属,钨,2020-12-31,
SZ002379,有色金属,工业金属,铝,2020-12-31,
SZ002380,计算机,计算机应用,IT服务,2020-12-31,2021-12-31
SZ002380,计算机,IT服务,IT服务,2021-12-31,
SZ002381,基础化工,橡胶,其他橡胶制品,2020-12-31,
SZ002382,医药生物,医疗器械,医疗器械,2020-12-31,2021-12-31
SZ002382,医药生物,医疗器械,医疗耗材,2021-12-31,
SZ002383,计算机,计算机设备,计算机设备,2020-12-31,2021-12-31
SZ002383,国防军工,军工电子,军工电子,2021-12-31,
SZ002384,电子,元件,印制电路板,2020-12-31,
SZ002385,农林牧渔,饲料,饲料,2020-12-31,2021-12-31
SZ002385,农林牧渔,饲料,畜禽饲料,2021-12-31,
SZ002386,基础化工,化学原料,氯碱,2020-12-31,
SZ002387,电子,光学光电子,面板,2020-12-31,
SZ002388,电子,其他电子,其他电子,2020-12-31,
SZ002389,国防军工,航空装备,航空装备,2020-12-31,
SZ002390,医药生物,中药,中药,2020-12-31,
SZ002391,基础化工,化学制品,农药,2020-12-31,2021-12-31
SZ002391,基础化工,农化制品,农药,2021-12-31,
SZ002392,建筑材料,装修建材,耐火材料,2020-12-31,
SZ002393,医药生物,化学制药,化学制剂,2020-12-31,
SZ002394,纺织服饰,纺织制造,棉纺,2020-12-31,
SZ002395,基础化工,塑料,其他塑料制品,2020-12-31,2021-12-31
SZ002395,基础化工,塑料,合成树脂,2021-12-31,
SZ002396,通信,通信设备,通信配套服务,2020-12-31,2021-12-31
SZ002396,通信,通信设备,通信网络设备及器件,2021-12-31,
SZ002397,纺织服饰,服装家纺,家纺,2020-12-31,
SZ002398,建筑材料,装修建材,其他建材,2020-12-31,
SZ002399,医药生物,化学制药,原料药,2020-12-31,2024-07-31
SZ002399,医药生物,化学制药,化学制剂,2024-07-31,
SZ002400,传媒,营销传播,营销服务,2020-12-31,2021-12-31
SZ002400,传媒,广告营销,营销代理,2021-12-31,
SZ002401,计算机,计算机应用,IT服务,2020-12-31,2021-12-31
SZ002401,计算机,IT服务,IT服务,2021-12-31,
SZ002402,电子,消费电子,电子零部件制造,2020-12-31,2021-12-31
SZ002402,电子,消费电子,消费电子零部件及组装,2021-12-31,2024-07-31
SZ002402,家用电器,家电零部件,家电零部件,2024-07-31,2025-08-29
SZ002402,电子,消费电子,消费电子零部件及组装,2025-08-29,
SZ002403,家用电器,白色家电,小家电,2020-12-31,2021-12-31
SZ002403,家用电器,小家电,厨房小家电,2021-12-31,
SZ002404,纺织服饰,纺织制造,丝绸,2020-12-31,2021-12-31
SZ002404,纺织服饰,纺织制造,其他纺织,2021-12-31,2024-07-31
SZ002404,纺织服饰,服装家纺,非运动服装,2024-07-31,
SZ002405,计算机,计算机应用,软件开发,2020-12-31,2021-12-31
SZ002405,计算机,软件开发,垂直应用软件,2021-12-31,
SZ002406,汽车,汽车零部件,汽车零部件,2020-12-31,2021-12-31
SZ002406,汽车,汽车零部件,底盘与发动机系统,2021-12-31,
SZ002407,基础化工,化学制品,氟化工,2020-12-31,
SZ002408,基础化工,化学制品,聚氨酯,2020-12-31,2021-12-31
SZ002408,石油石化,炼化及贸易,其他石化,2021-12-31,
SZ002409,电子,半导体,半导体材料,2020-12-31,
SZ002410,计算机,计算机应用,软件开发,2020-12-31,2021-12-31
SZ002410,计算机,软件开发,垂直应用软件,2021-12-31,
SZ002411,医药生物,化学制药,化学制剂,2020-12-31,2021-12-31
SZ002411,医药生物,医药商业,医药流通,2021-12-31,2023-07-31
SZ002412,医药生物,中药,中药,2020-12-31,
SZ002413,国防军工,航空装备,航空装备,2020-12-31,2021-12-31
SZ002413,国防军工,军工电子,军工电子,2021-12-31,
SZ002414,电子,其他电子,其他电子,2020-12-31,2021-12-31
SZ002414,国防军工,军工电子,军工电子,2021-12-31,
SZ002415,电子,消费电子,电子系统组装,2020-12-31,2021-12-31
SZ002415,计算机,计算机设备,安防设备,2021-12-31,
SZ002416,商贸零售,专业连锁,专业连锁,2020-12-31,
SZ002417,计算机,计算机应用,IT服务,2020-12-31,2021-12-31
SZ002417,计算机,IT服务,IT服务,2021-12-31,2023-07-31
SZ002418,家用电器,白色家电,家电零部件,2020-12-31,2021-12-31
SZ002418,家用电器,家电零部件,家电零部件,2021-12-31,
SZ002419,商贸零售,一般零售,百货,2020-12-31,
SZ002420,家用电器,黑色家电,彩电,2020-12-31,2021-12-31
SZ002420,家用电器,家电零部件,家电零部件,2021-12-31,2026-07-31
SZ002420,综合,综合,综合,2026-07-31,
SZ002421,计算机,计算机应用,IT服务,2020-12-31,2021-12-31
SZ002421,计算机,IT服务,IT服务,2021-12-31,
SZ002422,医药生物,化学制药,化学制剂,2020-12-31,
SZ002423,非银金融,多元金融,多元金融,2020-12-31,2021-12-31
SZ002423,非银金融,多元金融,金融控股,2021-12-31,
SZ002424,医药生物,中药,中药,2020-12-31,
SZ002425,传媒,互联网传媒,移动互联网服务,2020-12-31,2021-12-31
SZ002425,传媒,游戏,游戏,2021-12-31,
SZ002426,机械设备,通用设备,机械基础件,2020-12-31,2021-12-31
SZ002426,机械设备,通用设备,金属制品,2021-12-31,2022-07-29
SZ002426,电子,消费电子,消费电子零部件及组装,2022-07-29,
SZ002427,基础化工,化学纤维,涤纶,2020-12-31,
SZ002428,有色金属,小金属,其他小金属,2020-12-31,
SZ002429,家用电器,黑色家电,彩电,2020-12-31,
SZ002430,机械设备,专用设备,其他专用设备,2020-12-31,2024-07-31
SZ002430,基础化工,化学制品,其他化学制品,2024-07-31,
SZ002431,建筑装饰,园林工程,园林工程,2020-12-31,2021-12-31
SZ002431,建筑装饰,基础建设,园林工程,2021-12-31,
SZ002432,医药生物,医疗器械,医疗器械,2020-12-31,2021-12-31
SZ002432,医药生物,医疗器械,医疗设备,2021-12-31,2022-07-29
SZ002432,医药生物,医疗器械,体外诊断,2022-07-29,
SZ002433,医药生物,中药,中药,2020-12-31,2024-07-31
SZ002434,汽车,汽车零部件,汽车零部件,2020-12-31,2021-12-31
SZ002434,汽车,汽车零部件,底盘与发动机系统,2021-12-31,
SZ002435,医药生物,化学制药,化学制剂,2020-12-31,2024-08-30
SZ002436,电子,元件,印制电路板,2020-12-31,
SZ002437,医药生物,化学制药,化学制剂,2020-12-31,
SZ002438,机械设备,通用设备,机械基础件,2020-12-31,2021-12-31
SZ002438,机械设备,通用设备,金属制品,2021-12-31,
SZ002439,计算机,计算机应用,软件开发,2020-12-31,2021-12-31
SZ002439,计算机,软件开发,横向通用软件,2021-12-31,
SZ002440,基础化工,化学制品,纺织化学制品,2020-12-31,
SZ002441,电力设备,高低压设备,低压设备,2020-12-31,2021-12-31
SZ002441,电力设备,电网设备,配电设备,2021-12-31,
SZ002442,基础化工,橡胶,炭黑,2020-12-31,
SZ002443,钢铁,钢铁,特钢,2020-12-31,2021-12-31
SZ002443,钢铁,特钢,特钢,2021-12-31,
SZ002444,机械设备,通用设备,其他通用设备,2020-12-31,
SZ002445,传媒,文化传媒,影视动漫,2020-12-31,2021-12-31
SZ002445,传媒,游戏,游戏,2021-12-31,2022-07-29
SZ002445,机械设备,通用设备,金属制品,2022-07-29,
SZ002446,通信,通信设备,通信传输设备,2020-12-31,2021-12-31
SZ002446,国防军工,军工电子,军工电子,2021-12-31,
SZ002447,传媒,互联网传媒,移动互联网服务,2020-12-31,2021-12-31
SZ002447,传媒,游戏,游戏,2021-12-31,2022-06-30
SZ002448,汽车,汽车零部件,汽车零部件,2020-12-31,2021-12-31
SZ002448,汽车,汽车零部件,底盘与发动机系统,2021-12-31,
SZ002449,电子,光学光电子,LED,2020-12-31,
SZ002450,基础化工,塑料,其他塑料制品,2020-12-31,2021-05-31
SZ002451,电力设备,高低压设备,线缆部件及其他,2020-12-31,2021-12-31
SZ002451,电力设备,电网设备,线缆部件及其他,2021-12-31,
SZ002452,电力设备,高低压设备,高压设备,2020-12-31,2021-12-31
SZ002452,电力设备,电网设备,输变电设备,2021-12-31,
SZ002453,基础化工,化学制品,其他化学制品,2020-12-31,
SZ002454,汽车,汽车零部件,汽车零部件,2020-12-31,2021-12-31
SZ002454,汽车,汽车零部件,汽车电子电气系统,2021-12-31,
SZ002455,基础化工,化学制品,其他化学制品,2020-12-31,
SZ002456,电子,光学光电子,光学元件,2020-12-31,
SZ002457,建筑材料,装修建材,管材,2020-12-31,
SZ002458,农林牧渔,养殖业,畜禽养殖,2020-12-31,2021-12-31
SZ002458,农林牧渔,养殖业,肉鸡养殖,2021-12-31,
SZ002459,电力设备,其他电源设备,光伏设备,2020-12-31,2021-12-31
SZ002459,电力设备,光伏设备,光伏电池组件,2021-12-31,
SZ002460,有色金属,小金属,锂,2020-12-31,2021-12-31
SZ002460,有色金属,能源金属,锂,2021-12-31,
SZ002461,食品饮料,饮料制造,啤酒,2020-12-31,2021-12-31
SZ002461,食品饮料,非白酒,啤酒,2021-12-31,
SZ002462,医药生物,医药商业,医药商业,2020-12-31,2021-12-31
SZ002462,医药生物,医药商业,医药流通,2021-12-31,
SZ002463,电子,元件,印制电路板,2020-12-31,
SZ002464,传媒,互联网传媒,互联网信息服务,2020-12-31,2021-12-31
SZ002464,传媒,游戏,游戏,2021-12-31,2022-06-30
SZ002465,国防军工,地面兵装,地面兵装,2020-12-31,2021-12-31
SZ002465,国防军工,军工电子,军工电子,2021-12-31,
SZ002466,有色金属,小金属,锂,2020-12-31,2021-12-31
SZ002466,有色金属,能源金属,锂,2021-12-31,
SZ002467,通信,通信服务,通信运营,2020-12-31,2021-12-31
SZ002467,通信,通信服务,通信应用增值服务,2021-12-31,
SZ002468,交通运输,物流,物流,2020-12-31,2021-12-31
SZ002468,交通运输,物流,快递,2021-12-31,
SZ002469,建筑装饰,专业工程,化学工程,2020-12-31,
SZ002470,基础化工,化学制品,复合肥,2020-12-31,2021-12-31
SZ002470,基础化工,农化制品,复合肥,2021-12-31,
SZ002471,电力设备,高低压设备,线缆部件及其他,2020-12-31,2021-12-31
SZ002471,电力设备,电网设备,线缆部件及其他,2021-12-31,
SZ002472,汽车,汽车零部件,汽车零部件,2020-12-31,2021-12-31
SZ002472,汽车,汽车零部件,底盘与发动机系统,2021-12-31,
SZ002473,家用电器,白色家电,小家电,2020-12-31,2021-12-31
SZ002473,家用电器,小家电,厨房小家电,2021-12-31,2022-06-30
SZ002474,计算机,计算机应用,IT服务,2020-12-31,2021-12-31
SZ002474,计算机,IT服务,IT服务,2021-12-31,
SZ002475,电子,消费电子,电子零部件制造,2020-12-31,2021-12-31
SZ002475,电子,消费电子,消费电子零部件及组装,2021-12-31,
SZ002476,基础化工,化学制品,其他化学制品,2020-12-31,2021-12-31
SZ002476,石油石化,炼化及贸易,其他石化,2021-12-31,
SZ002478,钢铁,钢铁,特钢,2020-12-31,2021-12-31
SZ002478,钢铁,特钢,特钢,2021-12-31,
SZ002479,公用事业,环保工程及服务,环保工程及服务,2020-12-31,2021-12-31
SZ002479,公用事业,电力,热力服务,2021-12-31,
SZ002480,机械设备,通用设备,机械基础件,2020-12-31,2021-12-31
SZ002480,机械设备,通用设备,金属制品,2021-12-31,2023-07-31
SZ002480,公用事业,电力,光伏发电,2023-07-31,
SZ002481,食品饮料,食品加工,食品综合,2020-12-31,2021-12-31
SZ002481,农林牧渔,农产品加工,其他农产品加工,2021-12-31,
SZ002482,建筑装饰,装修装饰,装修装饰,2020-12-31,
SZ002483,机械设备,专用设备,重型机械,2020-12-31,2021-12-31
SZ002483,机械设备,专用设备,能源及重型设备,2021-12-31,
SZ002484,电子,元件,被动元件,2020-12-31,
SZ002485,纺织服饰,服装家纺,男装,2020-12-31,2021-12-31
SZ002485,纺织服饰,服装家纺,非运动服装,2021-12-31,2025-08-29
SZ002485,交通运输,物流,原材料供应链服务,2025-08-29,
SZ002486,纺织服饰,服装家纺,其他服装,2020-12-31,2021-12-31
SZ002486,纺织服饰,纺织制造,其他纺织,2021-12-31,2024-07-31
SZ002486,纺织服饰,服装家纺,运动服装,2024-07-31,
SZ002487,机械设备,金属制品,金属制品,2020-12-31,2021-12-31
SZ002487,电力设备,风电设备,风电零部件,2021-12-31,
SZ002488,汽车,汽车零部件,汽车零部件,2020-12-31,2021-12-31
SZ002488,汽车,汽车零部件,轮胎轮毂,2021-12-31,
SZ002489,轻工制造,家居用品,家具,2020-12-31,2021-12-31
SZ002489,轻工制造,家居用品,成品家居,2021-12-31,
SZ002490,机械设备,专用设备,能源及重型设备,2020-12-31,
SZ002491,通信,通信设备,通信传输设备,2020-12-31,2021-12-31
SZ002491,通信,通信设备,通信线缆及配套,2021-12-31,
SZ002492,交通运输,物流,物流,2020-12-31,2021-12-31
SZ002492,交通运输,物流,仓储物流,2021-12-31,
SZ002493,基础化工,化学纤维,涤纶,2020-12-31,2021-12-31
SZ002493,石油石化,炼化及贸易,炼油化工,2021-12-31,
SZ002494,纺织服饰,服装家纺,其他服装,2020-12-31,2021-12-31
SZ002494,纺织服饰,服装家纺,非运动服装,2021-12-31,
SZ002495,食品饮料,食品加工,调味发酵品,2020-12-31,2021-12-31
SZ002495,食品饮料,调味发酵品,调味发酵品,2021-12-31,
SZ002496,基础化工,化学制品,农药,2020-12-31,2021-12-31
SZ002496,基础化工,农化制品,农药,2021-12-31,
SZ002497,基础化工,化学制品,民爆制品,2020-12-31,2022-07-29
SZ002497,有色金属,能源金属,锂,2022-07-29,2024-07-31
SZ002497,基础化工,化学制品,民爆制品,2024-07-31,
SZ002498,电力设备,高低压设备,线缆部件及其他,2020-12-31,2021-12-31
SZ002498,电力设备,电网设备,线缆部件及其他,2021-12-31,
SZ002499,公用事业,电力,新能源发电,2020-12-31,2021-12-31
SZ002499,公用事业,电力,光伏发电,2021-12-31,2022-07-29
SZ002499,商贸零售,互联网电商,电商服务,2022-07-29,2023-04-28
SZ002500,非银金融,证券,证券,2020-12-31,
SZ002501,有色金属,工业金属,铝,2020-12-31,
SZ002502,传媒,互联网传媒,移动互联网服务,2020-12-31,2021-12-31
SZ002502,传媒,影视院线,影视动漫制作,2021-12-31,2022-07-29
SZ002502,传媒,游戏,游戏,2022-07-29,2023-07-31
SZ002502,有色金属,小金属,其他小金属,2023-07-31,2024-09-30
SZ002503,纺织服饰,服装家纺,休闲服装,2020-12-31,2021-12-31
SZ002503,纺织服饰,服装家纺,非运动服装,2021-12-31,2023-08-31
SZ002504,建筑装饰,装修装饰,装修装饰,2020-12-31,2023-08-31
SZ002505,商贸零售,贸易,贸易,2020-12-31,2021-12-31
SZ002505,农林牧渔,养殖业,其他养殖,2021-12-31,2024-08-30
SZ002506,电力设备,其他电源设备,光伏设备,2020-12-31,2021-12-31
SZ002506,电力设备,光伏设备,光伏电池组件,2021-12-31,
SZ002507,食品饮料,食品加工,食品综合,2020-12-31,2021-12-31
SZ002507,食品饮料,调味发酵品,调味发酵品,2021-12-31,
SZ002508,家用电器,白色家电,小家电,2020-12-31,2021-12-31
SZ002508,家用电器,厨卫电器,厨房电器,2021-12-31,
SZ002510,汽车,汽车零部件,汽车零部件,2020-12-31,2021-12-31
SZ002510,汽车,汽车零部件,其他汽车零部件,2021-12-31,
SZ002511,轻工制造,造纸,造纸,2020-12-31,2021-12-31
SZ002511,美容护理,个护用品,生活用纸,2021-12-31,
SZ002512,计算机,计算机设备,计算机设备,2020-12-31,2021-12-31
SZ002512,计算机,计算机设备,其他计算机设备,2021-12-31,
SZ002513,基础化工,化学制品,农药,2020-12-31,2021-12-31
SZ002513,基础化工,农化制品,农药,2021-12-31,
SZ002514,机械设备,通用设备,机械基础件,2020-12-31,2021-12-31
SZ002514,机械设备,通用设备,金属制品,2021-12-31,
SZ002515,食品饮料,食品加工,肉制品,2020-12-31,
SZ002516,汽车,汽车零部件,汽车零部件,2020-12-31,2021-12-31
SZ002516,汽车,汽车零部件,车身附件及饰件,2021-12-31,
SZ002517,传媒,互联网传媒,移动互联网服务,2020-12-31,2021-12-31
SZ002517,传媒,游戏,游戏,2021-12-31,
SZ002518,电力设备,其他电源设备,储能设备,2020-12-31,2021-12-31
SZ002518,电力设备,其他电源设备,其他电源设备,2021-12-31,
SZ002519,家用电器,黑色家电,其他黑色家电,2020-12-31,2023-08-31
SZ002519,国防军工,地面兵装,地面兵装,2023-08-31,
SZ002520,机械设备,通用设备,机床工具,2020-12-31,
SZ002521,轻工制造,造纸,造纸,2020-12-31,2021-12-31
SZ002521,轻工制造,造纸,特种纸,2021-12-31,
SZ002522,轻工制造,包装印刷,包装印刷,2020-12-31,2021-12-31
SZ002522,基础化工,塑料,膜材料,2021-12-31,
SZ002523,机械设备,专用设备,重型机械,2020-12-31,2021-12-31
SZ002523,机械设备,专用设备,能源及重型设备,2021-12-31,
SZ002524,医药生物,医疗服务,医疗服务,2020-12-31,2021-12-31
SZ002524,医药生物,医疗服务,医院,2021-12-31,
SZ002526,机械设备,专用设备,能源及重型设备,2020-12-31,
SZ002527,电力设备,电气自动化设备,工控自动化,2020-12-31,2021-12-31
SZ002527,机械设备,自动化设备,机器人,2021-12-31,2024-07-31
SZ002527,机械设备,专用设备,楼宇设备,2024-07-31,
SZ002528,计算机,计算机设备,计算机设备,2020-12-31,2021-12-31
SZ002528,计算机,计算机设备,安防设备,2021-12-31,
SZ002529,机械设备,专用设备,其他专用设备,2020-12-31,
SZ002530,计算机,计算机应用,IT服务,2020-12-31,2021-12-31
SZ002530,计算机,IT服务,IT服务,2021-12-31,2024-07-31
SZ002530,机械设备,专用设备,其他专用设备,2024-07-31,
SZ002531,电力设备,其他电源设备,风电设备,2020-12-31,2021-12-31
SZ002531,电力设备,风电设备,风电零部件,2021-12-31,
SZ002532,机械设备,通用设备,其他通用设备,2020-12-31,2021-12-31
SZ002532,有色金属,工业金属,铝,2021-12-31,
SZ002533,电力设备,高低压设备,线缆部件及其他,2020-12-31,2021-12-31
SZ002533,电力设备,电网设备,线缆部件及其他,2021-12-31,
SZ002534,电力设备,其他电源设备,其他电源设备,2020-12-31,2021-12-31
SZ002534,电力设备,其他电源设备,火电设备,2021-12-31,
SZ002535,机械设备,专用设备,能源及重型设备,2020-12-31,
SZ002536,汽车,汽车零部件,汽车零部件,2020-12-31,2021-12-31
SZ002536,汽车,汽车零部件,底盘与发动机系统,2021-12-31,
SZ002537,计算机,计算机应用,IT服务,2020-12-31,2021-12-31
SZ002537,汽车,汽车零部件,车身附件及饰件,2021-12-31,
SZ002538,基础化工,化学制品,复合肥,2020-12-31,2021-12-31
SZ002538,基础化工,农化制品,复合肥,2021-12-31,
SZ002539,基础化工,化学制品,复合肥,2020-12-31,2021-12-31
SZ002539,基础化工,农化制品,复合肥,2021-12-31,
SZ002540,有色金属,工业金属,铝,2020-12-31,
SZ002541,建筑装饰,专业工程,钢结构,2020-12-31,
SZ002542,建筑装饰,专业工程,其他专业工程,2020-12-31,
SZ002543,家用电器,白色家电,小家电,2020-12-31,2021-12-31
SZ002543,家用电器,厨卫电器,卫浴电器,2021-12-31,
SZ002544,通信,通信设备,通信配套服务,2020-12-31,2021-12-31
SZ002544,通信,通信服务,通信工程及服务,2021-12-31,
SZ002545,基础化工,化学制品,钾肥,2020-12-31,2021-12-31
SZ002545,建筑装饰,专业工程,钢结构,2021-12-31,2022-07-29
SZ002545,基础化工,农化制品,钾肥,2022-07-29,
SZ002546,电力设备,电气自动化设备,电工仪器仪表,2020-12-31,2021-12-31
SZ002546,电力设备,电网设备,电工仪器仪表,2021-12-31,
SZ002547,电子,消费电子,电子零部件制造,2020-12-31,2021-12-31
SZ002547,电子,消费电子,消费电子零部件及组装,2021-12-31,2022-07-29
SZ002547,汽车,汽车零部件,其他汽车零部件,2022-07-29,
SZ002548,农林牧渔,饲料,饲料,2020-12-31,2021-12-31
SZ002548,农林牧渔,饲料,畜禽饲料,2021-12-31,
SZ002549,基础化工,化学制品,其他化学制品,2020-12-31,
SZ002550,医药生物,化学制药,化学制剂,2020-12-31,
SZ002551,医药生物,医疗器械,医疗器械,2020-12-31,2021-12-31
SZ002551,医药生物,医疗器械,医疗耗材,2021-12-31,
SZ002552,机械设备,通用设备,机械基础件,2020-12-31,2021-12-31
SZ002552,机械设备,通用设备,金属制品,2021-12-31,2026-07-31
SZ002552,电子,元件,印制电路板,2026-07-31,
SZ002553,汽车,汽车零部件,汽车零部件,2020-12-31,2021-12-31
SZ002553,汽车,汽车零部件,底盘与发动机系统,2021-12-31,
SZ002554,煤炭,采掘服务,油气钻采服务,2020-12-31,2021-12-31
SZ002554,石油石化,油服工程,油气及炼化工程,2021-12-31,
SZ002555,传媒,互联网传媒,互联网信息服务,2020-12-31,2021-12-31
SZ002555,传媒,游戏,游戏,2021-12-31,
SZ002556,基础化工,化学制品,氮肥,2020-12-31,2021-12-31
SZ002556,农林牧渔,农业综合,农业综合,2021-12-31,
SZ002557,食品饮料,食品加工,食品综合,2020-12-31,2021-12-31
SZ002557,食品饮料,休闲食品,零食,2021-12-31,
SZ002558,传媒,互联网传媒,移动互联网服务,2020-12-31,2021-12-31
SZ002558,传媒,游戏,游戏,2021-12-31,
SZ002559,机械设备,通用设备,机床工具,2020-12-31,
SZ002560,电力设备,高低压设备,线缆部件及其他,2020-12-31,2021-12-31
SZ002560,电力设备,电网设备,线缆部件及其他,2021-12-31,
SZ002561,商贸零售,一般零售,百货,2020-12-31,
SZ002562,基础化工,化学制品,其他化学制品,2020-12-31,2021-12-31
SZ002562,基础化工,化学制品,食品及饲料添加剂,2021-12-31,
SZ002563,纺织服饰,服装家纺,休闲服装,2020-12-31,2021-12-31
SZ002563,纺织服饰,服装家纺,非运动服装,2021-12-31,
SZ002564,机械设备,专用设备,能源及重型设备,2020-12-31,2022-07-29
SZ002564,建筑装饰,专业工程,其他专业工程,2022-07-29,2026-07-31
SZ002564,机械设备,专用设备,能源及重型设备,2026-07-31,
SZ002565,轻工制造,包装印刷,包装印刷,2020-12-31,2021-12-31
SZ002565,轻工制造,包装印刷,纸包装,2021-12-31,
SZ002566,医药生物,中药,中药,2020-12-31,
SZ002567,农林牧渔,饲料,饲料,2020-12-31,2021-12-31
SZ002567,农林牧渔,饲料,畜禽饲料,2021-12-31,
SZ002568,食品饮料,饮料制造,其他酒类,2020-12-31,2021-12-31
SZ002568,食品饮料,非白酒,其他酒类,2021-12-31,
SZ002569,纺织服饰,服装家纺,男装,2020-12-31,2021-12-31
SZ002569,纺织服饰,服装家纺,非运动服装,2021-12-31,
SZ002570,食品饮料,食品加工,乳品,2020-12-31,2021-12-31
SZ002570,食品饮料,饮料乳品,乳品,2021-12-31,
SZ002571,轻工制造,家居用品,其他家用轻工,2020-12-31,2021-12-31
SZ002571,轻工制造,家居用品,其他家居用品,2021-12-31,
SZ002572,轻工制造,家居用品,家具,2020-12-31,2021-12-31
SZ002572,轻工制造,家居用品,定制家居,2021-12-31,
SZ002573,公用事业,环保工程及服务,环保工程及服务,2020-12-31,2021-12-31
SZ002573,环保,环境治理,大气治理,2021-12-31,2023-07-31
SZ002573,环保,环境治理,水务及水治理,2023-07-31,
SZ002574,轻工制造,家居用品,珠宝首饰,2020-12-31,2021-12-31
SZ002574,纺织服饰,饰品,钟表珠宝,2021-12-31,
SZ002575,轻工制造,家居用品,文娱用品,2020-12-31,2021-12-31
SZ002575,轻工制造,文娱用品,娱乐用品,2021-12-31,2026-07-31
SZ002575,综合,综合,综合,2026-07-31,
SZ002576,电力设备,电机,电机,2020-12-31,
SZ002577,计算机,计算机设备,计算机设备,2020-12-31,2021-12-31
SZ002577,计算机,计算机设备,其他计算机设备,2021-12-31,
SZ002578,有色金属,工业金属,铝,2020-12-31,
SZ002579,电子,元件,印制电路板,2020-12-31,
SZ002580,电力设备,其他电源设备,储能设备,2020-12-31,2021-12-31
SZ002580,电力设备,电池,蓄电池及其他电池,2021-12-31,
SZ002581,医药生物,生物制品,生物制品,2020-12-31,2021-12-31
SZ002581,医药生物,生物制品,其他生物制品,2021-12-31,
SZ002582,食品饮料,食品加工,食品综合,2020-12-31,2021-12-31
SZ002582,食品饮料,休闲食品,零食,2021-12-31,
SZ002583,通信,通信设备,终端设备,2020-12-31,2021-12-31
SZ002583,通信,通信设备,通信网络设备及器件,2021-12-31,
SZ002584,基础化工,化学制品,其他化学制品,2020-12-31,2021-12-31
SZ002584,电子,电子化学品,电子化学品,2021-12-31,
SZ002585,轻工制造,包装印刷,包装印刷,2020-12-31,2021-12-31
SZ002585,基础化工,塑料,膜材料,2021-12-31,
SZ002586,建筑装饰,基础建设,水利工程,2020-12-31,2021-12-31
SZ002586,建筑装饰,基础建设,基建市政工程,2021-12-31,
SZ002587,电子,光学光电子,LED,2020-12-31,
SZ002588,基础化工,化学制品,复合肥,2020-12-31,2021-12-31
SZ002588,基础化工,农化制品,复合肥,2021-12-31,
SZ002589,医药生物,医药商业,医药商业,2020-12-31,2021-12-31
SZ002589,医药生物,医药商业,医药流通,2021-12-31,
SZ002590,汽车,汽车零部件,汽车零部件,2020-12-31,2021-12-31
SZ002590,汽车,汽车零部件,底盘与发动机系统,2021-12-31,
SZ002591,传媒,营销传播,营销服务,2020-12-31,2021-12-31
SZ002591,传媒,广告营销,营销代理,2021-12-31,2022-07-29
SZ002591,基础化工,化学制品,其他化学制品,2022-07-29,
SZ002592,汽车,汽车零部件,汽车零部件,2020-12-31,2021-12-31
SZ002592,汽车,汽车零部件,底盘与发动机系统,2021-12-31,
SZ002593,建筑装饰,专业工程,钢结构,2020-12-31,
SZ002594,汽车,汽车整车,乘用车,2020-12-31,2021-12-31
SZ002594,汽车,乘用车,电动乘用车,2021-12-31,
SZ002595,机械设备,专用设备,其他专用设备,2020-12-31,
SZ002596,建筑材料,装修建材,其他建材,2020-12-31,2021-12-31
SZ002596,建筑材料,水泥,水泥制品,2021-12-31,
SZ002597,食品饮料,食品加工,食品综合,2020-12-31,2021-12-31
SZ002597,基础化工,化学制品,食品及饲料添加剂,2021-12-31,
SZ002598,机械设备,通用设备,其他通用设备,2020-12-31,
SZ002599,轻工制造,包装印刷,包装印刷,2020-12-31,2021-12-31
SZ002599,轻工制造,包装印刷,印刷,2021-12-31,
SZ002600,电子,消费电子,电子零部件制造,2020-12-31,2021-12-31
SZ002600,电子,消费电子,消费电子零部件及组装,2021-12-31,
SZ002601,基础化工,化学制品,其他化学制品,2020-12-31,2021-12-31
SZ002601,基础化工,化学原料,钛白粉,2021-12-31,
SZ002602,传媒,互联网传媒,互联网信息服务,2020-12-31,2021-12-31
SZ002602,传媒,游戏,游戏,2021-12-31,
SZ002603,医药生物,中药,中药,2020-12-31,
SZ002605,轻工制造,家居用品,文娱用品,2020-12-31,2021-12-31
SZ002605,传媒,游戏,游戏,2021-12-31,
SZ002606,电力设备,高低压设备,线缆部件及其他,2020-12-31,2021-12-31
SZ002606,电力设备,电网设备,线缆部件及其他,2021-12-31,
SZ002607,传媒,文化传媒,其他文化传媒,2020-12-31,2021-12-31
SZ002607,社会服务,教育,培训教育,2021-12-31,
SZ002608,公用事业,电力,火力发电,2020-12-31,
SZ002609,计算机,计算机应用,IT服务,2020-12-31,2021-12-31
SZ002609,计算机,IT服务,IT服务,2021-12-31,
SZ002610,公用事业,电力,新能源发电,2020-12-31,2021-12-31
SZ002610,电力设备,光伏设备,光伏辅材,2021-12-31,2024-08-30
SZ002611,机械设备,专用设备,印刷包装机械,2020-12-31,
SZ002612,纺织服饰,服装家纺,女装,2020-12-31,2021-12-31
SZ002612,纺织服饰,服装家纺,非运动服装,2021-12-31,
SZ002613,机械设备,专用设备,其他专用设备,2020-12-31,2021-12-31
SZ002613,建筑材料,玻璃玻纤,玻璃制造,2021-12-31,
SZ002614,家用电器,白色家电,小家电,2020-12-31,2021-12-31
SZ002614,家用电器,其他家电,其他家电,2021-12-31,
SZ002615,轻工制造,家居用品,其他家用轻工,2020-12-31,2021-12-31
SZ002615,轻工制造,家居用品,其他家居用品,2021-12-31,
SZ002616,公用事业,电力,新能源发电,2020-12-31,2021-12-31
SZ002616,公用事业,电力,其他能源发电,2021-12-31,
SZ002617,电力设备,其他电源设备,光伏设备,2020-12-31,2021-12-31
SZ002617,公用事业,电力,光伏发电,2021-12-31,
SZ002618,电子,元件,印制电路板,2020-12-31,2022-06-30
SZ002619,传媒,互联网传媒,移动互联网服务,2020-12-31,2021-12-31
SZ002619,传媒,游戏,游戏,2021-12-31,2022-04-29
SZ002620,建筑装饰,装修装饰,装修装饰,2020-12-31,
SZ002621,传媒,文化传媒,其他文化传媒,2020-12-31,2021-12-31
SZ002621,社会服务,教育,培训教育,2021-12-31,2024-08-30
SZ002622,电力设备,高低压设备,中压设备,2020-12-31,2021-12-31
SZ002622,电力设备,电网设备,输变电设备,2021-12-31,2023-07-31
SZ002622,医药生物,医疗服务,医院,2023-07-31,
SZ002623,建筑材料,玻璃玻纤,玻璃制造,2020-12-31,2021-12-31
SZ002623,电力设备,光伏设备,光伏辅材,2021-12-31,
SZ002624,传媒,互联网传媒,移动互联网服务,2020-12-31,2021-12-31
SZ002624,传媒,游戏,游戏,2021-12-31,
SZ002625,汽车,汽车零部件,汽车零部件,2020-12-31,2021-12-31
SZ002625,国防军工,航空装备,航空装备,2021-12-31,
SZ002626,医药生物,化学制药,原料药,2020-12-31,2021-12-31
SZ002626,食品饮料,食品加工,保健品,2021-12-31,
SZ002627,交通运输,公交,公交,2020-12-31,2021-12-31
SZ002627,交通运输,铁路公路,公交,2021-12-31,2025-09-30
SZ002627,社会服务,旅游及景区,旅游综合,2025-09-30,
SZ002628,建筑装饰,基础建设,路桥施工,2020-12-31,2021-12-31
SZ002628,建筑装饰,基础建设,基建市政工程,2021-12-31,
SZ002629,煤炭,采掘服务,油气钻采服务,2020-12-31,2021-12-31
SZ002629,石油石化,油服工程,油田服务,2021-12-31,
SZ002630,电力设备,其他电源设备,火电设备,2020-12-31,
SZ002631,轻工制造,家居用品,家具,2020-12-31,2021-12-31
SZ002631,轻工制造,家居用品,定制家居,2021-12-31,2025-08-29
SZ002631,轻工制造,家居用品,瓷砖地板,2025-08-29,
SZ002632,基础化工,化学制品,其他化学制品,2020-12-31,2021-12-31
SZ002632,基础化工,塑料,膜材料,2021-12-31,
SZ002633,机械设备,通用设备,机械基础件,2020-12-31,2021-12-31
SZ002633,机械设备,通用设备,金属制品,2021-12-31,
SZ002634,纺织服饰,服装家纺,其他服装,2020-12-31,2021-12-31
SZ002634,纺织服饰,服装家纺,鞋帽及其他,2021-12-31,2024-07-31
SZ002634,纺织服饰,服装家纺,非运动服装,2024-07-31,
SZ002635,电子,消费电子,电子零部件制造,2020-12-31,2021-12-31
SZ002635,电子,消费电子,消费电子零部件及组装,2021-12-31,
SZ002636,电子,元件,印制电路板,2020-12-31,
SZ002637,基础化工,化学制品,日用化学产品,2020-12-31,2021-12-31
SZ002637,基础化工,化学制品,其他化学制品,2021-12-31,
SZ002638,传媒,文化传媒,其他文化传媒,2020-12-31,2021-12-31
SZ002638,社会服务,教育,培训教育,2021-12-31,2024-07-31
SZ002638,家用电器,照明设备,照明设备,2024-07-31,
SZ002639,机械设备,通用设备,制冷空调设备,2020-12-31,
SZ002640,商贸零售,一般零售,多业态零售,2020-12-31,2021-12-31
SZ002640,商贸零售,互联网电商,跨境电商,2021-12-31,
SZ002641,建筑材料,装修建材,管材,2020-12-31,
SZ002642,计算机,计算机应用,IT服务,2020-12-31,2021-12-31
SZ002642,计算机,IT服务,IT服务,2021-12-31,
SZ002643,基础化工,化学制品,其他化学制品,2020-12-31,2021-12-31
SZ002643,电子,电子化学品,电子化学品,2021-12-31,
SZ002644,医药生物,中药,中药,2020-12-31,
SZ002645,机械设备,专用设备,楼宇设备,2020-12-31,2021-12-31
SZ002645,环保,环保设备,环保设备,2021-12-31,
SZ002646,食品饮料,饮料制造,其他酒类,2020-12-31,2021-12-31
SZ002646,食品饮料,白酒,白酒,2021-12-31,
SZ002647,非银金融,多元金融,多元金融,2020-12-31,2021-12-31
SZ002647,非银金融,多元金融,金融信息服务,2021-12-31,
SZ002648,基础化工,化学原料,其他化学原料,2020-12-31,2021-12-31
SZ002648,基础化工,化学制品,其他化学制品,2021-12-31,2022-07-29
SZ002648,基础化工,化学原料,其他化学原料,2022-07-29,
SZ002649,计算机,计算机应用,IT服务,2020-12-31,2021-12-31
SZ002649,计算机,IT服务,IT服务,2021-12-31,
SZ002650,食品饮料,食品加工,调味发酵品,2020-12-31,2021-12-31
SZ002650,食品饮料,调味发酵品,调味发酵品,2021-12-31,
SZ002651,机械设备,专用设备,能源及重型设备,2020-12-31,2022-07-29
SZ002651,国防军工,航空装备,航空装备,2022-07-29,
SZ002652,建筑材料,装修建材,其他建材,2020-12-31,
SZ002653,医药生物,化学制药,化学制剂,2020-12-31,
SZ002654,传媒,营销传播,营销服务,2020-12-31,2021-12-31
SZ002654,电子,光学光电子,LED,2021-12-31,
SZ002655,电子,消费电子,电子系统组装,2020-12-31,2021-12-31
SZ002655,电子,消费电子,消费电子零部件及组装,2021-12-31,
SZ002656,纺织服饰,服装家纺,男装,2020-12-31,2021-12-31
SZ002656,纺织服饰,服装家纺,非运动服装,2021-12-31,
SZ002657,计算机,计算机应用,IT服务,2020-12-31,2021-12-31
SZ002657,计算机,IT服务,IT服务,2021-12-31,
SZ002658,公用事业,环保工程及服务,环保工程及服务,2020-12-31,2021-12-31
SZ002658,环保,环保设备,环保设备,2021-12-31,
SZ002659,传媒,文化传媒,其他文化传媒,2020-12-31,2021-12-31
SZ002659,社会服务,教育,学历教育,2021-12-31,
SZ002660,电子,消费电子,电子零部件制造,2020-12-31,2021-12-31
SZ002660,电子,消费电子,消费电子零部件及组装,2021-12-31,
SZ002661,食品饮料,食品加工,食品综合,2020-12-31,2021-12-31
SZ002661,农林牧渔,农产品加工,其他农产品加工,2021-12-31,2023-03-31
SZ002661,食品饮料,食品加工,预加工食品,2023-03-31,
SZ002662,汽车,汽车零部件,汽车零部件,2020-12-31,2021-12-31
SZ002662,汽车,汽车零部件,车身附件及饰件,2021-12-31,
SZ002663,建筑装饰,园林工程,园林工程,2020-12-31,2021-12-31
SZ002663,建筑装饰,基础建设,园林工程,2021-12-31,
SZ002664,国防军工,航空装备,航空装备,2020-12-31,2021-12-31
SZ002664,汽车,汽车零部件,汽车电子电气系统,2021-12-31,
SZ002665,电力设备,其他电源设备,火电设备,2020-12-31,2021-12-31
SZ002665,电力设备,其他电源设备,其他电源设备,2021-12-31,2024-08-30
SZ002666,基础化工,化学制品,其他化学制品,2020-12-31,
SZ002667,机械设备,专用设备,能源及重型设备,2020-12-31,
SZ002668,家用电器,白色家电,冰箱,2020-12-31,2021-12-31
SZ002668,家用电器,白色家电,冰洗,2021-12-31,
SZ002669,基础化工,化学制品,其他化学制品,2020-12-31,2021-12-31
SZ002669,基础化工,化学制品,胶黏剂及胶带,2021-12-31,
SZ002670,非银金融,证券,证券,2020-12-31,
SZ002671,建筑材料,装修建材,管材,2020-12-31,2021-12-31
SZ002671,建筑材料,水泥,水泥制品,2021-12-31,
SZ002672,公用事业,环保工程及服务,环保工程及服务,2020-12-31,2021-12-31
SZ002672,环保,环境治理,固废治理,2021-12-31,
SZ002673,非银金融,证券,证券,2020-12-31,
SZ002674,纺织服饰,纺织制造,辅料,2020-12-31,
SZ002675,医药生物,化学制药,化学制剂,2020-12-31,
SZ002676,家用电器,白色家电,家电零部件,2020-12-31,2021-12-31
SZ002676,家用电器,家电零部件,家电零部件,2021-12-31,
SZ002677,家用电器,白色家电,小家电,2020-12-31,2021-12-31
SZ002677,家用电器,厨卫电器,厨房电器,2021-12-31,
SZ002678,轻工制造,家居用品,文娱用品,2020-12-31,2021-12-31
SZ002678,轻工制造,文娱用品,娱乐用品,2021-12-31,
SZ002679,农林牧渔,林业,林业,2020-12-31,
SZ002681,电子,消费电子,电子零部件制造,2020-12-31,2021-12-31
SZ002681,电子,消费电子,消费电子零部件及组装,2021-12-31,
SZ002682,交通运输,物流,物流,2020-12-31,2021-12-31
SZ002682,交通运输,物流,公路货运,2021-12-31,
SZ002683,基础化工,化学制品,民爆制品,2020-12-31,
SZ002684,汽车,汽车零部件,汽车零部件,2020-12-31,2021-12-31
SZ002684,汽车,汽车服务,汽车综合服务,2021-12-31,2022-06-30
SZ002685,机械设备,通用设备,机床工具,2020-12-31,2024-07-31
SZ002685,机械设备,工程机械,工程机械整机,2024-07-31,
SZ002686,机械设备,通用设备,其他通用设备,2020-12-31,2021-12-31
SZ002686,机械设备,通用设备,制冷空调设备,2021-12-31,
SZ002687,纺织服饰,服装家纺,男装,2020-12-31,2021-12-31
SZ002687,纺织服饰,服装家纺,非运动服装,2021-12-31,
SZ002688,农林牧渔,动物保健,动物保健,2020-12-31,
SZ002689,机械设备,专用设备,楼宇设备,2020-12-31,
SZ002690,机械设备,专用设备,其他专用设备,2020-12-31,
SZ002691,机械设备,专用设备,能源及重型设备,2020-12-31,
SZ002692,电力设备,高低压设备,线缆部件及其他,2020-12-31,2021-12-31
SZ002692,电力设备,电网设备,线缆部件及其他,2021-12-31,
SZ002693,医药生物,生物制品,生物制品,2020-12-31,2021-12-31
SZ002693,医药生物,生物制品,其他生物制品,2021-12-31,2022-07-29
SZ002693,医药生物,化学制药,化学制剂,2022-07-29,
SZ002694,建筑材料,装修建材,管材,2020-12-31,
SZ002695,食品饮料,食品加工,肉制品,2020-12-31,2021-12-31
SZ002695,食品饮料,休闲食品,熟食,2021-12-31,
SZ002696,农林牧渔,渔业,水产养殖,2020-12-31,2022-07-29
SZ002696,农林牧渔,饲料,水产饲料,2022-07-29,
SZ002697,商贸零售,一般零售,超市,2020-12-31,
SZ002698,机械设备,专用设备,能源及重型设备,2020-12-31,2021-12-31
SZ002698,机械设备,自动化设备,机器人,2021-12-31,
SZ002699,传媒,文化传媒,影视动漫,2020-12-31,2021-12-31
SZ002699,传媒,影视院线,影视动漫制作,2021-12-31,2024-06-28
SZ002700,公用事业,燃气,燃气,2020-12-31,
SZ002701,轻工制造,包装印刷,包装印刷,2020-12-31,2021-12-31
SZ002701,轻工制造,包装印刷,金属包装,2021-12-31,
SZ002702,食品饮料,食品加工,食品综合,2020-12-31,2021-12-31
SZ002702,食品饮料,食品加工,预加工食品,2021-12-31,
SZ002703,汽车,汽车零部件,汽车零部件,2020-12-31,2021-12-31
SZ002703,汽车,汽车零部件,底盘与发动机系统,2021-12-31,
SZ002705,家用电器,白色家电,小家电,2020-12-31,2021-12-31
SZ002705,家用电器,小家电,厨房小家电,2021-12-31,
SZ002706,电力设备,高低压设备,低压设备,2020-12-31,2021-12-31
SZ002706,电力设备,电网设备,配电设备,2021-12-31,
SZ002707,社会服务,旅游综合,旅游综合,2020-12-31,2021-12-31
SZ002707,社会服务,旅游及景区,旅游综合,2021-12-31,
SZ002708,汽车,汽车零部件,汽车零部件,2020-12-31,2021-12-31
SZ002708,汽车,汽车零部件,底盘与发动机系统,2021-12-31,
SZ002709,基础化工,化学制品,其他化学制品,2020-12-31,2021-12-31
SZ002709,电力设备,电池,电池化学品,2021-12-31,
SZ002711,交通运输,物流,物流,2020-12-31,2021-07-30
SZ002712,传媒,营销传播,营销服务,2020-12-31,2021-12-31
SZ002712,传媒,广告营销,营销代理,2021-12-31,
SZ002713,建筑装饰,装修装饰,装修装饰,2020-12-31,
SZ002714,农林牧渔,养殖业,畜禽养殖,2020-12-31,2021-12-31
SZ002714,农林牧渔,养殖业,生猪养殖,2021-12-31,
SZ002715,汽车,汽车零部件,汽车零部件,2020-12-31,2021-12-31
SZ002715,汽车,汽车零部件,底盘与发动机系统,2021-12-31,
SZ002716,有色金属,小金属,其他小金属,2020-12-31,2021-12-31
SZ002716,有色金属,贵金属,白银,2021-12-31,
SZ002717,建筑装饰,园林工程,园林工程,2020-12-31,2021-12-31
SZ002717,建筑装饰,基础建设,园林工程,2021-12-31,
SZ002718,建筑材料,装修建材,其他建材,2020-12-31,
SZ002719,食品饮料,食品加工,食品综合,2020-12-31,2021-12-31
SZ002719,食品饮料,饮料乳品,乳品,2021-12-31,2024-07-31
SZ002719,食品饮料,休闲食品,烘焙食品,2024-07-31,
SZ002721,轻工制造,家居用品,珠宝首饰,2020-12-31,2021-12-31
SZ002721,纺织服饰,饰品,钟表珠宝,2021-12-31,
SZ002722,机械设备,专用设备,纺织服装设备,2020-12-31,2021-12-31
SZ002722,纺织服饰,纺织制造,其他纺织,2021-12-31,2024-07-31
SZ002722,机械设备,专用设备,纺织服装设备,2024-07-31,
SZ002723,家用电器,白色家电,小家电,2020-12-31,2021-12-31
SZ002723,家用电器,照明设备,照明设备,2021-12-31,
SZ002724,电子,其他电子,其他电子,2020-12-31,2024-07-31
SZ002724,家用电器,照明设备,照明设备,2024-07-31,
SZ002725,汽车,汽车零部件,汽车零部件,2020-12-31,2021-12-31
SZ002725,汽车,汽车零部件,轮胎轮毂,2021-12-31,
SZ002726,食品饮料,食品加工,肉制品,2020-12-31,
SZ002727,医药生物,医药商业,医药商业,2020-12-31,2021-12-31
SZ002727,医药生物,医药商业,线下药店,2021-12-31,
SZ002728,医药生物,中药,中药,2020-12-31,
SZ002729,电子,其他电子,其他电子,2020-12-31,
SZ002730,机械设备,专用设备,能源及重型设备,2020-12-31,
SZ002731,轻工制造,家居用品,珠宝首饰,2020-12-31,2021-12-31
SZ002731,纺织服饰,饰品,钟表珠宝,2021-12-31,
SZ002732,食品饮料,食品加工,乳品,2020-12-31,2021-12-31
SZ002732,食品饮料,饮料乳品,乳品,2021-12-31,
SZ002733,电力设备,其他电源设备,储能设备,2020-12-31,2021-12-31
SZ002733,电力设备,电池,蓄电池及其他电池,2021-12-31,
SZ002734,基础化工,化学制品,农药,2020-12-31,2021-12-31
SZ002734,基础化工,农化制品,农药,2021-12-31,
SZ002735,轻工制造,包装印刷,包装印刷,2020-12-31,2021-12-31
SZ002735,轻工制造,包装印刷,塑料包装,2021-12-31,
SZ002736,非银金融,证券,证券,2020-12-31,
SZ002737,医药生物,中药,中药,2020-12-31,
SZ002738,有色金属,小金属,锂,2020-12-31,2021-12-31
SZ002738,有色金属,小金属,其他小金属,2021-12-31,
SZ002739,传媒,文化传媒,影视动漫,2020-12-31,2021-12-31
SZ002739,传媒,影视院线,院线,2021-12-31,
SZ002740,轻工制造,家居用品,珠宝首饰,2020-12-31,2021-12-31
SZ002740,纺织服饰,饰品,钟表珠宝,2021-12-31,2024-03-29
SZ002741,基础化工,化学制品,其他化学制品,2020-12-31,2021-12-31
SZ002741,电子,电子化学品,电子化学品,2021-12-31,
SZ002742,建筑材料,装修建材,其他建材,2020-12-31,2021-12-31
SZ002742,建筑材料,水泥,水泥制品,2021-12-31,2022-07-29
SZ002742,医药生物,化学制药,化学制剂,2022-07-29,
SZ002743,建筑装饰,专业工程,钢结构,2020-12-31,
SZ002745,电子,光学光电子,LED,2020-12-31,
SZ002746,农林牧渔,养殖业,畜禽养殖,2020-12-31,2021-12-31
SZ002746,农林牧渔,养殖业,肉鸡养殖,2021-12-31,
SZ002747,机械设备,通用设备,其他通用设备,2020-12-31,2021-12-31
SZ002747,机械设备,自动化设备,机器人,2021-12-31,
SZ002748,基础化工,化学制品,其他化学制品,2020-12-31,2021-12-31
SZ002748,基础化工,化学原料,氯碱,2021-12-31,
SZ002749,基础化工,化学制品,农药,2020-12-31,2021-12-31
SZ002749,基础化工,农化制品,农药,2021-12-31,
SZ002750,医药生物,中药,中药,2020-12-31,2025-06-30
SZ002751,轻工制造,其他轻工制造,其他轻工制造,2020-12-31,2021-12-31
SZ002751,社会服务,专业服务,会展服务,2021-12-31,2023-07-31
SZ002752,轻工制造,包装印刷,包装印刷,2020-12-31,2021-12-31
SZ002752,轻工制造,包装印刷,金属包装,2021-12-31,
SZ002753,基础化工,橡胶,炭黑,2020-12-31,
SZ002755,医药生物,化学制药,化学制剂,2020-12-31,
SZ002756,钢铁,钢铁,特钢,2020-12-31,2021-12-31
SZ002756,钢铁,特钢,特钢,2021-12-31,2022-07-29
SZ002756,有色金属,能源金属,锂,2022-07-29,
SZ002757,机械设备,专用设备,其他专用设备,2020-12-31,
SZ002758,医药生物,医药商业,医药商业,2020-12-31,2021-12-31
SZ002758,医药生物,医药商业,医药流通,2021-12-31,2022-07-29
SZ002758,汽车,汽车服务,汽车经销商,2022-07-29,2023-07-31
SZ002758,综合,综合,综合,2023-07-31,2025-12-31
SZ002758,基础化工,农化制品,复合肥,2025-12-31,
SZ002759,家用电器,白色家电,小家电,2020-12-31,2021-12-31
SZ002759,电力设备,电池,电池化学品,2021-12-31,
SZ002760,机械设备,通用设备,磨具磨料,2020-12-31,
SZ002761,建筑装饰,房屋建设,房屋建设,2020-12-31,
SZ002762,纺织服饰,服装家纺,其他服装,2020-12-31,2021-12-31
SZ002762,纺织服饰,服装家纺,非运动服装,2021-12-31,
SZ002763,纺织服饰,服装家纺,其他服装,2020-12-31,2021-12-31
SZ002763,纺织服饰,服装家纺,鞋帽及其他,2021-12-31,2024-07-31
SZ002763,纺织服饰,服装家纺,非运动服装,2024-07-31,
SZ002765,汽车,汽车零部件,汽车零部件,2020-12-31,2021-12-31
SZ002765,电子,光学光电子,面板,2021-12-31,2025-08-29
SZ002765,汽车,汽车零部件,其他汽车零部件,2025-08-29,
SZ002766,计算机,计算机应用,IT服务,2020-12-31,2021-12-31
SZ002766,汽车,汽车零部件,汽车电子电气系统,2021-12-31,
SZ002767,电力设备,电气自动化设备,电工仪器仪表,2020-12-31,2021-12-31
SZ002767,机械设备,通用设备,仪器仪表,2021-12-31,
SZ002768,基础化工,塑料,改性塑料,2020-12-31,
SZ002769,交通运输,物流,物流,2020-12-31,2021-12-31
SZ002769,交通运输,物流,中间产品及消费品供应链服务,2021-12-31,
SZ002770,食品饮料,食品加工,乳品,2020-12-31,2021-12-31
SZ002770,食品饮料,饮料乳品,乳品,2021-12-31,2022-06-30
SZ002771,计算机,计算机应用,IT服务,2020-12-31,2021-12-31
SZ002771,计算机,IT服务,IT服务,2021-12-31,
SZ002772,农林牧渔,种植业,粮食种植,2020-12-31,2021-12-31
SZ002772,农林牧渔,种植业,食用菌,2021-12-31,
SZ002773,医药生物,化学制药,化学制剂,2020-12-31,2024-07-31
SZ002773,医药生物,生物制品,其他生物制品,2024-07-31,
SZ002774,机械设备,专用设备,楼宇设备,2020-12-31,
SZ002775,建筑装饰,园林工程,园林工程,2020-12-31,2021-12-31
SZ002775,建筑装饰,基础建设,园林工程,2021-12-31,
SZ002776,纺织服饰,服装家纺,休闲服装,2020-12-31,2021-12-31
SZ002776,纺织服饰,服装家纺,非运动服装,2021-12-31,2024-01-31
SZ002777,计算机,计算机应用,IT服务,2020-12-31,2021-12-31
SZ002777,计算机,IT服务,IT服务,2021-12-31,
SZ002778,基础化工,石油化工,石油加工,2020-12-31,2021-12-31
SZ002778,石油石化,炼化及贸易,其他石化,2021-12-31,2022-07-29
SZ002778,环保,环境治理,综合环境治理,2022-07-29,2024-07-31
SZ002778,环保,环境治理,水务及水治理,2024-07-31,
SZ002779,机械设备,专用设备,其他专用设备,2020-12-31,
SZ002780,纺织服饰,服装家纺,其他服装,2020-12-31,2021-12-31
SZ002780,纺织服饰,服装家纺,运动服装,2021-12-31,
SZ002781,建筑装饰,装修装饰,装修装饰,2020-12-31,2023-07-31
SZ002782,电子,消费电子,电子零部件制造,2020-12-31,2021-12-31
SZ002782,电子,消费电子,消费电子零部件及组装,2021-12-31,2022-07-29
SZ002782,电子,其他电子,其他电子,2022-07-29,
SZ002783,基础化工,化学制品,民爆制品,2020-12-31,
SZ002785,建筑材料,装修建材,其他建材,2020-12-31,
SZ002786,机械设备,专用设备,其他专用设备,2020-12-31,
SZ002787,轻工制造,包装印刷,包装印刷,2020-12-31,2021-12-31
SZ002787,轻工制造,包装印刷,金属包装,2021-12-31,
SZ002788,医药生物,医药商业,医药商业,2020-12-31,2021-12-31
SZ002788,医药生物,医药商业,医药流通,2021-12-31,
SZ002789,建筑装饰,装修装饰,装修装饰,2020-12-31,
SZ002790,轻工制造,家居用品,其他家用轻工,2020-12-31,2021-12-31
SZ002790,轻工制造,家居用品,卫浴制品,2021-12-31,
SZ002791,建筑材料,装修建材,其他建材,2020-12-31,
SZ002792,通信,通信设备,通信传输设备,2020-12-31,2021-12-31
SZ002792,通信,通信设备,通信网络设备及器件,2021-12-31,
SZ002793,医药生物,化学制药,化学制剂,2020-12-31,
SZ002795,机械设备,通用设备,机械基础件,2020-12-31,2021-12-31
SZ002795,机械设备,通用设备,金属制品,2021-12-31,
SZ002796,机械设备,专用设备,楼宇设备,2020-12-31,2022-07-29
SZ002796,通信,通信设备,通信网络设备及器件,2022-07-29,
SZ002797,非银金融,证券,证券,2020-12-31,
SZ002798,建筑材料,装修建材,其他建材,2020-12-31,2021-12-31
SZ002798,轻工制造,家居用品,瓷砖地板,2021-12-31,
SZ002799,轻工制造,包装印刷,包装印刷,2020-12-31,2021-12-31
SZ002799,轻工制造,包装印刷,纸包装,2021-12-31,
SZ002800,交通运输,物流,物流,2020-12-31,2021-12-31
SZ002800,交通运输,物流,公路货运,2021-12-31,2026-07-31
SZ002800,交通运输,物流,跨境物流,2026-07-31,
SZ002801,电力设备,电机,电机,2020-12-31,
SZ002802,基础化工,化学制品,其他化学制品,2020-12-31,
SZ002803,轻工制造,包装印刷,包装印刷,2020-12-31,2021-12-31
SZ002803,商贸零售,互联网电商,跨境电商,2021-12-31,
SZ002805,基础化工,化学原料,其他化学原料,2020-12-31,2022-07-29
SZ002805,电力设备,电池,电池化学品,2022-07-29,
SZ002806,有色金属,工业金属,铝,2020-12-31,2023-07-31
SZ002806,汽车,汽车零部件,底盘与发动机系统,2023-07-31,
SZ002807,银行,银行,银行,2020-12-31,2021-12-31
SZ002807,银行,农商行,农商行,2021-12-31,
SZ002808,电子,光学光电子,光学元件,2020-12-31,2026-07-31
SZ002809,基础化工,化学制品,其他化学制品,2020-12-31,
SZ002810,基础化工,化学制品,其他化学制品,2020-12-31,
SZ002811,建筑装饰,装修装饰,装修装饰,2020-12-31,
SZ002812,基础化工,化学制品,其他化学制品,2020-12-31,2021-12-31
SZ002812,电力设备,电池,电池化学品,2021-12-31,
SZ002813,汽车,汽车零部件,汽车零部件,2020-12-31,2021-12-31
SZ002813,汽车,汽车零部件,汽车电子电气系统,2021-12-31,
SZ002815,电子,元件,印制电路板,2020-12-31,
SZ002816,机械设备,专用设备,其他专用设备,2020-12-31,
SZ002817,医药生物,中药,中药,2020-12-31,2021-12-31
SZ002817,医药生物,医疗器械,医疗耗材,2021-12-31,2022-07-29
SZ002817,医药生物,化学制药,原料药,2022-07-29,
SZ002818,商贸零售,商业物业经营,专业市场,2020-12-31,2021-12-31
SZ002818,商贸零售,一般零售,商业物业经营,2021-12-31,
SZ002819,机械设备,仪器仪表,仪器仪表,2020-12-31,2021-12-31
SZ002819,机械设备,通用设备,仪器仪表,2021-12-31,
SZ002820,食品饮料,食品加工,食品综合,2020-12-31,2021-12-31
SZ002820,食品饮料,休闲食品,烘焙食品,2021-12-31,
SZ002821,医药生物,化学制药,原料药,2020-12-31,2021-12-31
SZ002821,医药生物,医疗服务,医疗研发外包,2021-12-31,
SZ002822,建筑装饰,装修装饰,装修装饰,2020-12-31,
SZ002823,电力设备,电机,电机,2020-12-31,
SZ002824,有色金属,工业金属,铝,2020-12-31,
SZ002825,基础化工,塑料,其他塑料制品,2020-12-31,
SZ002826,医药生物,中药,中药,2020-12-31,2021-12-31
SZ002826,医药生物,化学制药,化学制剂,2021-12-31,
SZ002827,基础化工,化学制品,民爆制品,2020-12-31,
SZ002828,煤炭,采掘服务,油气钻采服务,2020-12-31,2021-12-31
SZ002828,石油石化,油服工程,油田服务,2021-12-31,
SZ002829,国防军工,航天装备,航天装备,2020-12-31,
SZ002830,建筑装饰,装修装饰,装修装饰,2020-12-31,
SZ002831,轻工制造,包装印刷,包装印刷,2020-12-31,2021-12-31
SZ002831,轻工制造,包装印刷,纸包装,2021-12-31,
SZ002832,纺织服饰,服装家纺,其他服装,2020-12-31,2021-12-31
SZ002832,纺织服饰,服装家纺,非运动服装,2021-12-31,
SZ002833,机械设备,专用设备,其他专用设备,2020-12-31,
SZ002835,计算机,计算机设备,计算机设备,2020-12-31,2021-12-31
SZ002835,计算机,计算机设备,安防设备,2021-12-31,
SZ002836,轻工制造,包装印刷,包装印刷,2020-12-31,2021-12-31
SZ002836,轻工制造,包装印刷,纸包装,2021-12-31,
SZ002837,机械设备,专用设备,其他专用设备,2020-12-31,
SZ002838,基础化工,塑料,改性塑料,2020-12-31,
SZ002839,银行,银行,银行,2020-12-31,2021-12-31
SZ002839,银行,农商行,农商行,2021-12-31,
SZ002840,食品饮料,食品加工,肉制品,2020-12-31,
SZ002841,电子,光学光电子,面板,2020-12-31,2021-12-31
SZ002841,社会服务,教育,教育运营及其他,2021-12-31,2022-07-29
SZ002841,电子,消费电子,品牌消费电子,2022-07-29,
SZ002842,有色金属,小金属,钨,2020-12-31,
SZ002843,机械设备,金属制品,金属制品,2020-12-31,2021-12-31
SZ002843,机械设备,通用设备,金属制品,2021-12-31,
SZ002845,电子,光学光电子,面板,2020-12-31,
SZ002846,轻工制造,包装印刷,包装印刷,2020-12-31,2021-12-31
SZ002846,轻工制造,包装印刷,金属包装,2021-12-31,
SZ002847,食品饮料,食品加工,食品综合,2020-12-31,2021-12-31
SZ002847,食品饮料,休闲食品,零食,2021-12-31,
SZ002848,家用电器,黑色家电,其他黑色家电,2020-12-31,2024-07-31
SZ002848,家用电器,黑色家电,彩电,2024-07-31,
SZ002849,机械设备,仪器仪表,仪器仪表,2020-12-31,2021-12-31
SZ002849,机械设备,通用设备,仪器仪表,2021-12-31,
SZ002850,电子,消费电子,电子零部件制造,2020-12-31,2021-02-26
SZ002850,电力设备,其他电源设备,储能设备,2021-02-26,2021-12-31
SZ002850,电力设备,电池,锂电池,2021-12-31,
SZ002851,电力设备,其他电源设备,其他电源设备,2020-12-31,
SZ002852,农林牧渔,农产品加工,粮油加工,2020-12-31,
SZ002853,轻工制造,家居用品,家具,2020-12-31,2021-12-31
SZ002853,轻工制造,家居用品,定制家居,2021-12-31,
SZ002855,电子,消费电子,电子零部件制造,2020-12-31,2021-12-31
SZ002855,电子,消费电子,消费电子零部件及组装,2021-12-31,
SZ002856,建筑装饰,装修装饰,装修装饰,2020-12-31,
SZ002857,机械设备,仪器仪表,仪器仪表,2020-12-31,2021-12-31
SZ002857,电力设备,电网设备,电工仪器仪表,2021-12-31,
SZ002858,传媒,文化传媒,其他文化传媒,2020-12-31,2021-12-31
SZ002858,社会服务,体育,体育,2021-12-31,
SZ002859,电子,消费电子,电子零部件制造,2020-12-31,2021-12-31
SZ002859,电子,其他电子,其他电子,2021-12-31,
SZ002860,家用电器,白色家电,家电零部件,2020-12-31,2021-12-31
SZ002860,家用电器,家电零部件,家电零部件,2021-12-31,
SZ002861,电子,消费电子,电子零部件制造,2020-12-31,2021-12-31
SZ002861,电子,消费电子,消费电子零部件及组装,2021-12-31,
SZ002862,轻工制造,家居用品,文娱用品,2020-12-31,2021-12-31
SZ002862,轻工制造,文娱用品,娱乐用品,2021-12-31,
SZ002863,汽车,汽车零部件,汽车零部件,2020-12-31,2021-12-31
SZ002863,汽车,汽车零部件,轮胎轮毂,2021-12-31,
SZ002864,医药生物,中药,中药,2020-12-31,
SZ002865,汽车,汽车零部件,汽车零部件,2020-12-31,2021-12-31
SZ002865,汽车,汽车零部件,车身附件及饰件,2021-12-31,2022-07-29
SZ002865,电力设备,光伏设备,光伏电池组件,2022-07-29,
SZ002866,电子,消费电子,电子零部件制造,2020-12-31,2021-12-31
SZ002866,电子,消费电子,消费电子零部件及组装,2021-12-31,
SZ002867,轻工制造,家居用品,珠宝首饰,2020-12-31,2021-12-31
SZ002867,纺织服饰,饰品,钟表珠宝,2021-12-31,
SZ002868,农林牧渔,动物保健,动物保健,2020-12-31,
SZ002869,电子,其他电子,其他电子,2020-12-31,2024-07-31
SZ002869,计算机,计算机设备,其他计算机设备,2024-07-31,
SZ002870,机械设备,仪器仪表,仪器仪表,2020-12-31,2021-04-30
SZ002870,汽车,汽车零部件,汽车零部件,2021-04-30,2021-12-31
SZ002870,机械设备,通用设备,仪器仪表,2021-12-31,2022-07-29
SZ002870,汽车,汽车零部件,汽车电子电气系统,2022-07-29,
SZ002871,机械设备,通用设备,机械基础件,2020-12-31,2021-12-31
SZ002871,机械设备,通用设备,金属制品,2021-12-31,
SZ002872,医药生物,医药商业,医药商业,2020-12-31,2021-12-31
SZ002872,医药生物,医药商业,医药流通,2021-12-31,2022-07-29
SZ002872,医药生物,化学制药,化学制剂,2022-07-29,
SZ002873,医药生物,中药,中药,2020-12-31,
SZ002875,纺织服饰,服装家纺,其他服装,2020-12-31,2021-12-31
SZ002875,纺织服饰,服装家纺,非运动服装,2021-12-31,
SZ002876,电子,光学光电子,面板,2020-12-31,
SZ002877,机械设备,通用设备,机械基础件,2020-12-31,2021-12-31
SZ002877,机械设备,通用设备,金属制品,2021-12-31,
SZ002878,传媒,营销传播,营销服务,2020-12-31,2021-12-31
SZ002878,社会服务,专业服务,会展服务,2021-12-31,2022-07-29
SZ002878,传媒,广告营销,营销代理,2022-07-29,
SZ002879,电力设备,高低压设备,线缆部件及其他,2020-12-31,2021-12-31
SZ002879,电力设备,电网设备,线缆部件及其他,2021-12-31,
SZ002880,医药生物,生物制品,生物制品,2020-12-31,2021-12-31
SZ002880,医药生物,生物制品,血液制品,2021-12-31,
SZ002881,电子,消费电子,电子零部件制造,2020-12-31,2021-12-31
SZ002881,电子,消费电子,消费电子零部件及组装,2021-12-31,2024-07-31
SZ002881,通信,通信设备,通信终端及配件,2024-07-31,
SZ002882,电力设备,高低压设备,线缆部件及其他,2020-12-31,2021-12-31
SZ002882,电力设备,电网设备,线缆部件及其他,2021-12-31,
SZ002883,建筑装饰,基础建设,路桥施工,2020-12-31,2021-12-31
SZ002883,建筑装饰,工程咨询服务,工程咨询服务,2021-12-31,
SZ002884,机械设备,通用设备,其他通用设备,2020-12-31,
SZ002885,电子,消费电子,电子零部件制造,2020-12-31,2021-12-31
SZ002885,电子,消费电子,消费电子零部件及组装,2021-12-31,2022-07-29
SZ002885,电子,其他电子,其他电子,2022-07-29,
SZ002886,基础化工,塑料,改性塑料,2020-12-31,
SZ002887,公用事业,环保工程及服务,环保工程及服务,2020-12-31,2021-12-31
SZ002887,环保,环境治理,综合环境治理,2021-12-31,
SZ002888,电子,消费电子,电子系统组装,2020-12-31,2021-12-31
SZ002888,电子,消费电子,品牌消费电子,2021-12-31,
SZ002889,交通运输,物流,物流,2020-12-31,2021-12-31
SZ002889,交通运输,物流,中间产品及消费品供应链服务,2021-12-31,
SZ002890,机械设备,专用设备,农用机械,2020-12-31,
SZ002891,农林牧渔,饲料,饲料,2020-12-31,2021-12-31
SZ002891,农林牧渔,饲料,宠物食品,2021-12-31,
SZ002892,电力设备,电机,电机,2020-12-31,
SZ002893,公用事业,电力,热力服务,2020-12-31,
SZ002895,基础化工,化学制品,磷化工及磷酸盐,2020-12-31,2021-12-31
SZ002895,基础化工,农化制品,磷肥及磷化工,2021-12-31,
SZ002896,机械设备,通用设备,机械基础件,2020-12-31,2021-12-31
SZ002896,机械设备,通用设备,金属制品,2021-12-31,
SZ002897,通信,通信设备,通信传输设备,2020-12-31,2021-12-31
SZ002897,通信,通信设备,通信网络设备及器件,2021-12-31,
SZ002898,医药生物,化学制药,化学制剂,2020-12-31,2026-07-31
SZ002899,轻工制造,家居用品,文娱用品,2020-12-31,2021-12-31
SZ002899,轻工制造,文娱用品,娱乐用品,2021-12-31,
SZ002900,医药生物,化学制药,化学制剂,2020-12-31,
SZ002901,医药生物,医疗器械,医疗器械,2020-12-31,2021-12-31
SZ002901,医药生物,医疗器械,医疗耗材,2021-12-31,
SZ002902,通信,通信设备,通信传输设备,2020-12-31,2021-12-31
SZ002902,通信,通信设备,通信网络设备及器件,2021-12-31,
SZ002903,机械设备,通用设备,机床工具,2020-12-31,
SZ002905,传媒,文化传媒,影视动漫,2020-12-31,2021-12-31
SZ002905,传媒,影视院线,院线,2021-12-31,
SZ002906,汽车,汽车零部件,汽车零部件,2020-12-31,2021-12-31
SZ002906,汽车,汽车零部件,汽车电子电气系统,2021-12-31,
SZ002907,医药生物,中药,中药,2020-12-31,
SZ002908,通信,通信设备,终端设备,2020-12-31,2021-12-31
SZ002908,通信,通信设备,通信终端及配件,2021-12-31,2023-05-31
SZ002908,计算机,IT服务,IT服务,2023-05-31,
SZ002909,基础化工,化学制品,其他化学制品,2020-12-31,2021-12-31
SZ002909,基础化工,化学制品,有机硅,2021-12-31,
SZ002910,食品饮料,食品加工,乳品,2020-12-31,2021-12-31
SZ002910,食品饮料,饮料乳品,乳品,2021-12-31,
SZ002911,公用事业,燃气,燃气,2020-12-31,
SZ002912,计算机,计算机设备,计算机设备,2020-12-31,2021-12-31
SZ002912,计算机,计算机设备,其他计算机设备,2021-12-31,
SZ002913,电子,元件,印制电路板,2020-12-31,
SZ002915,基础化工,化学制品,氟化工,2020-12-31,
SZ002916,电子,元件,印制电路板,2020-12-31,
SZ002917,基础化工,化学制品,民爆制品,2020-12-31,
SZ002918,建筑材料,装修建材,其他建材,2020-12-31,2021-12-31
SZ002918,轻工制造,家居用品,瓷砖地板,2021-12-31,
SZ002919,基础化工,化学制品,日用化学产品,2020-12-31,2021-12-31
SZ002919,美容护理,个护用品,洗护用品,2021-12-31,2023-09-28
SZ002919,传媒,游戏,游戏,2023-09-28,
SZ002920,计算机,计算机应用,软件开发,2020-12-31,2021-12-31
SZ002920,计算机,软件开发,垂直应用软件,2021-12-31,
SZ002921,汽车,汽车零部件,汽车零部件,2020-12-31,2021-12-31
SZ002921,汽车,汽车零部件,其他汽车零部件,2021-12-31,
SZ002922,电子,消费电子,电子零部件制造,2020-12-31,2021-12-31
SZ002922,电子,其他电子,其他电子,2021-12-31,
SZ002923,医药生物,化学制药,化学制剂,2020-12-31,
SZ002925,电子,消费电子,电子零部件制造,2020-12-31,2021-12-31
SZ002925,电子,消费电子,消费电子零部件及组装,2021-12-31,
SZ002926,非银金融,证券,证券,2020-12-31,
SZ002927,电力设备,高低压设备,低压设备,2020-12-31,2021-12-31
SZ002927,电力设备,电网设备,配电设备,2021-12-31,
SZ002928,交通运输,航空运输,航空运输,2020-12-31,2021-12-31
SZ002928,交通运输,航空机场,航空运输,2021-12-31,
SZ002929,通信,通信设备,通信配套服务,2020-12-31,2021-12-31
SZ002929,通信,通信服务,通信工程及服务,2021-12-31,
SZ002930,交通运输,物流,物流,2020-12-31,2021-12-31
SZ002930,交通运输,物流,仓储物流,2021-12-31,
SZ002931,机械设备,通用设备,机械基础件,2020-12-31,2021-12-31
SZ002931,机械设备,通用设备,金属制品,2021-12-31,
SZ002932,医药生物,医疗器械,医疗器械,2020-12-31,2021-12-31
SZ002932,医药生物,医疗器械,体外诊断,2021-12-31,
SZ002933,国防军工,航空装备,航空装备,2020-12-31,
SZ002935,国防军工,航天装备,航天装备,2020-12-31,2021-12-31
SZ002935,国防军工,军工电子,军工电子,2021-12-31,
SZ002936,银行,银行,银行,2020-12-31,2021-12-31
SZ002936,银行,城商行,城商行,2021-12-31,
SZ002937,电子,消费电子,电子零部件制造,2020-12-31,2021-12-31
SZ002937,电子,消费电子,消费电子零部件及组装,2021-12-31,2024-07-31
SZ002937,汽车,汽车零部件,汽车电子电气系统,2024-07-31,
SZ002938,电子,元件,印制电路板,2020-12-31,
SZ002939,非银金融,证券,证券,2020-12-31,
SZ002940,医药生物,化学制药,化学制剂,2020-12-31,
SZ002941,建筑装饰,基础建设,路桥施工,2020-12-31,2021-12-31
SZ002941,建筑装饰,基础建设,基建市政工程,2021-12-31,
SZ002942,基础化工,化学制品,农药,2020-12-31,2021-12-31
SZ002942,基础化工,农化制品,农药,2021-12-31,
SZ002943,机械设备,通用设备,机床工具,2020-12-31,
SZ002945,非银金融,证券,证券,2020-12-31,
SZ002946,食品饮料,食品加工,乳品,2020-12-31,2021-12-31
SZ002946,食品饮料,饮料乳品,乳品,2021-12-31,
SZ002947,电子,消费电子,电子零部件制造,2020-12-31,2021-12-31
SZ002947,电子,消费电子,消费电子零部件及组装,2021-12-31,
SZ002948,银行,银行,银行,2020-12-31,2021-12-31
SZ002948,银行,城商行,城商行,2021-12-31,
SZ002949,建筑装饰,房屋建设,房屋建设,2020-12-31,2021-12-31
SZ002949,建筑装饰,工程咨询服务,工程咨询服务,2021-12-31,
SZ002950,医药生物,医疗器械,医疗器械,2020-12-31,2021-12-31
SZ002950,医药生物,医疗器械,医疗耗材,2021-12-31,
SZ002951,轻工制造,包装印刷,包装印刷,2020-12-31,2021-12-31
SZ002951,轻工制造,包装印刷,纸包装,2021-12-31,2025-08-29
SZ002951,电力设备,其他电源设备,其他电源设备,2025-08-29,
SZ002952,电子,光学光电子,面板,2020-12-31,
SZ002953,电力设备,高低压设备,线缆部件及其他,2020-12-31,2021-12-31
SZ002953,电力设备,电网设备,线缆部件及其他,2021-12-31,
SZ002955,电子,光学光电子,面板,2020-12-31,
SZ002956,食品饮料,食品加工,食品综合,2020-12-31,2021-12-31
SZ002956,食品饮料,休闲食品,烘焙食品,2021-12-31,
SZ002957,机械设备,专用设备,其他专用设备,2020-12-31,2021-12-31
SZ002957,机械设备,自动化设备,工控设备,2021-12-31,
SZ002958,银行,银行,银行,2020-12-31,2021-12-31
SZ002958,银行,农商行,农商行,2021-12-31,
SZ002959,家用电器,白色家电,小家电,2020-12-31,2021-12-31
SZ002959,家用电器,小家电,厨房小家电,2021-12-31,
SZ002960,机械设备,专用设备,楼宇设备,2020-12-31,
SZ002961,非银金融,多元金融,多元金融,2020-12-31,2021-12-31
SZ002961,非银金融,多元金融,期货,2021-12-31,
SZ002962,电子,光学光电子,光学元件,2020-12-31,
SZ002963,建筑装饰,装修装饰,装修装饰,2020-12-31,
SZ002965,机械设备,金属制品,金属制品,2020-12-31,2021-12-31
SZ002965,机械设备,通用设备,金属制品,2021-12-31,2022-07-29
SZ002965,汽车,汽车零部件,其他汽车零部件,2022-07-29,
SZ002966,银行,银行,银行,2020-12-31,2021-12-31
SZ002966,银行,城商行,城商行,2021-12-31,
SZ002967,综合,综合,综合,2020-12-31,2021-12-31
SZ002967,社会服务,专业服务,检测服务,2021-12-31,
SZ002968,房地产,房地产开发,住宅开发,2020-12-31,2021-12-31
SZ002968,房地产,房地产服务,物业管理,2021-12-31,
SZ002969,轻工制造,包装印刷,包装印刷,2020-12-31,2021-12-31
SZ002969,轻工制造,包装印刷,金属包装,2021-12-31,
SZ002970,电子,消费电子,电子系统组装,2020-12-31,2021-02-26
SZ002970,计算机,计算机设备,计算机设备,2021-02-26,2021-12-31
SZ002970,计算机,计算机设备,其他计算机设备,2021-12-31,
SZ002971,基础化工,化学制品,其他化学制品,2020-12-31,
SZ002972,机械设备,轨交设备,轨交设备,2020-12-31,
SZ002973,公用事业,环保工程及服务,环保工程及服务,2020-12-31,2021-12-31
SZ002973,环保,环境治理,固废治理,2021-12-31,
SZ002975,机械设备,专用设备,其他专用设备,2020-12-31,2021-12-31
SZ002975,机械设备,自动化设备,工控设备,2021-12-31,
SZ002976,电子,消费电子,电子零部件制造,2020-12-31,2021-12-31
SZ002976,电子,消费电子,消费电子零部件及组装,2021-12-31,2022-07-29
SZ002976,汽车,汽车零部件,其他汽车零部件,2022-07-29,
SZ002977,国防军工,航天装备,航天装备,2020-12-31,2021-12-31
SZ002977,国防军工,军工电子,军工电子,2021-12-31,
SZ002978,煤炭,其他采掘,其他采掘,2020-12-31,2021-12-31
SZ002978,有色金属,小金属,其他小金属,2021-12-31,
SZ002979,电力设备,电气自动化设备,工控自动化,2020-12-31,2021-12-31
SZ002979,机械设备,自动化设备,机器人,2021-12-31,
SZ002980,机械设备,仪器仪表,仪器仪表,2020-12-31,2021-12-31
SZ002980,电力设备,电网设备,电工仪器仪表,2021-12-31,
SZ002981,电子,消费电子,电子零部件制造,2020-12-31,2021-12-31
SZ002981,电子,消费电子,消费电子零部件及组装,2021-12-31,
SZ002982,农林牧渔,养殖业,畜禽养殖,2020-12-31,2021-12-31
SZ002982,农林牧渔,养殖业,肉鸡养殖,2021-12-31,
SZ002983,电子,光学光电子,LED,2020-12-31,
SZ002984,基础化工,橡胶,轮胎,2020-12-31,2021-12-31
SZ002984,汽车,汽车零部件,轮胎轮毂,2021-12-31,
SZ002985,国防军工,航空装备,航空装备,2020-12-31,
SZ002986,基础化工,石油化工,石油加工,2020-12-31,2021-12-31
SZ002986,石油石化,炼化及贸易,其他石化,2021-12-31,
SZ002987,计算机,计算机应用,软件开发,2020-12-31,2021-12-31
SZ002987,计算机,软件开发,垂直应用软件,2021-12-31,
SZ002988,有色金属,工业金属,铝,2020-12-31,
SZ002989,建筑装饰,装修装饰,装修装饰,2020-12-31,
SZ002990,计算机,计算机设备,计算机设备,2020-12-31,2021-12-31
SZ002990,计算机,计算机设备,其他计算机设备,2021-12-31,
SZ002991,食品饮料,食品加工,食品综合,2020-12-31,2021-12-31
SZ002991,食品饮料,休闲食品,零食,2021-12-31,
SZ002992,电子,光学光电子,面板,2020-12-31,2022-07-29
SZ002992,电子,光学光电子,LED,2022-07-29,
SZ002993,电子,消费电子,电子零部件制造,2020-12-31,2021-12-31
SZ002993,电子,消费电子,消费电子零部件及组装,2021-12-31,
SZ002995,传媒,营销传播,营销服务,2020-12-31,2021-12-31
SZ002995,传媒,广告营销,营销代理,2021-12-31,
SZ002996,有色金属,工业金属,铝,2020-12-31,
SZ002997,汽车,汽车零部件,汽车零部件,2020-12-31,2021-12-31
SZ002997,汽车,汽车零部件,其他汽车零部件,2021-12-31,
SZ002998,基础化工,化学纤维,涤纶,2020-12-31,
SZ002999,基础化工,化学制品,复合肥,2020-12-31,2021-12-31
SZ002999,基础化工,农化制品,复合肥,2021-12-31,
SZ003000,食品饮料,食品加工,食品综合,2020-12-31,2021-12-31
SZ003000,食品饮料,休闲食品,零食,2021-12-31,
SZ003001,建筑装饰,专业工程,其他专业工程,2020-12-31,
SZ003002,基础化工,化学制品,民爆制品,2020-12-31,
SZ003003,轻工制造,包装印刷,包装印刷,2020-12-31,2021-12-31
SZ003003,轻工制造,包装印刷,综合包装,2021-12-31,
SZ003004,计算机,计算机设备,计算机设备,2020-12-31,2021-12-31
SZ003004,计算机,计算机设备,安防设备,2021-12-31,
SZ003005,计算机,计算机应用,IT服务,2020-12-31,2021-12-31
SZ003005,计算机,IT服务,IT服务,2021-12-31,
SZ003006,轻工制造,造纸,造纸,2020-12-31,2021-12-31
SZ003006,美容护理,个护用品,生活用纸,2021-12-31,
SZ003007,计算机,计算机应用,软件开发,2020-12-31,2021-12-31
SZ003007,计算机,软件开发,垂直应用软件,2021-12-31,
SZ003008,综合,综合,综合,2020-12-31,2021-12-31
SZ003008,社会服务,专业服务,检测服务,2021-12-31,
SZ003009,国防军工,航天装备,航天装备,2020-12-31,
SZ003010,传媒,营销传播,营销服务,2020-12-31,2021-12-31
SZ003010,商贸零售,互联网电商,电商服务,2021-12-31,
SZ003011,轻工制造,家居用品,家具,2020-12-31,2021-12-31
SZ003011,轻工制造,家居用品,瓷砖地板,2021-12-31,
SZ003012,建筑材料,装修建材,其他建材,2020-12-31,2021-12-31
SZ003012,轻工制造,家居用品,瓷砖地板,2021-12-31,
SZ003013,建筑装饰,基础建设,城轨建设,2020-12-31,2021-12-31
SZ003013,建筑装饰,工程咨询服务,工程咨询服务,2021-12-31,
SZ003015,电子,光学光电子,光学元件,2020-12-31,
SZ003016,纺织服饰,服装家纺,女装,2020-12-31,2021-12-31
SZ003016,纺织服饰,服装家纺,非运动服装,2021-12-31,
SZ003017,基础化工,化学原料,无机盐,2020-12-31,
SZ003018,轻工制造,包装印刷,包装印刷,2020-12-31,2021-12-31
SZ003018,轻工制造,包装印刷,塑料包装,2021-12-31,
SZ003019,电子,光学光电子,面板,2020-12-31,
SZ003020,医药生物,化学制药,化学制剂,2020-12-31,
SZ003021,电力设备,电机,电机,2020-12-31,
SZ003022,基础化工,化学制品,其他化学制品,2020-12-31,2021-12-31
SZ003022,电力设备,光伏设备,光伏辅材,2021-12-31,
SZ003023,家用电器,白色家电,小家电,2020-12-31,2021-12-31
SZ003023,家用电器,小家电,厨房小家电,2021-12-31,2024-07-31
SZ003023,家用电器,小家电,个护小家电,2024-07-31,
SZ003025,机械设备,通用设备,机床工具,2020-12-31,
SZ003026,电子,半导体,半导体材料,2020-12-31,
SZ003027,公用事业,环保工程及服务,环保工程及服务,2020-12-31,2021-12-31
SZ003027,环保,环境治理,大气治理,2021-12-31,
SZ003028,电子,消费电子,电子零部件制造,2020-12-31,2021-12-31
SZ003028,电子,消费电子,消费电子零部件及组装,2021-12-31,2024-07-31
SZ003028,家用电器,家电零部件,家电零部件,2024-07-31,
SZ003029,计算机,计算机应用,软件开发,2020-12-31,2021-12-31
SZ003029,计算机,软件开发,垂直应用软件,2021-12-31,
SZ003030,食品饮料,食品加工,食品综合,2021-01-29,2021-12-31
SZ003030,农林牧渔,农产品加工,其他农产品加工,2021-12-31,
SZ003031,通信,通信设备,通信传输设备,2021-01-29,2021-12-31
SZ003031,通信,通信设备,通信终端及配件,2021-12-31,
SZ003032,传媒,文化传媒,其他文化传媒,2021-01-29,2021-12-31
SZ003032,社会服务,教育,培训教育,2021-12-31,
SZ003033,汽车,汽车零部件,汽车零部件,2021-01-29,2021-12-31
SZ003033,汽车,摩托车及其他,摩托车,2021-12-31,
SZ003035,公用事业,电力,新能源发电,2021-01-29,2021-12-31
SZ003035,公用事业,电力,电能综合服务,2021-12-31,
SZ003036,机械设备,专用设备,纺织服装设备,2021-01-29,
SZ003037,建筑材料,装修建材,管材,2021-02-26,2022-07-29
SZ003037,建筑材料,水泥,水泥制品,2022-07-29,
SZ003038,有色金属,工业金属,铝,2021-02-26,
SZ003039,公用事业,水务,水务,2021-03-31,2021-12-31
SZ003039,环保,环境治理,水务及水治理,2021-12-31,
SZ003040,通信,通信设备,终端设备,2021-03-31,2021-12-31
SZ003040,通信,通信设备,通信终端及配件,2021-12-31,
SZ003041,纺织服饰,服装家纺,家纺,2021-04-30,
SZ003042,基础化工,化学制品,农药,2021-04-30,2021-12-31
SZ003042,基础化工,农化制品,农药,2021-12-31,
SZ003043,机械设备,金属制品,金属制品,2021-04-30,2021-12-31
SZ003043,电子,半导体,半导体设备,2021-12-31,
SZ003816,公用事业,电力,新能源发电,2020-12-31,2021-12-31
SZ003816,公用事业,电力,核力发电,2021-12-31,
SZ300001,电力设备,高低压设备,中压设备,2020-12-31,2021-12-31
SZ300001,电力设备,电网设备,输变电设备,2021-12-31,
SZ300002,计算机,计算机应用,IT服务,2020-12-31,2021-12-31
SZ300002,传媒,游戏,游戏,2021-12-31,
SZ300003,医药生物,医疗器械,医疗器械,2020-12-31,2021-12-31
SZ300003,医药生物,医疗器械,医疗耗材,2021-12-31,
SZ300004,机械设备,专用设备,其他专用设备,2020-12-31,
SZ300005,纺织服饰,服装家纺,其他服装,2020-12-31,2021-12-31
SZ300005,纺织服饰,服装家纺,运动服装,2021-12-31,
SZ300006,医药生物,化学制药,化学制剂,2020-12-31,
SZ300007,机械设备,仪器仪表,仪器仪表,2020-12-31,2021-12-31
SZ300007,机械设备,通用设备,仪器仪表,2021-12-31,
SZ300008,国防军工,航海装备,航海装备,2020-12-31,
SZ300009,医药生物,生物制品,生物制品,2020-12-31,2021-12-31
SZ300009,医药生物,生物制品,其他生物制品,2021-12-31,
SZ300010,计算机,计算机应用,IT服务,2020-12-31,2021-12-31
SZ300010,社会服务,教育,培训教育,2021-12-31,2022-07-29
SZ300010,社会服务,教育,教育运营及其他,2022-07-29,
SZ300011,电力设备,其他电源设备,储能设备,2020-12-31,2021-12-31
SZ300011,机械设备,轨交设备,轨交设备,2021-12-31,
SZ300012,综合,综合,综合,2020-12-31,2021-12-31
SZ300012,社会服务,专业服务,检测服务,2021-12-31,
SZ300013,交通运输,物流,物流,2020-12-31,2021-12-31
SZ300013,交通运输,物流,中间产品及消费品供应链服务,2021-12-31,
SZ300014,电力设备,其他电源设备,储能设备,2020-12-31,2021-12-31
SZ300014,电力设备,电池,锂电池,2021-12-31,
SZ300015,医药生物,医疗服务,医疗服务,2020-12-31,2021-12-31
SZ300015,医药生物,医疗服务,医院,2021-12-31,
SZ300016,医药生物,化学制药,化学制剂,2020-12-31,
SZ300017,通信,通信设备,通信配套服务,2020-12-31,2021-12-31
SZ300017,计算机,IT服务,IT服务,2021-12-31,
SZ300018,电力设备,电气自动化设备,电网自动化设备,2020-12-31,2021-12-31
SZ300018,电力设备,电网设备,电网自动化设备,2021-12-31,
SZ300019,基础化工,化学制品,其他化学制品,2020-12-31,2021-12-31
SZ300019,基础化工,化学制品,有机硅,2021-12-31,
SZ300020,计算机,计算机应用,IT服务,2020-12-31,2021-12-31
SZ300020,计算机,IT服务,IT服务,2021-12-31,
SZ300021,农林牧渔,农业综合,农业综合,2020-12-31,
SZ300022,商贸零售,专业连锁,专业连锁,2020-12-31,
SZ300023,非银金融,多元金融,多元金融,2020-12-31,2021-12-31
SZ300023,非银金融,多元金融,金融控股,2021-12-31,2022-06-30
SZ300024,机械设备,通用设备,其他通用设备,2020-12-31,2021-12-31
SZ300024,机械设备,自动化设备,机器人,2021-12-31,
SZ300025,通信,通信设备,通信配套服务,2020-12-31,2021-12-31
SZ300025,通信,通信服务,通信工程及服务,2021-12-31,
SZ300026,医药生物,中药,中药,2020-12-31,
SZ300027,传媒,文化传媒,影视动漫,2020-12-31,2021-12-31
SZ300027,传媒,影视院线,影视动漫制作,2021-12-31,
SZ300029,电力设备,其他电源设备,光伏设备,2020-12-31,2021-12-31
SZ300029,电力设备,光伏设备,光伏加工设备,2021-12-31,2022-07-29
SZ300029,建筑装饰,专业工程,其他专业工程,2022-07-29,2026-07-31
SZ300030,医药生物,医疗器械,医疗器械,2020-12-31,2021-12-31
SZ300030,医药生物,医疗器械,医疗设备,2021-12-31,
SZ300031,传媒,互联网传媒,移动互联网服务,2020-12-31,2021-12-31
SZ300031,传媒,游戏,游戏,2021-12-31,
SZ300032,电子,光学光电子,面板,2020-12-31,2021-12-31
SZ300032,电子,消费电子,消费电子零部件及组装,2021-12-31,
SZ300033,计算机,计算机应用,软件开发,2020-12-31,2021-12-31
SZ300033,计算机,软件开发,垂直应用软件,2021-12-31,
SZ300034,国防军工,航天装备,航天装备,2020-12-31,2021-12-31
SZ300034,国防军工,航空装备,航空装备,2021-12-31,
SZ300035,基础化工,化学制品,其他化学制品,2020-12-31,2021-12-31
SZ300035,电力设备,电池,电池化学品,2021-12-31,
SZ300036,计算机,计算机应用,软件开发,2020-12-31,2021-12-31
SZ300036,计算机,软件开发,横向通用软件,2021-12-31,
SZ300037,基础化工,化学制品,其他化学制品,2020-12-31,2021-12-31
SZ300037,电力设备,电池,电池化学品,2021-12-31,
SZ300038,传媒,营销传播,营销服务,2020-12-31,2021-12-31
SZ300038,传媒,广告营销,营销代理,2021-12-31,2022-06-30
SZ300039,医药生物,中药,中药,2020-12-31,
SZ300040,电力设备,电气自动化设备,工控自动化,2020-12-31,2021-12-31
SZ300040,电力设备,电网设备,电网自动化设备,2021-12-31,2024-07-31
SZ300040,公用事业,电力,电能综合服务,2024-07-31,
SZ300041,基础化工,化学制品,其他化学制品,2020-12-31,2021-12-31
SZ300041,基础化工,化学制品,有机硅,2021-12-31,
SZ300042,计算机,计算机设备,计算机设备,2020-12-31,2021-12-31
SZ300042,计算机,计算机设备,其他计算机设备,2021-12-31,
SZ300043,传媒,互联网传媒,移动互联网服务,2020-12-31,2021-12-31
SZ300043,传媒,游戏,游戏,2021-12-31,
SZ300044,计算机,计算机应用,IT服务,2020-12-31,2021-12-31
SZ300044,计算机,IT服务,IT服务,2021-12-31,
SZ300045,计算机,计算机设备,计算机设备,2020-12-31,2021-12-31
SZ300045,国防军工,军工电子,军工电子,2021-12-31,
SZ300046,电子,半导体,分立器件,2020-12-31,
SZ300047,计算机,计算机应用,软件开发,2020-12-31,2021-12-31
SZ300047,计算机,软件开发,垂直应用软件,2021-12-31,
SZ300048,电力设备,电气自动化设备,工控自动化,2020-12-31,2021-12-31
SZ300048,机械设备,自动化设备,工控设备,2021-12-31,
SZ300049,医药生物,医疗器械,医疗器械,2020-12-31,2021-12-31
SZ300049,医药生物,医疗器械,医疗设备,2021-12-31,
SZ300050,通信,通信设备,通信配套服务,2020-12-31,2021-12-31
SZ300050,通信,通信服务,通信工程及服务,2021-12-31,2026-07-31
SZ300050,社会服务,教育,培训教育,2026-07-31,
SZ300051,传媒,互联网传媒,互联网信息服务,2020-12-31,2021-12-31
SZ300051,传媒,游戏,游戏,2021-12-31,2024-04-30
SZ300051,电力设备,光伏设备,光伏电池组件,2024-04-30,
SZ300052,传媒,互联网传媒,互联网信息服务,2020-12-31,2021-12-31
SZ300052,传媒,游戏,游戏,2021-12-31,
SZ300053,电子,半导体,集成电路,2020-12-31,2021-12-31
SZ300053,电子,半导体,数字芯片设计,2021-12-31,2022-07-29
SZ300053,通信,通信服务,通信工程及服务,2022-07-29,2024-07-31
SZ300053,电子,半导体,数字芯片设计,2024-07-31,
SZ300054,基础化工,化学制品,其他化学制品,2020-12-31,2021-12-31
SZ300054,电子,电子化学品,电子化学品,2021-12-31,
SZ300055,公用事业,环保工程及服务,环保工程及服务,2020-12-31,2021-12-31
SZ300055,环保,环境治理,水务及水治理,2021-12-31,2024-07-31
SZ300055,石油石化,炼化及贸易,其他石化,2024-07-31,
SZ300056,公用事业,环保工程及服务,环保工程及服务,2020-12-31,2021-12-31
SZ300056,环保,环境治理,大气治理,2021-12-31,
SZ300057,轻工制造,包装印刷,包装印刷,2020-12-31,2021-12-31
SZ300057,有色金属,工业金属,铝,2021-12-31,
SZ300058,传媒,营销传播,营销服务,2020-12-31,2021-12-31
SZ300058,传媒,广告营销,营销代理,2021-12-31,
SZ300059,非银金融,证券,证券,2020-12-31,
SZ300061,传媒,营销传播,营销服务,2020-12-31,2021-12-31
SZ300061,传媒,广告营销,营销代理,2021-12-31,
SZ300062,电力设备,高低压设备,中压设备,2020-12-31,2021-12-31
SZ300062,电力设备,电网设备,输变电设备,2021-12-31,
SZ300063,传媒,营销传播,营销服务,2020-12-31,2021-12-31
SZ300063,传媒,广告营销,营销代理,2021-12-31,
SZ300064,机械设备,通用设备,磨具磨料,2020-12-31,2022-06-30
SZ300065,国防军工,航海装备,航海装备,2020-12-31,
SZ300066,机械设备,仪器仪表,仪器仪表,2020-12-31,2021-12-31
SZ300066,机械设备,通用设备,仪器仪表,2021-12-31,
SZ300067,基础化工,化学制品,纺织化学制品,2020-12-31,
SZ300068,电力设备,其他电源设备,储能设备,2020-12-31,2021-12-31
SZ300068,电力设备,电池,蓄电池及其他电池,2021-12-31,
SZ300069,电力设备,高低压设备,线缆部件及其他,2020-12-31,2021-12-31
SZ300069,电力设备,电网设备,线缆部件及其他,2021-12-31,
SZ300070,公用事业,环保工程及服务,环保工程及服务,2020-12-31,2021-12-31
SZ300070,环保,环境治理,水务及水治理,2021-12-31,
SZ300071,传媒,营销传播,营销服务,2020-12-31,2021-12-31
SZ300071,传媒,广告营销,营销代理,2021-12-31,
SZ300072,基础化工,化学制品,其他化学制品,2020-12-31,2021-12-31
SZ300072,环保,环境治理,大气治理,2021-12-31,2023-08-31
SZ300072,基础化工,化学制品,其他化学制品,2023-08-31,
SZ300073,基础化工,化学制品,其他化学制品,2020-12-31,2021-12-31
SZ300073,电力设备,电池,电池化学品,2021-12-31,
SZ300074,计算机,计算机应用,软件开发,2020-12-31,2021-12-31
SZ300074,计算机,软件开发,垂直应用软件,2021-12-31,
SZ300075,计算机,计算机应用,软件开发,2020-12-31,2021-12-31
SZ300075,计算机,软件开发,垂直应用软件,2021-12-31,
SZ300076,电子,光学光电子,面板,2020-12-31,
SZ300077,电子,半导体,集成电路,2020-12-31,2021-12-31
SZ300077,电子,半导体,数字芯片设计,2021-12-31,
SZ300078,计算机,计算机应用,IT服务,2020-12-31,2021-12-31
SZ300078,计算机,IT服务,IT服务,2021-12-31,
SZ300079,计算机,计算机应用,IT服务,2020-12-31,2021-12-31
SZ300079,计算机,IT服务,IT服务,2021-12-31,
SZ300080,机械设备,通用设备,磨具磨料,2020-12-31,2023-07-31
SZ300080,电力设备,光伏设备,光伏电池组件,2023-07-31,
SZ300081,通信,通信设备,通信配套服务,2020-12-31,2021-12-31
SZ300081,通信,通信服务,通信应用增值服务,2021-12-31,
SZ300082,基础化工,化学制品,其他化学制品,2020-12-31,2021-12-31
SZ300082,基础化工,化学原料,其他化学原料,2021-12-31,
SZ300083,电子,消费电子,电子零部件制造,2020-12-31,2021-12-31
SZ300083,机械设备,自动化设备,工控设备,2021-12-31,
SZ300084,机械设备,专用设备,能源及重型设备,2020-12-31,
SZ300085,计算机,计算机应用,软件开发,2020-12-31,2021-12-31
SZ300085,计算机,软件开发,垂直应用软件,2021-12-31,
SZ300086,医药生物,化学制药,化学制剂,2020-12-31,
SZ300087,农林牧渔,种植业,种子,2020-12-31,
SZ300088,电子,光学光电子,面板,2020-12-31,
SZ300089,传媒,文化传媒,其他文化传媒,2020-12-31,2021-12-31
SZ300089,社会服务,教育,培训教育,2021-12-31,2023-07-31
SZ300091,机械设备,通用设备,其他通用设备,2020-12-31,
SZ300092,机械设备,通用设备,机械基础件,2020-12-31,2021-12-31
SZ300092,机械设备,通用设备,金属制品,2021-12-31,2024-07-31
SZ300092,机械设备,专用设备,能源及重型设备,2024-07-31,
SZ300093,建筑材料,玻璃玻纤,玻璃制造,2020-12-31,2024-07-31
SZ300093,电力设备,光伏设备,光伏电池组件,2024-07-31,
SZ300094,农林牧渔,渔业,水产养殖,2020-12-31,
SZ300095,机械设备,通用设备,机械基础件,2020-12-31,2021-12-31
SZ300095,机械设备,通用设备,金属制品,2021-12-31,2022-07-29
SZ300095,机械设备,专用设备,能源及重型设备,2022-07-29,
SZ300096,计算机,计算机应用,IT服务,2020-12-31,2021-12-31
SZ300096,计算机,IT服务,IT服务,2021-12-31,
SZ300097,机械设备,专用设备,其他专用设备,2020-12-31,2021-12-31
SZ300097,机械设备,自动化设备,其他自动化设备,2021-12-31,
SZ300098,通信,通信设备,通信配套服务,2020-12-31,2021-12-31
SZ300098,计算机,软件开发,垂直应用软件,2021-12-31,2024-07-31
SZ300098,通信,通信设备,通信网络设备及器件,2024-07-31,
SZ300099,机械设备,专用设备,能源及重型设备,2020-12-31,
SZ300100,汽车,汽车零部件,汽车零部件,2020-12-31,2021-12-31
SZ300100,汽车,汽车零部件,车身附件及饰件,2021-12-31,
SZ300101,国防军工,航天装备,航天装备,2020-12-31,2021-12-31
SZ300101,国防军工,军工电子,军工电子,2021-12-31,
SZ300102,电子,光学光电子,LED,2020-12-31,
SZ300103,机械设备,专用设备,其他专用设备,2020-12-31,
SZ300105,电力设备,其他电源设备,火电设备,2020-12-31,2025-05-30
SZ300105,环保,环保设备,环保设备,2025-05-30,
SZ300106,农林牧渔,养殖业,畜禽养殖,2020-12-31,2021-12-31
SZ300106,食品饮料,饮料乳品,乳品,2021-12-31,
SZ300107,基础化工,化学制品,其他化学制品,2020-12-31,2021-12-31
SZ300107,基础化工,化学制品,纺织化学制品,2021-12-31,
SZ300108,医药生物,中药,中药,2020-12-31,2025-05-30
SZ300109,基础化工,化学制品,其他化学制品,2020-12-31,
SZ300110,医药生物,化学制药,化学制剂,2020-12-31,
SZ300111,电力设备,其他电源设备,光伏设备,2020-12-31,2021-12-31
SZ300111,电力设备,光伏设备,光伏电池组件,2021-12-31,2022-07-29
SZ300111,医药生物,化学制药,化学制剂,2022-07-29,
SZ300112,机械设备,仪器仪表,仪器仪表,2020-12-31,2021-12-31
SZ300112,机械设备,通用设备,仪器仪表,2021-12-31,
SZ300113,传媒,互联网传媒,互联网信息服务,2020-12-31,2021-12-31
SZ300113,传媒,游戏,游戏,2021-12-31,
SZ300114,机械设备,仪器仪表,仪器仪表,2020-12-31,2021-12-31
SZ300114,国防军工,军工电子,军工电子,2021-12-31,2025-02-28
SZ300115,电子,消费电子,电子零部件制造,2020-12-31,2021-12-31
SZ300115,电子,消费电子,消费电子零部件及组装,2021-12-31,
SZ300116,电力设备,其他电源设备,储能设备,2020-12-31,2021-12-31
SZ300116,电力设备,电池,锂电池,2021-12-31,2024-07-31
SZ300117,建筑材料,装修建材,其他建材,2020-12-31,2021-12-31
SZ300117,建筑装饰,专业工程,其他专业工程,2021-12-31,2025-04-30
SZ300118,电力设备,其他电源设备,光伏设备,2020-12-31,2021-12-31
SZ300118,电力设备,光伏设备,光伏电池组件,2021-12-31,
SZ300119,农林牧渔,动物保健,动物保健,2020-12-31,
SZ300120,电子,光学光电子,面板,2020-12-31,
SZ300121,基础化工,橡胶,其他橡胶制品,2020-12-31,2021-12-31
SZ300121,基础化工,橡胶,橡胶助剂,2021-12-31,
SZ300122,医药生物,生物制品,生物制品,2020-12-31,2021-12-31
SZ300122,医药生物,生物制品,疫苗,2021-12-31,
SZ300123,国防军工,航天装备,航天装备,2020-12-31,2021-12-31
SZ300123,国防军工,军工电子,军工电子,2021-12-31,
SZ300124,电力设备,电气自动化设备,工控自动化,2020-12-31,2021-12-31
SZ300124,机械设备,自动化设备,工控设备,2021-12-31,
SZ300125,公用事业,电力,新能源发电,2020-12-31,2021-12-31
SZ300125,公用事业,电力,光伏发电,2021-12-31,
SZ300126,机械设备,通用设备,其他通用设备,2020-12-31,
SZ300127,有色金属,金属新材料,磁性材料,2020-12-31,
SZ300128,电子,光学光电子,面板,2020-12-31,2024-07-31
SZ300128,电力设备,电池,锂电专用设备,2024-07-31,2026-07-31
SZ300128,电子,消费电子,消费电子零部件及组装,2026-07-31,
SZ300129,电力设备,其他电源设备,风电设备,2020-12-31,2021-12-31
SZ300129,电力设备,风电设备,风电零部件,2021-12-31,
SZ300130,计算机,计算机设备,计算机设备,2020-12-31,2021-12-31
SZ300130,计算机,计算机设备,其他计算机设备,2021-12-31,
SZ300131,电子,消费电子,电子零部件制造,2020-12-31,2021-12-31
SZ300131,电子,消费电子,消费电子零部件及组装,2021-12-31,2022-07-29
SZ300131,电子,其他电子,其他电子,2022-07-29,
SZ300132,基础化工,化学制品,其他化学制品,2020-12-31,2021-12-31
SZ300132,美容护理,化妆品,化妆品制造及其他,2021-12-31,
SZ300133,传媒,文化传媒,影视动漫,2020-12-31,2021-12-31
SZ300133,传媒,影视院线,影视动漫制作,2021-12-31,
SZ300134,通信,通信设备,通信传输设备,2020-12-31,2021-12-31
SZ300134,通信,通信设备,通信网络设备及器件,2021-12-31,
SZ300135,基础化工,石油化工,石油加工,2020-12-31,2021-12-31
SZ300135,石油石化,炼化及贸易,其他石化,2021-12-31,
SZ300136,电子,消费电子,电子零部件制造,2020-12-31,2021-12-31
SZ300136,电子,消费电子,消费电子零部件及组装,2021-12-31,
SZ300137,公用事业,环保工程及服务,环保工程及服务,2020-12-31,2021-12-31
SZ300137,环保,环保设备,环保设备,2021-12-31,
SZ300138,农林牧渔,农产品加工,其他农产品加工,2020-12-31,
SZ300139,电子,半导体,集成电路,2020-12-31,2021-12-31
SZ300139,公用事业,电力,光伏发电,2021-12-31,2022-07-29
SZ300139,有色金属,贵金属,黄金,2022-07-29,
SZ300140,公用事业,环保工程及服务,环保工程及服务,2020-12-31,2021-12-31
SZ300140,环保,环保设备,环保设备,2021-12-31,2022-07-29
SZ300140,电力设备,电网设备,输变电设备,2022-07-29,2024-07-31
SZ300140,环保,环境治理,固废治理,2024-07-31,
SZ300141,电力设备,其他电源设备,储能设备,2020-12-31,2021-12-31
SZ300141,电力设备,电网设备,配电设备,2021-12-31,
SZ300142,医药生物,生物制品,生物制品,2020-12-31,2021-12-31
SZ300142,医药生物,生物制品,疫苗,2021-12-31,
SZ300143,医药生物,医疗服务,医疗服务,2020-12-31,2021-12-31
SZ300143,医药生物,医疗服务,医院,2021-12-31,
SZ300144,社会服务,景点,人工景区,2020-12-31,2021-12-31
SZ300144,社会服务,旅游及景区,人工景区,2021-12-31,
SZ300145,机械设备,通用设备,其他通用设备,2020-12-31,
SZ300146,食品饮料,食品加工,食品综合,2020-12-31,2021-12-31
SZ300146,食品饮料,食品加工,保健品,2021-12-31,
SZ300147,医药生物,中药,中药,2020-12-31,
SZ300148,传媒,互联网传媒,移动互联网服务,2020-12-31,2021-12-31
SZ300148,传媒,游戏,游戏,2021-12-31,2023-07-31
SZ300148,传媒,出版,教育出版,2023-07-31,
SZ300149,医药生物,医疗服务,医疗服务,2020-12-31,2021-12-31
SZ300149,医药生物,医疗服务,医疗研发外包,2021-12-31,
SZ300150,计算机,计算机应用,IT服务,2020-12-31,2021-12-31
SZ300150,计算机,IT服务,IT服务,2021-12-31,
SZ300151,机械设备,专用设备,其他专用设备,2020-12-31,
SZ300152,公用事业,环保工程及服务,环保工程及服务,2020-12-31,2021-12-31
SZ300152,环保,环境治理,综合环境治理,2021-12-31,
SZ300153,电力设备,其他电源设备,其他电源设备,2020-12-31,
SZ300154,机械设备,通用设备,其他通用设备,2020-12-31,
SZ300155,计算机,计算机设备,计算机设备,2020-12-31,2021-12-31
SZ300155,计算机,计算机设备,安防设备,2021-12-31,
SZ300157,煤炭,采掘服务,油气钻采服务,2020-12-31,2021-12-31
SZ300157,石油石化,油服工程,油气及炼化工程,2021-12-31,2023-07-31
SZ300157,机械设备,通用设备,其他通用设备,2023-07-31,
SZ300158,医药生物,化学制药,化学制剂,2020-12-31,2023-07-31
SZ300158,医药生物,中药,中药,2023-07-31,
SZ300159,国防军工,航空装备,航空装备,2020-12-31,2022-07-29
SZ300159,机械设备,专用设备,农用机械,2022-07-29,
SZ300160,家用电器,白色家电,家电零部件,2020-12-31,2021-12-31
SZ300160,家用电器,家电零部件,家电零部件,2021-12-31,
SZ300161,机械设备,通用设备,机床工具,2020-12-31,
SZ300162,电子,光学光电子,LED,2020-12-31,
SZ300163,基础化工,化学制品,其他化学制品,2020-12-31,
SZ300164,煤炭,采掘服务,油气钻采服务,2020-12-31,2021-12-31
SZ300164,石油石化,油服工程,油气及炼化工程,2021-12-31,
SZ300165,机械设备,仪器仪表,仪器仪表,2020-12-31,2021-12-31
SZ300165,机械设备,通用设备,仪器仪表,2021-12-31,
SZ300166,计算机,计算机应用,IT服务,2020-12-31,2021-12-31
SZ300166,计算机,IT服务,IT服务,2021-12-31,
SZ300167,计算机,计算机应用,IT服务,2020-12-31,2021-12-31
SZ300167,计算机,IT服务,IT服务,2021-12-31,
SZ300168,计算机,计算机应用,IT服务,2020-12-31,2021-12-31
SZ300168,计算机,IT服务,IT服务,2021-12-31,
SZ300169,基础化工,化学制品,其他化学制品,2020-12-31,
SZ300170,计算机,计算机应用,IT服务,2020-12-31,2021-12-31
SZ300170,计算机,IT服务,IT服务,2021-12-31,
SZ300171,机械设备,专用设备,其他专用设备,2020-12-31,2021-12-31
SZ300171,医药生物,医疗器械,医疗设备,2021-12-31,
SZ300172,公用事业,环保工程及服务,环保工程及服务,2020-12-31,2021-12-31
SZ300172,环保,环境治理,水务及水治理,2021-12-31,
SZ300173,机械设备,专用设备,其他专用设备,2020-12-31,2021-12-31
SZ300173,机械设备,自动化设备,工控设备,2021-12-31,2022-07-29
SZ300173,电力设备,电池,锂电专用设备,2022-07-29,
SZ300174,基础化工,化学制品,其他化学制品,2020-12-31,
SZ300175,农林牧渔,农产品加工,果蔬加工,2020-12-31,
SZ300176,非银金融,多元金融,多元金融,2020-12-31,2021-12-31
SZ300176,汽车,汽车零部件,底盘与发动机系统,2021-12-31,
SZ300177,计算机,计算机设备,计算机设备,2020-12-31,2021-12-31
SZ300177,国防军工,军工电子,军工电子,2021-12-31,
SZ300178,社会服务,旅游综合,旅游综合,2020-12-31,2021-12-31
SZ300178,社会服务,旅游及景区,旅游综合,2021-12-31,2022-06-30
SZ300179,机械设备,通用设备,磨具磨料,2020-12-31,
SZ300180,基础化工,塑料,合成革,2020-12-31,2021-12-31
SZ300180,基础化工,塑料,其他塑料制品,2021-12-31,
SZ300181,医药生物,中药,中药,2020-12-31,
SZ300182,传媒,文化传媒,影视动漫,2020-12-31,2021-12-31
SZ300182,传媒,影视院线,影视动漫制作,2021-12-31,
SZ300183,通信,通信设备,终端设备,2020-12-31,2021-12-31
SZ300183,通信,通信设备,其他通信设备,2021-12-31,
SZ300184,电子,其他电子,其他电子,2020-12-31,
SZ300185,电力设备,其他电源设备,风电设备,2020-12-31,2021-12-31
SZ300185,电力设备,风电设备,风电零部件,2021-12-31,
SZ300187,公用事业,环保工程及服务,环保工程及服务,2020-12-31,2021-12-31
SZ300187,环保,环境治理,固废治理,2021-12-31,2022-07-29
SZ300187,环保,环境治理,综合环境治理,2022-07-29,
SZ300188,计算机,计算机应用,软件开发,2020-12-31,2021-12-31
SZ300188,计算机,软件开发,垂直应用软件,2021-12-31,
SZ300189,农林牧渔,种植业,种子,2020-12-31,
SZ300190,公用事业,环保工程及服务,环保工程及服务,2020-12-31,2021-12-31
SZ300190,环保,环境治理,综合环境治理,2021-12-31,
SZ300191,煤炭,采掘服务,油气钻采服务,2020-12-31,2021-12-31
SZ300191,石油石化,油服工程,油气及炼化工程,2021-12-31,
SZ300192,传媒,文化传媒,其他文化传媒,2020-12-31,2021-12-31
SZ300192,社会服务,教育,培训教育,2021-12-31,
SZ300193,机械设备,通用设备,其他通用设备,2020-12-31,
SZ300194,医药生物,化学制药,化学制剂,2020-12-31,
SZ300195,机械设备,专用设备,印刷包装机械,2020-12-31,
SZ300196,基础化工,化学制品,玻纤,2020-12-31,2021-12-31
SZ300196,建筑材料,玻璃玻纤,玻纤制造,2021-12-31,
SZ300197,建筑装饰,园林工程,园林工程,2020-12-31,2021-12-31
SZ300197,建筑装饰,基础建设,园林工程,2021-12-31,
SZ300198,建筑材料,装修建材,管材,2020-12-31,
SZ300199,医药生物,化学制药,化学制剂,2020-12-31,
SZ300200,基础化工,化学制品,聚氨酯,2020-12-31,
SZ300201,机械设备,专用设备,其他专用设备,2020-12-31,2021-12-31
SZ300201,机械设备,工程机械,工程机械整机,2021-12-31,
SZ300202,计算机,计算机设备,计算机设备,2020-12-31,2021-12-31
SZ300202,计算机,计算机设备,其他计算机设备,2021-12-31,2022-07-29
SZ300203,公用事业,环保工程及服务,环保工程及服务,2020-12-31,2021-12-31
SZ300203,环保,环境治理,综合环境治理,2021-12-31,2022-07-29
SZ300203,环保,环保设备,环保设备,2022-07-29,
SZ300204,医药生物,生物制品,生物制品,2020-12-31,2021-12-31
SZ300204,医药生物,生物制品,其他生物制品,2021-12-31,2022-07-29
SZ300204,医药生物,化学制药,化学制剂,2022-07-29,
SZ300205,通信,通信设备,终端设备,2020-12-31,2021-12-31
SZ300205,通信,通信设备,通信终端及配件,2021-12-31,
SZ300206,医药生物,医疗器械,医疗器械,2020-12-31,2021-12-31
SZ300206,医药生物,医疗器械,医疗设备,2021-12-31,
SZ300207,电子,消费电子,电子零部件制造,2020-12-31,2021-12-31
SZ300207,电力设备,电池,锂电池,2021-12-31,
SZ300208,电力设备,电气自动化设备,工控自动化,2020-12-31,2021-12-31
SZ300208,综合,综合,综合,2021-12-31,2025-07-31
SZ300209,计算机,计算机应用,软件开发,2020-12-31,2021-12-31
SZ300209,计算机,软件开发,垂直应用软件,2021-12-31,
SZ300210,机械设备,专用设备,其他专用设备,2020-12-31,2021-12-31
SZ300210,环保,环保设备,环保设备,2021-12-31,
SZ300211,通信,通信设备,通信传输设备,2020-12-31,2021-12-31
SZ300211,通信,通信服务,通信工程及服务,2021-12-31,
SZ300212,计算机,计算机应用,IT服务,2020-12-31,2021-12-31
SZ300212,计算机,IT服务,IT服务,2021-12-31,
SZ300213,通信,通信设备,终端设备,2020-12-31,2021-12-31
SZ300213,通信,通信设备,其他通信设备,2021-12-31,
SZ300214,基础化工,化学制品,其他化学制品,2020-12-31,2021-12-31
SZ300214,基础化工,塑料,其他塑料制品,2021-12-31,2022-07-29
SZ300214,基础化工,化学制品,其他化学制品,2022-07-29,
SZ300215,电力设备,高低压设备,高压设备,2020-12-31,2021-12-31
SZ300215,社会服务,专业服务,检测服务,2021-12-31,
SZ300217,家用电器,白色家电,家电零部件,2020-12-31,2021-12-31
SZ300217,家用电器,家电零部件,家电零部件,2021-12-31,
SZ300218,基础化工,塑料,合成革,2020-12-31,2021-12-31
SZ300218,基础化工,塑料,其他塑料制品,2021-12-31,
SZ300219,电子,光学光电子,LED,2020-12-31,
SZ300220,电子,其他电子,其他电子,2020-12-31,2021-12-31
SZ300220,机械设备,自动化设备,激光设备,2021-12-31,2022-07-29
SZ300220,轻工制造,文娱用品,娱乐用品,2022-07-29,2026-07-31
SZ300220,机械设备,自动化设备,激光设备,2026-07-31,
SZ300221,基础化工,塑料,改性塑料,2020-12-31,
SZ300222,机械设备,通用设备,其他通用设备,2020-12-31,2021-12-31
SZ300222,电力设备,电网设备,电网自动化设备,2021-12-31,
SZ300223,电子,半导体,集成电路,2020-12-31,2021-12-31
SZ300223,电子,半导体,数字芯片设计,2021-12-31,
SZ300224,有色金属,金属新材料,磁性材料,2020-12-31,
SZ300225,基础化工,化学制品,涂料油墨,2020-12-31,
SZ300226,传媒,互联网传媒,互联网信息服务,2020-12-31,2021-12-31
SZ300226,计算机,软件开发,垂直应用软件,2021-12-31,
SZ300227,电子,消费电子,电子零部件制造,2020-12-31,2021-12-31
SZ300227,机械设备,自动化设备,激光设备,2021-12-31,
SZ300228,机械设备,金属制品,金属制品,2020-12-31,2021-12-31
SZ300228,机械设备,通用设备,金属制品,2021-12-31,
SZ300229,计算机,计算机应用,软件开发,2020-12-31,2021-12-31
SZ300229,计算机,软件开发,垂直应用软件,2021-12-31,
SZ300230,基础化工,塑料,其他塑料制品,2020-12-31,
SZ300231,计算机,计算机应用,IT服务,2020-12-31,2021-12-31
SZ300231,计算机,IT服务,IT服务,2021-12-31,
SZ300232,电子,光学光电子,LED,2020-12-31,
SZ300233,医药生物,化学制药,化学制剂,2020-12-31,
SZ300234,建筑材料,装修建材,其他建材,2020-12-31,
SZ300235,计算机,计算机应用,软件开发,2020-12-31,2021-12-31
SZ300235,计算机,软件开发,垂直应用软件,2021-12-31,
SZ300236,基础化工,化学制品,其他化学制品,2020-12-31,2021-12-31
SZ300236,电子,电子化学品,电子化学品,2021-12-31,
SZ300237,建筑装饰,园林工程,园林工程,2020-12-31,2021-12-31
SZ300237,建筑装饰,基础建设,园林工程,2021-12-31,2022-07-29
SZ300237,汽车,汽车零部件,其他汽车零部件,2022-07-29,
SZ300238,医药生物,医疗器械,医疗器械,2020-12-31,2021-12-31
SZ300238,医药生物,医疗器械,医疗耗材,2021-12-31,
SZ300239,医药生物,生物制品,生物制品,2020-12-31,2021-12-31
SZ300239,医药生物,生物制品,其他生物制品,2021-12-31,
SZ300240,交通运输,物流,物流,2020-12-31,2021-12-31
SZ300240,交通运输,物流,中间产品及消费品供应链服务,2021-12-31,
SZ300241,电子,光学光电子,LED,2020-12-31,
SZ300242,传媒,营销传播,营销服务,2020-12-31,2021-12-31
SZ300242,传媒,广告营销,营销代理,2021-12-31,
SZ300243,基础化工,化学制品,其他化学制品,2020-12-31,2021-12-31
SZ300243,基础化工,塑料,其他塑料制品,2021-12-31,
SZ300244,医药生物,医疗器械,医疗器械,2020-12-31,2021-12-31
SZ300244,医药生物,医疗服务,诊断服务,2021-12-31,
SZ300245,计算机,计算机应用,IT服务,2020-12-31,2021-12-31
SZ300245,计算机,IT服务,IT服务,2021-12-31,
SZ300246,医药生物,医疗器械,医疗器械,2020-12-31,2021-12-31
SZ300246,医药生物,医疗器械,医疗设备,2021-12-31,
SZ300247,家用电器,白色家电,小家电,2020-12-31,2021-12-31
SZ300247,家用电器,其他家电,其他家电,2021-12-31,
SZ300248,计算机,计算机应用,IT服务,2020-12-31,2021-12-31
SZ300248,计算机,计算机设备,其他计算机设备,2021-12-31,
SZ300249,家用电器,白色家电,空调,2020-12-31,2021-12-31
SZ300249,计算机,计算机设备,其他计算机设备,2021-12-31,
SZ300250,计算机,计算机应用,IT服务,2020-12-31,2021-12-31
SZ300250,计算机,IT服务,IT服务,2021-12-31,
SZ300251,传媒,文化传媒,影视动漫,2020-12-31,2021-12-31
SZ300251,传媒,影视院线,影视动漫制作,2021-12-31,
SZ300252,通信,通信设备,通信传输设备,2020-12-31,2021-12-31
SZ300252,国防军工,军工电子,军工电子,2021-12-31,
SZ300253,计算机,计算机应用,软件开发,2020-12-31,2021-12-31
SZ300253,计算机,软件开发,垂直应用软件,2021-12-31,
SZ300254,医药生物,化学制药,化学制剂,2020-12-31,
SZ300255,医药生物,生物制品,生物制品,2020-12-31,2021-12-31
SZ300255,医药生物,化学制药,化学制剂,2021-12-31,
SZ300256,电子,消费电子,电子零部件制造,2020-12-31,2021-12-31
SZ300256,电子,消费电子,消费电子零部件及组装,2021-12-31,
SZ300257,机械设备,通用设备,其他通用设备,2020-12-31,
SZ300258,汽车,汽车零部件,汽车零部件,2020-12-31,2021-12-31
SZ300258,汽车,汽车零部件,底盘与发动机系统,2021-12-31,
SZ300259,机械设备,仪器仪表,仪器仪表,2020-12-31,2021-12-31
SZ300259,机械设备,通用设备,仪器仪表,2021-12-31,
SZ300260,机械设备,通用设备,机械基础件,2020-12-31,2021-12-31
SZ300260,机械设备,通用设备,金属制品,2021-12-31,
SZ300261,基础化工,化学制品,农药,2020-12-31,2021-12-31
SZ300261,基础化工,农化制品,农药,2021-12-31,
SZ300262,公用事业,环保工程及服务,环保工程及服务,2020-12-31,2021-12-31
SZ300262,环保,环境治理,水务及水治理,2021-12-31,2024-08-30
SZ300263,公用事业,环保工程及服务,环保工程及服务,2020-12-31,2021-12-31
SZ300263,机械设备,通用设备,其他通用设备,2021-12-31,
SZ300264,计算机,计算机应用,IT服务,2020-12-31,2021-12-31
SZ300264,计算机,IT服务,IT服务,2021-12-31,
SZ300265,电力设备,高低压设备,线缆部件及其他,2020-12-31,2021-12-31
SZ300265,电力设备,电网设备,线缆部件及其他,2021-12-31,
SZ300266,公用事业,环保工程及服务,环保工程及服务,2020-12-31,2021-12-31
SZ300266,环保,环境治理,水务及水治理,2021-12-31,
SZ300267,医药生物,化学制药,原料药,2020-12-31,
SZ300268,农林牧渔,农产品加工,其他农产品加工,2020-12-31,
SZ300269,传媒,营销传播,营销服务,2020-12-31,2021-12-31
SZ300269,传媒,广告营销,营销代理,2021-12-31,2022-07-29
SZ300269,电子,光学光电子,LED,2022-07-29,
SZ300270,计算机,计算机设备,计算机设备,2020-12-31,2021-12-31
SZ300270,计算机,计算机设备,安防设备,2021-12-31,
SZ300271,计算机,计算机应用,IT服务,2020-12-31,2021-12-31
SZ300271,计算机,IT服务,IT服务,2021-12-31,
SZ300272,家用电器,白色家电,小家电,2020-12-31,2021-12-31
SZ300272,家用电器,小家电,厨房小家电,2021-12-31,2024-05-31
SZ300272,家用电器,小家电,清洁小家电,2024-05-31,
SZ300273,医药生物,医疗器械,医疗器械,2020-12-31,2021-12-31
SZ300273,医药生物,医疗器械,医疗设备,2021-12-31,2023-07-31
SZ300274,电力设备,其他电源设备,光伏设备,2020-12-31,2021-12-31
SZ300274,电力设备,光伏设备,逆变器,2021-12-31,
SZ300275,机械设备,专用设备,能源及重型设备,2020-12-31,2022-07-29
SZ300275,计算机,计算机设备,安防设备,2022-07-29,
SZ300276,机械设备,专用设备,其他专用设备,2020-12-31,2021-12-31
SZ300276,机械设备,自动化设备,机器人,2021-12-31,
SZ300277,计算机,计算机应用,IT服务,2020-12-31,2021-12-31
SZ300277,计算机,IT服务,IT服务,2021-12-31,
SZ300278,机械设备,通用设备,其他通用设备,2020-12-31,2021-12-31
SZ300278,机械设备,自动化设备,工控设备,2021-12-31,
SZ300279,电子,消费电子,电子零部件制造,2020-12-31,2021-12-31
SZ300279,电子,消费电子,消费电子零部件及组装,2021-12-31,2024-07-31
SZ300279,家用电器,家电零部件,家电零部件,2024-07-31,
SZ300280,传媒,营销传播,营销服务,2020-12-31,2021-12-31
SZ300280,传媒,广告营销,广告媒体,2021-12-31,2025-10-31
SZ300281,机械设备,专用设备,其他专用设备,2020-12-31,
SZ300282,传媒,文化传媒,其他文化传媒,2020-12-31,2021-12-31
SZ300282,社会服务,教育,教育运营及其他,2021-12-31,2024-07-31
SZ300283,电力设备,高低压设备,低压设备,2020-12-31,2021-12-31
SZ300283,电力设备,电网设备,配电设备,2021-12-31,
SZ300284,建筑装饰,基础建设,路桥施工,2020-12-31,2021-12-31
SZ300284,建筑装饰,工程咨询服务,工程咨询服务,2021-12-31,
SZ300285,基础化工,化学原料,无机盐,2020-12-31,2021-12-31
SZ300285,基础化工,化学制品,其他化学制品,2021-12-31,2022-07-29
SZ300285,电子,电子化学品,电子化学品,2022-07-29,
SZ300286,电力设备,电气自动化设备,电工仪器仪表,2020-12-31,2021-12-31
SZ300286,电力设备,电网设备,电工仪器仪表,2021-12-31,
SZ300287,计算机,计算机应用,IT服务,2020-12-31,2021-12-31
SZ300287,计算机,IT服务,IT服务,2021-12-31,
SZ300288,计算机,计算机应用,IT服务,2020-12-31,2021-12-31
SZ300288,计算机,IT服务,IT服务,2021-12-31,
SZ300289,医药生物,医疗器械,医疗器械,2020-12-31,2021-12-31
SZ300289,医药生物,医疗器械,体外诊断,2021-12-31,
SZ300290,计算机,计算机应用,IT服务,2020-12-31,2021-12-31
SZ300290,计算机,IT服务,IT服务,2021-12-31,
SZ300291,传媒,文化传媒,影视动漫,2020-12-31,2021-12-31
SZ300291,传媒,影视院线,影视动漫制作,2021-12-31,
SZ300292,传媒,互联网传媒,互联网信息服务,2020-12-31,2021-12-31
SZ300292,通信,通信服务,通信应用增值服务,2021-12-31,
SZ300293,机械设备,专用设备,其他专用设备,2020-12-31,
SZ300294,医药生物,生物制品,生物制品,2020-12-31,2021-12-31
SZ300294,医药生物,生物制品,血液制品,2021-12-31,
SZ300295,传媒,互联网传媒,互联网信息服务,2020-12-31,2021-12-31
SZ300295,传媒,数字媒体,门户网站,2021-12-31,
SZ300296,电子,光学光电子,LED,2020-12-31,
SZ300297,计算机,计算机应用,IT服务,2020-12-31,2021-12-31
SZ300297,计算机,IT服务,IT服务,2021-12-31,2023-07-31
SZ300298,医药生物,医疗器械,医疗器械,2020-12-31,2021-12-31
SZ300298,医药生物,医疗器械,医疗设备,2021-12-31,
SZ300299,传媒,互联网传媒,互联网信息服务,2020-12-31,2021-12-31
SZ300299,传媒,游戏,游戏,2021-12-31,
SZ300300,计算机,计算机应用,IT服务,2020-12-31,2021-12-31
SZ300300,计算机,IT服务,IT服务,2021-12-31,
SZ300301,电子,光学光电子,LED,2020-12-31,
SZ300302,计算机,计算机设备,计算机设备,2020-12-31,2021-12-31
SZ300302,计算机,计算机设备,其他计算机设备,2021-12-31,
SZ300303,电子,光学光电子,LED,2020-12-31,
SZ300304,汽车,汽车零部件,汽车零部件,2020-12-31,2021-12-31
SZ300304,汽车,汽车零部件,汽车电子电气系统,2021-12-31,
SZ300305,基础化工,塑料,其他塑料制品,2020-12-31,2021-12-31
SZ300305,基础化工,塑料,膜材料,2021-12-31,
SZ300306,机械设备,仪器仪表,仪器仪表,2020-12-31,2021-12-31
SZ300306,机械设备,通用设备,仪器仪表,2021-12-31,
SZ300307,机械设备,专用设备,纺织服装设备,2020-12-31,
SZ300308,通信,通信设备,通信传输设备,2020-12-31,2021-12-31
SZ300308,通信,通信设备,通信网络设备及器件,2021-12-31,
SZ300309,非银金融,多元金融,多元金融,2020-12-31,2021-12-31
SZ300309,非银金融,多元金融,资产管理,2021-12-31,2023-05-31
SZ300310,通信,通信设备,通信配套服务,2020-12-31,2021-12-31
SZ300310,通信,通信服务,通信工程及服务,2021-12-31,
SZ300311,计算机,计算机应用,软件开发,2020-12-31,2021-12-31
SZ300311,计算机,软件开发,横向通用软件,2021-12-31,
SZ300312,通信,通信设备,通信配套服务,2020-12-31,2021-12-31
SZ300312,通信,通信设备,通信网络设备及器件,2021-12-31,2022-07-29
SZ300313,农林牧渔,养殖业,畜禽养殖,2020-12-31,2021-12-31
SZ300313,农林牧渔,养殖业,其他养殖,2021-12-31,
SZ300314,医药生物,医疗器械,医疗器械,2020-12-31,2021-12-31
SZ300314,医药生物,医疗器械,医疗设备,2021-12-31,
SZ300315,传媒,互联网传媒,移动互联网服务,2020-12-31,2021-12-31
SZ300315,传媒,游戏,游戏,2021-12-31,
SZ300316,电力设备,其他电源设备,光伏设备,2020-12-31,2021-12-31
SZ300316,电力设备,光伏设备,光伏加工设备,2021-12-31,
SZ300317,电力设备,其他电源设备,光伏设备,2020-12-31,2021-12-31
SZ300317,公用事业,电力,光伏发电,2021-12-31,
SZ300318,医药生物,医疗器械,医疗器械,2020-12-31,2021-12-31
SZ300318,医药生物,医疗器械,体外诊断,2021-12-31,2024-07-31
SZ300318,医药生物,生物制品,血液制品,2024-07-31,
SZ300319,电子,光学光电子,面板,2020-12-31,2021-12-31
SZ300319,电子,元件,被动元件,2021-12-31,
SZ300320,基础化工,橡胶,其他橡胶制品,2020-12-31,
SZ300321,基础化工,塑料,合成革,2020-12-31,2021-12-31
SZ300321,基础化工,化学制品,聚氨酯,2021-12-31,
SZ300322,电子,消费电子,电子零部件制造,2020-12-31,2021-12-31
SZ300322,电子,消费电子,消费电子零部件及组装,2021-12-31,
SZ300323,电子,光学光电子,LED,2020-12-31,
SZ300324,计算机,计算机应用,IT服务,2020-12-31,2021-12-31
SZ300324,计算机,计算机设备,其他计算机设备,2021-12-31,
SZ300325,基础化工,塑料,其他塑料制品,2020-12-31,2022-06-30
SZ300326,医药生物,医疗器械,医疗器械,2020-12-31,2021-12-31
SZ300326,医药生物,医疗器械,医疗耗材,2021-12-31,
SZ300327,电子,半导体,集成电路,2020-12-31,2021-12-31
SZ300327,电子,半导体,数字芯片设计,2021-12-31,
SZ300328,有色金属,工业金属,铝,2020-12-31,2021-12-31
SZ300328,有色金属,小金属,其他小金属,2021-12-31,2022-07-29
SZ300328,有色金属,工业金属,铝,2022-07-29,
SZ300329,轻工制造,家居用品,文娱用品,2020-12-31,2021-12-31
SZ300329,轻工制造,文娱用品,娱乐用品,2021-12-31,
SZ300330,计算机,计算机应用,IT服务,2020-12-31,2021-12-31
SZ300330,计算机,计算机设备,其他计算机设备,2021-12-31,2023-05-31
SZ300331,电子,光学光电子,面板,2020-12-31,2022-07-29
SZ300331,电子,光学光电子,光学元件,2022-07-29,
SZ300332,公用事业,环保工程及服务,环保工程及服务,2020-12-31,2021-12-31
SZ300332,公用事业,燃气,燃气,2021-12-31,
SZ300333,计算机,计算机设备,计算机设备,2020-12-31,2021-12-31
SZ300333,计算机,计算机设备,其他计算机设备,2021-12-31,
SZ300334,公用事业,环保工程及服务,环保工程及服务,2020-12-31,2021-12-31
SZ300334,环保,环境治理,水务及水治理,2021-12-31,
SZ300335,公用事业,环保工程及服务,环保工程及服务,2020-12-31,2021-12-31
SZ300335,公用事业,电力,热力服务,2021-12-31,
SZ300336,传媒,营销传播,营销服务,2020-12-31,2021-12-31
SZ300336,传媒,广告营销,广告媒体,2021-12-31,2023-07-31
SZ300337,有色金属,工业金属,铝,2020-12-31,
SZ300338,传媒,文化传媒,其他文化传媒,2020-12-31,2021-12-31
SZ300338,社会服务,教育,培训教育,2021-12-31,
SZ300339,计算机,计算机应用,IT服务,2020-12-31,2021-12-31
SZ300339,计算机,IT服务,IT服务,2021-12-31,
SZ300340,电子,其他电子,其他电子,2020-12-31,2021-12-31
SZ300340,电力设备,电池,电池化学品,2021-12-31,
SZ300341,机械设备,仪器仪表,仪器仪表,2020-12-31,2021-12-31
SZ300341,电力设备,电网设备,输变电设备,2021-12-31,2022-07-29
SZ300341,机械设备,通用设备,仪器仪表,2022-07-29,2023-07-31
SZ300341,医药生物,医疗器械,医疗设备,2023-07-31,
SZ300342,家用电器,白色家电,家电零部件,2020-12-31,2021-12-31
SZ300342,家用电器,家电零部件,家电零部件,2021-12-31,
SZ300343,传媒,营销传播,营销服务,2020-12-31,2021-12-31
SZ300343,传媒,广告营销,营销代理,2021-12-31,2023-07-31
SZ300343,基础化工,化学制品,氟化工,2023-07-31,
SZ300344,计算机,计算机应用,软件开发,2020-12-31,2021-12-31
SZ300344,计算机,软件开发,垂直应用软件,2021-12-31,2026-04-30
SZ300345,机械设备,通用设备,磨具磨料,2020-12-31,2024-07-31
SZ300345,电力设备,光伏设备,硅料硅片,2024-07-31,
SZ300346,电子,半导体,半导体材料,2020-12-31,2021-12-31
SZ300346,电子,电子化学品,电子化学品,2021-12-31,
SZ300347,医药生物,医疗服务,医疗服务,2020-12-31,2021-12-31
SZ300347,医药生物,医疗服务,医疗研发外包,2021-12-31,
SZ300348,计算机,计算机应用,软件开发,2020-12-31,2021-12-31
SZ300348,计算机,软件开发,垂直应用软件,2021-12-31,
SZ300349,机械设备,仪器仪表,仪器仪表,2020-12-31,2021-12-31
SZ300349,机械设备,通用设备,仪器仪表,2021-12-31,
SZ300350,交通运输,物流,物流,2020-12-31,2021-12-31
SZ300350,交通运输,物流,中间产品及消费品供应链服务,2021-12-31,
SZ300351,机械设备,轨交设备,轨交设备,2020-12-31,
SZ300352,计算机,计算机应用,软件开发,2020-12-31,2021-12-31
SZ300352,计算机,软件开发,垂直应用软件,2021-12-31,
SZ300353,通信,通信设备,通信传输设备,2020-12-31,2021-12-31
SZ300353,通信,通信设备,其他通信设备,2021-12-31,
SZ300354,机械设备,仪器仪表,仪器仪表,2020-12-31,2021-12-31
SZ300354,机械设备,通用设备,仪器仪表,2021-12-31,
SZ300355,建筑装饰,园林工程,园林工程,2020-12-31,2021-12-31
SZ300355,建筑装饰,基础建设,园林工程,2021-12-31,
SZ300356,电力设备,电气自动化设备,电工仪器仪表,2020-12-31,2021-12-31
SZ300356,电力设备,电网设备,电工仪器仪表,2021-12-31,2023-07-31
SZ300357,医药生物,生物制品,生物制品,2020-12-31,2021-12-31
SZ300357,医药生物,生物制品,其他生物制品,2021-12-31,
SZ300358,医药生物,医疗器械,医疗器械,2020-12-31,2021-12-31
SZ300358,医药生物,医疗器械,医疗设备,2021-12-31,
SZ300359,传媒,互联网传媒,移动互联网服务,2020-12-31,2021-12-31
SZ300359,社会服务,教育,培训教育,2021-12-31,
SZ300360,电力设备,电气自动化设备,电工仪器仪表,2020-12-31,2021-12-31
SZ300360,电力设备,电网设备,电工仪器仪表,2021-12-31,
SZ300362,机械设备,专用设备,环保设备,2020-12-31,2021-08-31
SZ300363,医药生物,化学制药,原料药,2020-12-31,2021-12-31
SZ300363,医药生物,医疗服务,医疗研发外包,2021-12-31,
SZ300364,传媒,文化传媒,平面媒体,2020-12-31,2021-12-31
SZ300364,传媒,出版,大众出版,2021-12-31,
SZ300365,计算机,计算机应用,IT服务,2020-12-31,2021-12-31
SZ300365,计算机,软件开发,垂直应用软件,2021-12-31,
SZ300366,计算机,计算机应用,软件开发,2020-12-31,2021-12-31
SZ300366,计算机,软件开发,垂直应用软件,2021-12-31,
SZ300367,计算机,计算机应用,软件开发,2020-12-31,2021-12-31
SZ300367,计算机,计算机设备,安防设备,2021-12-31,2022-06-30
SZ300368,计算机,计算机设备,计算机设备,2020-12-31,2021-12-31
SZ300368,计算机,计算机设备,其他计算机设备,2021-12-31,
SZ300369,计算机,计算机应用,软件开发,2020-12-31,2021-12-31
SZ300369,计算机,软件开发,横向通用软件,2021-12-31,
SZ300370,机械设备,仪器仪表,仪器仪表,2020-12-31,2021-12-31
SZ300370,机械设备,通用设备,仪器仪表,2021-12-31,
SZ300371,机械设备,仪器仪表,仪器仪表,2020-12-31,2021-12-31
SZ300371,机械设备,通用设备,仪器仪表,2021-12-31,
SZ300373,电子,半导体,分立器件,2020-12-31,
SZ300374,建筑材料,装修建材,耐火材料,2020-12-31,
SZ300375,汽车,汽车零部件,汽车零部件,2020-12-31,2021-12-31
SZ300375,汽车,汽车零部件,底盘与发动机系统,2021-12-31,
SZ300376,电力设备,其他电源设备,储能设备,2020-12-31,2021-12-31
SZ300376,电力设备,其他电源设备,其他电源设备,2021-12-31,
SZ300377,计算机,计算机应用,软件开发,2020-12-31,2021-12-31
SZ300377,计算机,软件开发,垂直应用软件,2021-12-31,
SZ300378,计算机,计算机应用,软件开发,2020-12-31,2021-12-31
SZ300378,计算机,软件开发,横向通用软件,2021-12-31,
SZ300379,计算机,计算机应用,软件开发,2020-12-31,2021-12-31
SZ300379,计算机,软件开发,垂直应用软件,2021-12-31,2026-01-30
SZ300380,计算机,计算机应用,软件开发,2020-12-31,2021-12-31
SZ300380,计算机,软件开发,垂直应用软件,2021-12-31,
SZ300381,医药生物,生物制品,生物制品,2020-12-31,2021-12-31
SZ300381,医药生物,化学制药,原料药,2021-12-31,
SZ300382,机械设备,专用设备,其他专用设备,2020-12-31,
SZ300383,通信,通信设备,通信配套服务,2020-12-31,2021-12-31
SZ300383,计算机,IT服务,IT服务,2021-12-31,2023-07-31
SZ300383,通信,通信服务,通信应用增值服务,2023-07-31,
SZ300384,建筑装饰,专业工程,化学工程,2020-12-31,
SZ300385,机械设备,专用设备,环保设备,2020-12-31,2021-12-31
SZ300385,环保,环境治理,大气治理,2021-12-31,
SZ300386,计算机,计算机设备,计算机设备,2020-12-31,2021-12-31
SZ300386,计算机,计算机设备,其他计算机设备,2021-12-31,
SZ300387,基础化工,化学制品,其他化学制品,2020-12-31,2021-12-31
SZ300387,基础化工,农化制品,复合肥,2021-12-31,
SZ300388,公用事业,水务,水务,2020-12-31,2021-12-31
SZ300388,环保,环境治理,水务及水治理,2021-12-31,
SZ300389,电子,光学光电子,LED,2020-12-31,
SZ300390,电子,其他电子,其他电子,2020-12-31,2022-07-29
SZ300390,有色金属,能源金属,锂,2022-07-29,2023-09-28
SZ300390,电力设备,电池,电池化学品,2023-09-28,
SZ300391,机械设备,通用设备,内燃机,2020-12-31,2021-12-31
SZ300391,汽车,汽车零部件,底盘与发动机系统,2021-12-31,2022-07-29
SZ300391,医药生物,中药,中药,2022-07-29,2026-04-30
SZ300392,传媒,营销传播,营销服务,2020-12-31,2021-12-31
SZ300392,传媒,广告营销,营销代理,2021-12-31,2023-07-31
SZ300393,电力设备,其他电源设备,光伏设备,2020-12-31,2021-12-31
SZ300393,电力设备,光伏设备,光伏电池组件,2021-12-31,
SZ300394,通信,通信设备,通信传输设备,2020-12-31,2021-12-31
SZ300394,通信,通信设备,通信网络设备及器件,2021-12-31,
SZ300395,有色金属,金属新材料,非金属材料,2020-12-31,2021-12-31
SZ300395,国防军工,航空装备,航空装备,2021-12-31,
SZ300396,医药生物,医疗器械,医疗器械,2020-12-31,2021-12-31
SZ300396,医药生物,医疗器械,体外诊断,2021-12-31,
SZ300397,国防军工,航空装备,航空装备,2020-12-31,2022-07-29
SZ300397,国防军工,军工电子,军工电子,2022-07-29,
SZ300398,基础化工,化学制品,涂料油墨,2020-12-31,2021-12-31
SZ300398,电子,电子化学品,电子化学品,2021-12-31,
SZ300399,计算机,计算机应用,IT服务,2020-12-31,2021-12-31
SZ300399,计算机,IT服务,IT服务,2021-12-31,
SZ300400,机械设备,通用设备,其他通用设备,2020-12-31,2021-12-31
SZ300400,机械设备,自动化设备,其他自动化设备,2021-12-31,
SZ300401,医药生物,化学制药,原料药,2020-12-31,
SZ300402,机械设备,金属制品,金属制品,2020-12-31,2021-12-31
SZ300402,机械设备,通用设备,金属制品,2021-12-31,
SZ300403,家用电器,白色家电,家电零部件,2020-12-31,2021-12-31
SZ300403,家用电器,家电零部件,家电零部件,2021-12-31,
SZ300404,医药生物,医疗服务,医疗服务,2020-12-31,2021-12-31
SZ300404,医药生物,医疗服务,医疗研发外包,2021-12-31,
SZ300405,基础化工,化学制品,其他化学制品,2020-12-31,
SZ300406,医药生物,医疗器械,医疗器械,2020-12-31,2021-12-31
SZ300406,医药生物,医疗器械,体外诊断,2021-12-31,
SZ300407,电力设备,电气自动化设备,电网自动化设备,2020-12-31,2021-12-31
SZ300407,电力设备,电网设备,电网自动化设备,2021-12-31,
SZ300408,电子,元件,被动元件,2020-12-31,
SZ300409,基础化工,化学原料,其他化学原料,2020-12-31,2021-12-31
SZ300409,电力设备,电池,电池化学品,2021-12-31,
SZ300410,机械设备,仪器仪表,仪器仪表,2020-12-31,2021-12-31
SZ300410,机械设备,通用设备,仪器仪表,2021-12-31,2022-07-29
SZ300410,电力设备,电池,锂电专用设备,2022-07-29,
SZ300411,机械设备,专用设备,其他专用设备,2020-12-31,
SZ300412,机械设备,专用设备,其他专用设备,2020-12-31,
SZ300413,传媒,互联网传媒,互联网信息服务,2020-12-31,2021-12-31
SZ300413,传媒,数字媒体,视频媒体,2021-12-31,
SZ300414,通信,通信设备,通信配套服务,2020-12-31,2021-12-31
SZ300414,通信,通信设备,其他通信设备,2021-12-31,
SZ300415,机械设备,专用设备,其他专用设备,2020-12-31,
SZ300416,机械设备,仪器仪表,仪器仪表,2020-12-31,2021-12-31
SZ300416,机械设备,通用设备,仪器仪表,2021-12-31,2022-07-29
SZ300416,社会服务,专业服务,检测服务,2022-07-29,
SZ300417,机械设备,仪器仪表,仪器仪表,2020-12-31,2021-12-31
SZ300417,机械设备,通用设备,仪器仪表,2021-12-31,
SZ300418,传媒,互联网传媒,移动互联网服务,2020-12-31,2021-12-31
SZ300418,传媒,游戏,游戏,2021-12-31,
SZ300419,计算机,计算机应用,IT服务,2020-12-31,2021-12-31
SZ300419,计算机,IT服务,IT服务,2021-12-31,
SZ300420,机械设备,通用设备,其他通用设备,2020-12-31,
SZ300421,机械设备,通用设备,机械基础件,2020-12-31,2021-12-31
SZ300421,机械设备,通用设备,金属制品,2021-12-31,
SZ300422,公用事业,环保工程及服务,环保工程及服务,2020-12-31,2021-12-31
SZ300422,环保,环境治理,水务及水治理,2021-12-31,
SZ300423,电力设备,高低压设备,中压设备,2020-12-31,2021-12-31
SZ300423,电力设备,电网设备,输变电设备,2021-12-31,
SZ300424,国防军工,航空装备,航空装备,2020-12-31,
SZ300425,公用事业,环保工程及服务,环保工程及服务,2020-12-31,2021-12-31
SZ300425,环保,环境治理,水务及水治理,2021-12-31,2023-02-28
SZ300425,环保,环保设备,环保设备,2023-02-28,2024-07-31
SZ300425,环保,环境治理,水务及水治理,2024-07-31,
SZ300426,传媒,文化传媒,影视动漫,2020-12-31,2021-12-31
SZ300426,传媒,影视院线,影视动漫制作,2021-12-31,
SZ300427,电力设备,电气自动化设备,电网自动化设备,2020-12-31,2021-12-31
SZ300427,电力设备,电网设备,电网自动化设备,2021-12-31,
SZ300428,汽车,汽车零部件,汽车零部件,2020-12-31,2021-12-31
SZ300428,汽车,汽车零部件,轮胎轮毂,2021-12-31,
SZ300429,基础化工,化学制品,其他化学制品,2020-12-31,2021-12-31
SZ300429,电子,电子化学品,电子化学品,2021-12-31,
SZ300430,机械设备,通用设备,其他通用设备,2020-12-31,2026-07-31
SZ300430,医药生物,医疗器械,医疗设备,2026-07-31,
SZ300432,汽车,汽车零部件,汽车零部件,2020-12-31,2021-12-31
SZ300432,汽车,汽车零部件,底盘与发动机系统,2021-12-31,2023-07-31
SZ300432,电力设备,电池,电池化学品,2023-07-31,
SZ300433,电子,消费电子,电子零部件制造,2020-12-31,2021-12-31
SZ300433,电子,消费电子,消费电子零部件及组装,2021-12-31,
SZ300434,医药生物,化学制药,化学制剂,2020-12-31,
SZ300435,公用事业,燃气,燃气,2020-12-31,2026-07-31
SZ300435,机械设备,专用设备,能源及重型设备,2026-07-31,
SZ300436,医药生物,化学制药,化学制剂,2020-12-31,
SZ300437,基础化工,化学制品,其他化学制品,2020-12-31,2021-12-31
SZ300437,环保,环境治理,水务及水治理,2021-12-31,
SZ300438,电子,其他电子,其他电子,2020-12-31,2021-02-26
SZ300438,电力设备,其他电源设备,储能设备,2021-02-26,2021-12-31
SZ300438,电力设备,电池,锂电池,2021-12-31,
SZ300439,医药生物,医疗器械,医疗器械,2020-12-31,2021-12-31
SZ300439,医药生物,医疗器械,体外诊断,2021-12-31,
SZ300440,计算机,计算机应用,IT服务,2020-12-31,2021-12-31
SZ300440,计算机,IT服务,IT服务,2021-12-31,
SZ300441,机械设备,通用设备,其他通用设备,2020-12-31,
SZ300442,机械设备,专用设备,印刷包装机械,2020-12-31,2023-07-31
SZ300442,通信,通信服务,通信应用增值服务,2023-07-31,
SZ300443,电力设备,其他电源设备,风电设备,2020-12-31,2021-12-31
SZ300443,电力设备,风电设备,风电零部件,2021-12-31,
SZ300444,电力设备,高低压设备,中压设备,2020-12-31,2021-12-31
SZ300444,电力设备,电网设备,输变电设备,2021-12-31,
SZ300445,机械设备,仪器仪表,仪器仪表,2020-12-31,2021-12-31
SZ300445,机械设备,通用设备,仪器仪表,2021-12-31,
SZ300446,基础化工,化学制品,其他化学制品,2020-12-31,2021-12-31
SZ300446,电子,电子化学品,电子化学品,2021-12-31,2024-07-31
SZ300446,汽车,汽车零部件,车身附件及饰件,2024-07-31,
SZ300447,电力设备,高低压设备,线缆部件及其他,2020-12-31,2021-12-31
SZ300447,国防军工,军工电子,军工电子,2021-12-31,
SZ300448,计算机,计算机应用,IT服务,2020-12-31,2021-12-31
SZ300448,计算机,IT服务,IT服务,2021-12-31,
SZ300449,计算机,计算机设备,计算机设备,2020-12-31,2021-12-31
SZ300449,计算机,计算机设备,安防设备,2021-12-31,
SZ300450,机械设备,专用设备,其他专用设备,2020-12-31,2021-12-31
SZ300450,电力设备,电池,锂电专用设备,2021-12-31,
SZ300451,计算机,计算机应用,软件开发,2020-12-31,2021-12-31
SZ300451,计算机,软件开发,垂直应用软件,2021-12-31,
SZ300452,医药生物,化学制药,原料药,2020-12-31,
SZ300453,医药生物,医疗器械,医疗器械,2020-12-31,2021-12-31
SZ300453,医药生物,医疗器械,医疗耗材,2021-12-31,
SZ300454,计算机,计算机应用,软件开发,2020-12-31,2021-12-31
SZ300454,计算机,软件开发,横向通用软件,2021-12-31,
SZ300455,计算机,计算机设备,计算机设备,2020-12-31,2021-12-31
SZ300455,计算机,计算机设备,其他计算机设备,2021-12-31,
SZ300456,电子,半导体,集成电路,2020-12-31,2021-12-31
SZ300456,电子,半导体,集成电路制造,2021-12-31,
SZ300457,机械设备,专用设备,其他专用设备,2020-12-31,2021-12-31
SZ300457,电力设备,电池,锂电专用设备,2021-12-31,
SZ300458,电子,半导体,集成电路,2020-12-31,2021-12-31
SZ300458,电子,半导体,数字芯片设计,2021-12-31,
SZ300459,传媒,互联网传媒,移动互联网服务,2020-12-31,2021-12-31
SZ300459,传媒,游戏,游戏,2021-12-31,
SZ300460,电子,元件,被动元件,2020-12-31,
SZ300461,机械设备,专用设备,其他专用设备,2020-12-31,2021-12-31
SZ300461,机械设备,自动化设备,其他自动化设备,2021-12-31,
SZ300462,计算机,计算机设备,计算机设备,2020-12-31,2021-12-31
SZ300462,计算机,计算机设备,其他计算机设备,2021-12-31,
SZ300463,医药生物,医疗器械,医疗器械,2020-12-31,2021-12-31
SZ300463,医药生物,医疗器械,体外诊断,2021-12-31,
SZ300464,机械设备,通用设备,机械基础件,2020-12-31,2021-12-31
SZ300464,商贸零售,互联网电商,跨境电商,2021-12-31,
SZ300465,计算机,计算机应用,软件开发,2020-12-31,2021-12-31
SZ300465,计算机,软件开发,垂直应用软件,2021-12-31,
SZ300466,电力设备,电气自动化设备,电工仪器仪表,2020-12-31,2021-12-31
SZ300466,电力设备,电网设备,电工仪器仪表,2021-12-31,2022-07-29
SZ300466,机械设备,通用设备,其他通用设备,2022-07-29,2024-07-31
SZ300466,机械设备,通用设备,仪器仪表,2024-07-31,
SZ300467,传媒,互联网传媒,其他互联网服务,2020-12-31,2021-12-31
SZ300467,传媒,游戏,游戏,2021-12-31,
SZ300468,计算机,计算机应用,软件开发,2020-12-31,2021-12-31
SZ300468,计算机,软件开发,垂直应用软件,2021-12-31,
SZ300469,计算机,计算机应用,软件开发,2020-12-31,2021-12-31
SZ300469,计算机,软件开发,垂直应用软件,2021-12-31,
SZ300470,机械设备,通用设备,其他通用设备,2020-12-31,
SZ300471,机械设备,专用设备,其他专用设备,2020-12-31,
SZ300472,机械设备,专用设备,其他专用设备,2020-12-31,
SZ300473,汽车,汽车零部件,汽车零部件,2020-12-31,2021-12-31
SZ300473,汽车,汽车零部件,其他汽车零部件,2021-12-31,
SZ300474,国防军工,航天装备,航天装备,2020-12-31,2021-12-31
SZ300474,国防军工,军工电子,军工电子,2021-12-31,
SZ300475,家用电器,白色家电,家电零部件,2020-12-31,2021-12-31
SZ300475,家用电器,家电零部件,家电零部件,2021-12-31,2022-05-31
SZ300475,电子,其他电子,其他电子,2022-05-31,
SZ300476,电子,元件,印制电路板,2020-12-31,
SZ300477,电力设备,高低压设备,中压设备,2020-12-31,2021-12-31
SZ300477,电力设备,电网设备,输变电设备,2021-12-31,2023-07-31
SZ300477,电力设备,电池,电池化学品,2023-07-31,
SZ300478,基础化工,塑料,其他塑料制品,2020-12-31,2021-12-31
SZ300478,基础化工,塑料,改性塑料,2021-12-31,
SZ300479,计算机,计算机设备,计算机设备,2020-12-31,2021-12-31
SZ300479,计算机,计算机设备,其他计算机设备,2021-12-31,
SZ300480,机械设备,专用设备,能源及重型设备,2020-12-31,
SZ300481,基础化工,化学制品,其他化学制品,2020-12-31,2021-12-31
SZ300481,电子,电子化学品,电子化学品,2021-12-31,
SZ300482,医药生物,医疗器械,医疗器械,2020-12-31,2021-12-31
SZ300482,医药生物,医疗器械,体外诊断,2021-12-31,
SZ300483,机械设备,专用设备,其他专用设备,2020-12-31,2021-12-31
SZ300483,公用事业,燃气,燃气,2021-12-31,
SZ300484,电力设备,电气自动化设备,工控自动化,2020-12-31,2021-12-31
SZ300484,机械设备,自动化设备,工控设备,2021-12-31,
SZ300485,医药生物,生物制品,生物制品,2020-12-31,2021-12-31
SZ300485,医药生物,生物制品,其他生物制品,2021-12-31,
SZ300486,机械设备,专用设备,其他专用设备,2020-12-31,2021-12-31
SZ300486,机械设备,自动化设备,其他自动化设备,2021-12-31,
SZ300487,基础化工,化学制品,其他化学制品,2020-12-31,2021-12-31
SZ300487,基础化工,塑料,合成树脂,2021-12-31,
SZ300488,机械设备,通用设备,机械基础件,2020-12-31,2021-12-31
SZ300488,机械设备,通用设备,金属制品,2021-12-31,
SZ300489,有色金属,金属新材料,其他金属新材料,2020-12-31,2021-12-31
SZ300489,有色金属,工业金属,铝,2021-12-31,2022-07-29
SZ300489,机械设备,自动化设备,激光设备,2022-07-29,2024-06-28
SZ300489,电子,光学光电子,光学元件,2024-06-28,
SZ300490,电力设备,电气自动化设备,电网自动化设备,2020-12-31,2021-12-31
SZ300490,电力设备,电网设备,电网自动化设备,2021-12-31,2023-07-31
SZ300490,电力设备,电池,锂电专用设备,2023-07-31,
SZ300491,电力设备,其他电源设备,储能设备,2020-12-31,2021-12-31
SZ300491,电力设备,其他电源设备,其他电源设备,2021-12-31,
SZ300492,建筑装饰,房屋建设,房屋建设,2020-12-31,2021-12-31
SZ300492,建筑装饰,工程咨询服务,工程咨询服务,2021-12-31,2026-07-31
SZ300492,社会服务,教育,培训教育,2026-07-31,
SZ300493,电子,半导体,集成电路,2020-12-31,2021-12-31
SZ300493,电子,其他电子,其他电子,2021-12-31,
SZ300494,传媒,互联网传媒,互联网信息服务,2020-12-31,2021-12-31
SZ300494,传媒,游戏,游戏,2021-12-31,
SZ300495,建筑装饰,园林工程,园林工程,2020-12-31,2021-12-31
SZ300495,建筑装饰,基础建设,园林工程,2021-12-31,2024-09-30
SZ300496,计算机,计算机应用,IT服务,2020-12-31,2021-12-31
SZ300496,计算机,IT服务,IT服务,2021-12-31,
SZ300497,医药生物,化学制药,原料药,2020-12-31,
SZ300498,农林牧渔,养殖业,畜禽养殖,2020-12-31,2021-12-31
SZ300498,农林牧渔,养殖业,生猪养殖,2021-12-31,
SZ300499,机械设备,专用设备,其他专用设备,2020-12-31,
SZ300500,建筑装饰,房屋建设,房屋建设,2020-12-31,2021-12-31
SZ300500,建筑装饰,工程咨询服务,工程咨询服务,2021-12-31,
SZ300501,轻工制造,包装印刷,包装印刷,2020-12-31,2021-12-31
SZ300501,轻工制造,包装印刷,综合包装,2021-12-31,
SZ300502,通信,通信设备,终端设备,2020-12-31,2021-12-31
SZ300502,通信,通信设备,通信网络设备及器件,2021-12-31,
SZ300503,机械设备,通用设备,其他通用设备,2020-12-31,
SZ300504,通信,通信设备,终端设备,2020-12-31,2021-12-31
SZ300504,通信,通信设备,通信终端及配件,2021-12-31,
SZ300505,基础化工,化学制品,磷化工及磷酸盐,2020-12-31,2021-12-31
SZ300505,基础化工,农化制品,磷肥及磷化工,2021-12-31,
SZ300506,建筑装饰,装修装饰,装修装饰,2020-12-31,
SZ300507,汽车,汽车零部件,汽车零部件,2020-12-31,2021-12-31
SZ300507,汽车,汽车零部件,底盘与发动机系统,2021-12-31,
SZ300508,计算机,计算机应用,IT服务,2020-12-31,2021-12-31
SZ300508,计算机,计算机设备,其他计算机设备,2021-12-31,
SZ300509,机械设备,专用设备,印刷包装机械,2020-12-31,
SZ300510,电力设备,高低压设备,中压设备,2020-12-31,2021-12-31
SZ300510,电力设备,电网设备,电网自动化设备,2021-12-31,
SZ300511,农林牧渔,种植业,粮食种植,2020-12-31,2021-12-31
SZ300511,农林牧渔,种植业,食用菌,2021-12-31,
SZ300512,机械设备,专用设备,印刷包装机械,2020-12-31,
SZ300513,通信,通信设备,通信配套服务,2020-12-31,2021-12-31
SZ300513,通信,通信服务,通信工程及服务,2021-12-31,
SZ300514,电力设备,电气自动化设备,电工仪器仪表,2020-12-31,2021-12-31
SZ300514,电力设备,电网设备,电工仪器仪表,2021-12-31,
SZ300515,机械设备,仪器仪表,仪器仪表,2020-12-31,2021-12-31
SZ300515,机械设备,通用设备,仪器仪表,2021-12-31,
SZ300516,电子,其他电子,其他电子,2020-12-31,
SZ300517,建筑装饰,专业工程,钢结构,2020-12-31,
SZ300518,传媒,互联网传媒,移动互联网服务,2020-12-31,2021-12-31
SZ300518,传媒,游戏,游戏,2021-12-31,2022-07-29
SZ300518,商贸零售,互联网电商,电商服务,2022-07-29,
SZ300519,医药生物,中药,中药,2020-12-31,
SZ300520,计算机,计算机应用,软件开发,2020-12-31,2021-12-31
SZ300520,计算机,软件开发,垂直应用软件,2021-12-31,
SZ300521,机械设备,专用设备,印刷包装机械,2020-12-31,
SZ300522,基础化工,化学制品,涂料油墨,2020-12-31,
SZ300523,计算机,计算机应用,IT服务,2020-12-31,2021-12-31
SZ300523,计算机,IT服务,IT服务,2021-12-31,
SZ300525,计算机,计算机应用,软件开发,2020-12-31,2021-12-31
SZ300525,计算机,软件开发,垂直应用软件,2021-12-31,
SZ300526,纺织服饰,服装家纺,其他服装,2020-12-31,2021-12-31
SZ300526,纺织服饰,服装家纺,鞋帽及其他,2021-12-31,2023-07-31
SZ300527,国防军工,地面兵装,地面兵装,2020-12-31,
SZ300528,传媒,文化传媒,影视动漫,2020-12-31,2021-12-31
SZ300528,传媒,影视院线,院线,2021-12-31,
SZ300529,医药生物,医疗器械,医疗器械,2020-12-31,2021-12-31
SZ300529,医药生物,医疗器械,医疗耗材,2021-12-31,
SZ300530,基础化工,化学制品,其他化学制品,2020-12-31,2026-07-31
SZ300530,电力设备,电池,锂电池,2026-07-31,
SZ300531,通信,通信设备,终端设备,2020-12-31,2021-12-31
SZ300531,计算机,计算机设备,其他计算机设备,2021-12-31,
SZ300532,计算机,计算机应用,IT服务,2020-12-31,2021-12-31
SZ300532,计算机,IT服务,IT服务,2021-12-31,
SZ300533,传媒,互联网传媒,移动互联网服务,2020-12-31,2021-12-31
SZ300533,传媒,游戏,游戏,2021-12-31,
SZ300534,医药生物,中药,中药,2020-12-31,
SZ300535,基础化工,化学制品,纺织化学制品,2020-12-31,2021-12-31
SZ300535,基础化工,化学制品,其他化学制品,2021-12-31,
SZ300536,建筑装饰,园林工程,园林工程,2020-12-31,2021-12-31
SZ300536,建筑装饰,基础建设,园林工程,2021-12-31,2026-07-31
SZ300536,计算机,IT服务,IT服务,2026-07-31,
SZ300537,基础化工,化学制品,涂料油墨,2020-12-31,2021-12-31
SZ300537,电子,电子化学品,电子化学品,2021-12-31,
SZ300538,基础化工,塑料,改性塑料,2020-12-31,
SZ300539,基础化工,塑料,其他塑料制品,2020-12-31,
SZ300540,机械设备,专用设备,其他专用设备,2020-12-31,
SZ300541,计算机,计算机应用,IT服务,2020-12-31,2021-12-31
SZ300541,计算机,IT服务,IT服务,2021-12-31,
SZ300542,计算机,计算机应用,软件开发,2020-12-31,2021-12-31
SZ300542,计算机,软件开发,垂直应用软件,2021-12-31,
SZ300543,电子,消费电子,电子零部件制造,2020-12-31,2021-12-31
SZ300543,电子,消费电子,消费电子零部件及组装,2021-12-31,2024-07-31
SZ300543,家用电器,家电零部件,家电零部件,2024-07-31,
SZ300545,电子,光学光电子,面板,2020-12-31,
SZ300546,计算机,计算机设备,计算机设备,2020-12-31,2021-12-31
SZ300546,计算机,计算机设备,其他计算机设备,2021-12-31,
SZ300547,汽车,汽车零部件,汽车零部件,2020-12-31,2021-12-31
SZ300547,汽车,汽车零部件,底盘与发动机系统,2021-12-31,
SZ300548,通信,通信设备,通信传输设备,2020-12-31,2021-12-31
SZ300548,通信,通信设备,通信网络设备及器件,2021-12-31,
SZ300549,机械设备,专用设备,其他专用设备,2020-12-31,
SZ300550,计算机,计算机应用,软件开发,2020-12-31,2021-12-31
SZ300550,计算机,软件开发,垂直应用软件,2021-12-31,
SZ300551,机械设备,专用设备,其他专用设备,2020-12-31,2021-05-31
SZ300551,计算机,计算机设备,计算机设备,2021-05-31,2021-12-31
SZ300551,计算机,计算机设备,其他计算机设备,2021-12-31,
SZ300552,计算机,计算机应用,软件开发,2020-12-31,2021-12-31
SZ300552,计算机,计算机设备,其他计算机设备,2021-12-31,
SZ300553,机械设备,仪器仪表,仪器仪表,2020-12-31,2021-12-31
SZ300553,机械设备,通用设备,仪器仪表,2021-12-31,
SZ300554,机械设备,通用设备,磨具磨料,2020-12-31,
SZ300555,通信,通信设备,通信传输设备,2020-12-31,2021-12-31
SZ300555,通信,通信设备,通信终端及配件,2021-12-31,
SZ300556,计算机,计算机应用,软件开发,2020-12-31,2021-12-31
SZ300556,计算机,软件开发,垂直应用软件,2021-12-31,
SZ300557,机械设备,仪器仪表,仪器仪表,2020-12-31,2021-12-31
SZ300557,机械设备,通用设备,仪器仪表,2021-12-31,
SZ300558,医药生物,化学制药,化学制剂,2020-12-31,
SZ300559,计算机,计算机应用,软件开发,2020-12-31,2021-12-31
SZ300559,计算机,软件开发,垂直应用软件,2021-12-31,
SZ300560,通信,通信设备,通信配套服务,2020-12-31,2021-12-31
SZ300560,通信,通信服务,通信工程及服务,2021-12-31,
SZ300561,计算机,计算机应用,软件开发,2020-12-31,2021-12-31
SZ300561,计算机,软件开发,垂直应用软件,2021-12-31,
SZ300562,医药生物,医疗器械,医疗器械,2020-12-31,2021-12-31
SZ300562,医药生物,医疗器械,医疗设备,2021-12-31,
SZ300563,通信,通信设备,通信传输设备,2020-12-31,2021-12-31
SZ300563,通信,通信设备,通信线缆及配套,2021-12-31,
SZ300564,建筑装饰,房屋建设,房屋建设,2020-12-31,2021-12-31
SZ300564,建筑装饰,工程咨询服务,工程咨询服务,2021-12-31,
SZ300565,通信,通信设备,通信传输设备,2020-12-31,2021-12-31
SZ300565,通信,通信设备,通信网络设备及器件,2021-12-31,
SZ300566,电子,光学光电子,光学元件,2020-12-31,
SZ300567,机械设备,仪器仪表,仪器仪表,2020-12-31,2021-12-31
SZ300567,机械设备,通用设备,仪器仪表,2021-12-31,
SZ300568,基础化工,化学制品,其他化学制品,2020-12-31,2021-12-31
SZ300568,电力设备,电池,电池化学品,2021-12-31,
SZ300569,电力设备,其他电源设备,风电设备,2020-12-31,2021-12-31
SZ300569,电力设备,风电设备,风电零部件,2021-12-31,
SZ300570,通信,通信设备,通信传输设备,2020-12-31,2021-12-31
SZ300570,通信,通信设备,通信网络设备及器件,2021-12-31,
SZ300571,通信,通信设备,通信配套服务,2020-12-31,2021-12-31
SZ300571,通信,通信服务,通信应用增值服务,2021-12-31,
SZ300572,机械设备,仪器仪表,仪器仪表,2020-12-31,2021-12-31
SZ300572,社会服务,专业服务,检测服务,2021-12-31,2026-07-31
SZ300572,机械设备,通用设备,仪器仪表,2026-07-31,
SZ300573,医药生物,化学制药,化学制剂,2020-12-31,
SZ300575,基础化工,化学制品,农药,2020-12-31,2021-12-31
SZ300575,基础化工,农化制品,农药,2021-12-31,
SZ300576,基础化工,化学制品,涂料油墨,2020-12-31,2021-12-31
SZ300576,电子,电子化学品,电子化学品,2021-12-31,
SZ300577,纺织服饰,纺织制造,其他纺织,2020-12-31,2021-12-31
SZ300577,纺织服饰,服装家纺,鞋帽及其他,2021-12-31,
SZ300578,通信,通信服务,通信运营,2020-12-31,2021-12-31
SZ300578,通信,通信服务,通信应用增值服务,2021-12-31,
SZ300579,计算机,计算机应用,软件开发,2020-12-31,2021-12-31
SZ300579,计算机,软件开发,垂直应用软件,2021-12-31,
SZ300580,汽车,汽车零部件,汽车零部件,2020-12-31,2021-12-31
SZ300580,汽车,汽车零部件,底盘与发动机系统,2021-12-31,
SZ300581,国防军工,航空装备,航空装备,2020-12-31,
SZ300582,电子,光学光电子,LED,2020-12-31,
SZ300583,医药生物,化学制药,原料药,2020-12-31,
SZ300584,医药生物,化学制药,化学制剂,2020-12-31,
SZ300585,汽车,汽车零部件,汽车零部件,2020-12-31,2021-12-31
SZ300585,汽车,汽车零部件,底盘与发动机系统,2021-12-31,
SZ300586,基础化工,塑料,其他塑料制品,2020-12-31,2021-12-31
SZ300586,基础化工,塑料,改性塑料,2021-12-31,
SZ300587,基础化工,橡胶,其他橡胶制品,2020-12-31,
SZ300588,计算机,计算机应用,软件开发,2020-12-31,2021-12-31
SZ300588,计算机,计算机设备,安防设备,2021-12-31,
SZ300589,国防军工,航海装备,航海装备,2020-12-31,
SZ300590,通信,通信设备,终端设备,2020-12-31,2021-12-31
SZ300590,通信,通信设备,通信终端及配件,2021-12-31,
SZ300591,纺织服饰,服装家纺,鞋帽及其他,2020-12-31,
SZ300592,建筑装饰,装修装饰,装修装饰,2020-12-31,2022-07-29
SZ300592,商贸零售,互联网电商,跨境电商,2022-07-29,
SZ300593,电力设备,其他电源设备,储能设备,2020-12-31,2021-12-31
SZ300593,电力设备,其他电源设备,其他电源设备,2021-12-31,
SZ300594,机械设备,轨交设备,轨交设备,2020-12-31,
SZ300595,医药生物,医疗器械,医疗器械,2020-12-31,2021-12-31
SZ300595,医药生物,医疗器械,医疗耗材,2021-12-31,
SZ300596,基础化工,化学制品,其他化学制品,2020-12-31,2021-12-31
SZ300596,基础化工,塑料,其他塑料制品,2021-12-31,2022-07-29
SZ300596,基础化工,化学制品,其他化学制品,2022-07-29,
SZ300597,通信,通信设备,通信配套服务,2020-12-31,2021-12-31
SZ300597,通信,通信服务,通信工程及服务,2021-12-31,
SZ300598,计算机,计算机应用,软件开发,2020-12-31,2021-12-31
SZ300598,计算机,软件开发,垂直应用软件,2021-12-31,
SZ300599,建筑材料,装修建材,管材,2020-12-31,
SZ300600,国防军工,航海装备,航海装备,2020-12-31,
SZ300601,医药生物,生物制品,生物制品,2020-12-31,2021-12-31
SZ300601,医药生物,生物制品,疫苗,2021-12-31,
SZ300602,电子,消费电子,电子零部件制造,2020-12-31,2021-12-31
SZ300602,电子,消费电子,消费电子零部件及组装,2021-12-31,
SZ300603,通信,通信设备,通信配套服务,2020-12-31,2021-12-31
SZ300603,通信,通信服务,通信应用增值服务,2021-12-31,2022-07-29
SZ300603,通信,通信服务,通信工程及服务,2022-07-29,
SZ300604,机械设备,专用设备,其他专用设备,2020-12-31,2021-12-31
SZ300604,电子,半导体,半导体设备,2021-12-31,
SZ300605,计算机,计算机应用,软件开发,2020-12-31,2021-12-31
SZ300605,计算机,软件开发,垂直应用软件,2021-12-31,
SZ300606,机械设备,通用设备,磨具磨料,2020-12-31,
SZ300607,机械设备,通用设备,其他通用设备,2020-12-31,2021-12-31
SZ300607,机械设备,自动化设备,机器人,2021-12-31,
SZ300608,计算机,计算机应用,软件开发,2020-12-31,2021-12-31
SZ300608,计算机,软件开发,垂直应用软件,2021-12-31,
SZ300609,计算机,计算机应用,IT服务,2020-12-31,2021-12-31
SZ300609,计算机,IT服务,IT服务,2021-12-31,
SZ300610,基础化工,化学制品,其他化学制品,2020-12-31,2021-12-31
SZ300610,基础化工,塑料,其他塑料制品,2021-12-31,2022-07-29
SZ300610,基础化工,化学制品,其他化学制品,2022-07-29,
SZ300611,汽车,汽车零部件,汽车零部件,2020-12-31,2021-12-31
SZ300611,汽车,汽车零部件,底盘与发动机系统,2021-12-31,
SZ300612,传媒,营销传播,营销服务,2020-12-31,2021-12-31
SZ300612,传媒,广告营销,营销代理,2021-12-31,
SZ300613,电子,半导体,集成电路,2020-12-31,2021-12-31
SZ300613,电子,半导体,数字芯片设计,2021-12-31,
SZ300614,公用事业,环保工程及服务,环保工程及服务,2021-05-31,2021-12-31
SZ300614,环保,环境治理,固废治理,2021-12-31,
SZ300615,通信,通信设备,通信传输设备,2020-12-31,2021-12-31
SZ300615,通信,通信设备,通信终端及配件,2021-12-31,
SZ300616,轻工制造,家居用品,家具,2020-12-31,2021-12-31
SZ300616,轻工制造,家居用品,定制家居,2021-12-31,
SZ300617,电力设备,高低压设备,线缆部件及其他,2020-12-31,2021-12-31
SZ300617,电力设备,电网设备,线缆部件及其他,2021-12-31,2024-07-31
SZ300617,电力设备,电网设备,输变电设备,2024-07-31,
SZ300618,有色金属,小金属,其他小金属,2020-12-31,2021-12-31
SZ300618,有色金属,能源金属,钴,2021-12-31,
SZ300619,机械设备,专用设备,其他专用设备,2020-12-31,2021-12-31
SZ300619,电力设备,电池,锂电专用设备,2021-12-31,
SZ300620,通信,通信设备,通信传输设备,2020-12-31,2021-12-31
SZ300620,通信,通信设备,通信网络设备及器件,2021-12-31,
SZ300621,建筑装饰,装修装饰,装修装饰,2020-12-31,
SZ300622,商贸零售,专业连锁,专业连锁,2020-12-31,
SZ300623,电子,半导体,分立器件,2020-12-31,
SZ300624,计算机,计算机应用,软件开发,2020-12-31,2021-12-31
SZ300624,计算机,软件开发,横向通用软件,2021-12-31,
SZ300625,电子,光学光电子,LED,2020-12-31,2021-12-31
SZ300625,家用电器,照明设备,照明设备,2021-12-31,
SZ300626,电力设备,电机,电机,2020-12-31,
SZ300627,通信,通信设备,终端设备,2020-12-31,2021-12-31
SZ300627,通信,通信设备,通信终端及配件,2021-12-31,
SZ300628,通信,通信设备,终端设备,2020-12-31,2021-12-31
SZ300628,通信,通信设备,通信终端及配件,2021-12-31,
SZ300629,机械设备,通用设备,磨具磨料,2020-12-31,2022-07-29
SZ300629,国防军工,军工电子,军工电子,2022-07-29,
SZ300630,医药生物,化学制药,化学制剂,2020-12-31,2025-05-30
SZ300631,公用事业,环保工程及服务,环保工程及服务,2020-12-31,2021-12-31
SZ300631,环保,环保设备,环保设备,2021-12-31,
SZ300632,电子,光学光电子,LED,2020-12-31,
SZ300633,医药生物,医疗器械,医疗器械,2020-12-31,2021-12-31
SZ300633,医药生物,医疗器械,医疗设备,2021-12-31,
SZ300634,计算机,计算机应用,IT服务,2020-12-31,2021-12-31
SZ300634,计算机,IT服务,IT服务,2021-12-31,
SZ300635,建筑装饰,专业工程,其他专业工程,2020-12-31,2021-12-31
SZ300635,建筑装饰,工程咨询服务,工程咨询服务,2021-12-31,
SZ300636,医药生物,化学制药,原料药,2020-12-31,
SZ300637,基础化工,化学制品,其他化学制品,2020-12-31,2021-12-31
SZ300637,电子,电子化学品,电子化学品,2021-12-31,2022-07-29
SZ300637,基础化工,化学制品,其他化学制品,2022-07-29,
SZ300638,通信,通信设备,通信配套服务,2020-12-31,2021-12-31
SZ300638,通信,通信设备,通信终端及配件,2021-12-31,
SZ300639,医药生物,医疗器械,医疗器械,2020-12-31,2021-12-31
SZ300639,医药生物,医疗器械,体外诊断,2021-12-31,
SZ300640,轻工制造,家居用品,其他家用轻工,2020-12-31,2021-12-31
SZ300640,轻工制造,家居用品,其他家居用品,2021-12-31,
SZ300641,基础化工,化学制品,其他化学制品,2020-12-31,
SZ300642,医药生物,医疗器械,医疗器械,2020-12-31,2021-12-31
SZ300642,医药生物,医疗器械,体外诊断,2021-12-31,
SZ300643,汽车,汽车零部件,汽车零部件,2020-12-31,2021-12-31
SZ300643,汽车,汽车零部件,其他汽车零部件,2021-12-31,
SZ300644,基础化工,塑料,改性塑料,2020-12-31,
SZ300645,计算机,计算机应用,IT服务,2020-12-31,2021-12-31
SZ300645,计算机,计算机设备,其他计算机设备,2021-12-31,
SZ300647,电子,消费电子,电子零部件制造,2020-12-31,2021-12-31
SZ300647,电子,消费电子,消费电子零部件及组装,2021-12-31,
SZ300648,机械设备,仪器仪表,仪器仪表,2020-12-31,2021-12-31
SZ300648,电力设备,电池,锂电专用设备,2021-12-31,
SZ300649,建筑装饰,园林工程,园林工程,2020-12-31,2021-12-31
SZ300649,建筑装饰,基础建设,园林工程,2021-12-31,
SZ300650,电子,光学光电子,LED,2020-12-31,2022-07-29
SZ300650,电子,其他电子,其他电子,2022-07-29,
SZ300651,轻工制造,家居用品,文娱用品,2020-12-31,2021-12-31
SZ300651,社会服务,体育,体育,2021-12-31,2023-07-31
SZ300651,轻工制造,文娱用品,娱乐用品,2023-07-31,
SZ300652,汽车,汽车零部件,汽车零部件,2020-12-31,2021-12-31
SZ300652,汽车,汽车零部件,轮胎轮毂,2021-12-31,
SZ300653,医药生物,医疗器械,医疗器械,2020-12-31,2021-12-31
SZ300653,医药生物,医疗器械,医疗耗材,2021-12-31,
SZ300654,传媒,文化传媒,平面媒体,2020-12-31,2021-12-31
SZ300654,传媒,出版,教育出版,2021-12-31,
SZ300655,基础化工,化学原料,其他化学原料,2020-12-31,2021-12-31
SZ300655,电子,电子化学品,电子化学品,2021-12-31,
SZ300656,电子,其他电子,其他电子,2020-12-31,
SZ300657,电子,元件,印制电路板,2020-12-31,
SZ300658,纺织服饰,纺织制造,其他纺织,2020-12-31,2021-12-31
SZ300658,美容护理,个护用品,生活用纸,2021-12-31,
SZ300659,计算机,计算机应用,软件开发,2020-12-31,2021-12-31
SZ300659,计算机,计算机设备,其他计算机设备,2021-12-31,
SZ300660,电力设备,电机,电机,2020-12-31,
SZ300661,电子,半导体,集成电路,2020-12-31,2021-12-31
SZ300661,电子,半导体,模拟芯片设计,2021-12-31,
SZ300662,社会服务,其他休闲服务,其他休闲服务,2020-12-31,2021-12-31
SZ300662,社会服务,专业服务,人力资源服务,2021-12-31,
SZ300663,计算机,计算机应用,软件开发,2020-12-31,2021-12-31
SZ300663,计算机,软件开发,垂直应用软件,2021-12-31,
SZ300664,公用事业,水务,水务,2020-12-31,2021-12-31
SZ300664,环保,环境治理,水务及水治理,2021-12-31,
SZ300665,基础化工,化学制品,涂料油墨,2020-12-31,
SZ300666,电子,半导体,半导体材料,2020-12-31,
SZ300667,机械设备,仪器仪表,仪器仪表,2020-12-31,2021-12-31
SZ300667,机械设备,通用设备,仪器仪表,2021-12-31,
SZ300668,建筑装饰,房屋建设,房屋建设,2020-12-31,2021-12-31
SZ300668,建筑装饰,工程咨询服务,工程咨询服务,2021-12-31,
SZ300669,机械设备,专用设备,楼宇设备,2020-12-31,
SZ300670,电力设备,高低压设备,中压设备,2020-12-31,2021-12-31
SZ300670,电力设备,电网设备,配电设备,2021-12-31,
SZ300671,电子,半导体,集成电路,2020-12-31,2021-12-31
SZ300671,电子,半导体,模拟芯片设计,2021-12-31,
SZ300672,电子,半导体,集成电路,2020-12-31,2021-12-31
SZ300672,电子,半导体,数字芯片设计,2021-12-31,
SZ300673,农林牧渔,饲料,饲料,2020-12-31,2021-12-31
SZ300673,农林牧渔,饲料,宠物食品,2021-12-31,
SZ300674,计算机,计算机应用,IT服务,2020-12-31,2021-12-31
SZ300674,计算机,IT服务,IT服务,2021-12-31,
SZ300675,建筑装饰,房屋建设,房屋建设,2020-12-31,2021-12-31
SZ300675,建筑装饰,工程咨询服务,工程咨询服务,2021-12-31,
SZ300676,医药生物,医疗器械,医疗器械,2020-12-31,2021-12-31
SZ300676,医药生物,医疗器械,体外诊断,2021-12-31,2022-07-29
SZ300676,医药生物,医疗服务,诊断服务,2022-07-29,
SZ300677,医药生物,医疗器械,医疗器械,2020-12-31,2021-12-31
SZ300677,医药生物,医疗器械,医疗耗材,2021-12-31,
SZ300678,计算机,计算机应用,IT服务,2020-12-31,2021-12-31
SZ300678,计算机,IT服务,IT服务,2021-12-31,
SZ300679,电子,消费电子,电子零部件制造,2020-12-31,2021-12-31
SZ300679,电子,消费电子,消费电子零部件及组装,2021-12-31,
SZ300680,汽车,汽车零部件,汽车零部件,2020-12-31,2021-12-31
SZ300680,汽车,汽车零部件,底盘与发动机系统,2021-12-31,
SZ300681,汽车,汽车零部件,汽车零部件,2020-12-31,2021-12-31
SZ300681,汽车,汽车零部件,汽车电子电气系统,2021-12-31,
SZ300682,计算机,计算机应用,IT服务,2020-12-31,2021-12-31
SZ300682,计算机,IT服务,IT服务,2021-12-31,
SZ300683,医药生物,生物制品,生物制品,2020-12-31,2021-12-31
SZ300683,医药生物,生物制品,其他生物制品,2021-12-31,2024-07-31
SZ300683,医药生物,医疗服务,医疗研发外包,2024-07-31,
SZ300684,电子,消费电子,电子零部件制造,2020-12-31,2021-12-31
SZ300684,电子,消费电子,消费电子零部件及组装,2021-12-31,2022-07-29
SZ300684,电子,电子化学品,电子化学品,2022-07-29,
SZ300685,医药生物,医疗器械,医疗器械,2020-12-31,2021-12-31
SZ300685,医药生物,医疗器械,体外诊断,2021-12-31,
SZ300686,电子,消费电子,电子零部件制造,2020-12-31,2021-12-31
SZ300686,电子,消费电子,消费电子零部件及组装,2021-12-31,
SZ300687,计算机,计算机应用,IT服务,2020-12-31,2021-12-31
SZ300687,计算机,IT服务,IT服务,2021-12-31,
SZ300688,综合,综合,综合,2020-12-31,2021-12-31
SZ300688,社会服务,教育,培训教育,2021-12-31,
SZ300689,通信,通信设备,终端设备,2020-12-31,2021-12-31
SZ300689,通信,通信设备,通信终端及配件,2021-12-31,
SZ300690,基础化工,化学制品,其他化学制品,2020-12-31,2021-12-31
SZ300690,电力设备,风电设备,风电零部件,2021-12-31,
SZ300691,电子,光学光电子,光学元件,2020-12-31,2021-12-31
SZ300691,计算机,计算机设备,安防设备,2021-12-31,
SZ300692,公用事业,水务,水务,2020-12-31,2021-12-31
SZ300692,环保,环境治理,水务及水治理,2021-12-31,
SZ300693,电力设备,其他电源设备,储能设备,2020-12-31,2021-12-31
SZ300693,电力设备,其他电源设备,其他电源设备,2021-12-31,
SZ300694,汽车,汽车零部件,汽车零部件,2020-12-31,2021-12-31
SZ300694,汽车,汽车零部件,底盘与发动机系统,2021-12-31,
SZ300695,汽车,汽车零部件,汽车零部件,2020-12-31,2021-12-31
SZ300695,汽车,汽车零部件,轮胎轮毂,2021-12-31,
SZ300696,国防军工,航空装备,航空装备,2020-12-31,
SZ300697,有色金属,工业金属,铜,2020-12-31,
SZ300698,通信,通信设备,通信传输设备,2020-12-31,2021-12-31
SZ300698,通信,通信设备,通信网络设备及器件,2021-12-31,
SZ300699,基础化工,化学纤维,其他化学纤维,2020-12-31,2021-12-31
SZ300699,国防军工,航空装备,航空装备,2021-12-31,
SZ300700,机械设备,通用设备,磨具磨料,2020-12-31,
SZ300701,电子,光学光电子,光学元件,2020-12-31,
SZ300702,医药生物,化学制药,化学制剂,2020-12-31,2021-12-31
SZ300702,医药生物,化学制药,原料药,2021-12-31,
SZ300703,轻工制造,家居用品,文娱用品,2020-12-31,2021-12-31
SZ300703,轻工制造,文娱用品,文化用品,2021-12-31,
SZ300705,医药生物,化学制药,化学制剂,2020-12-31,
SZ300706,电子,半导体,半导体材料,2020-12-31,
SZ300707,汽车,汽车零部件,汽车零部件,2020-12-31,2021-12-31
SZ300707,汽车,汽车零部件,其他汽车零部件,2021-12-31,
SZ300708,电子,光学光电子,LED,2020-12-31,
SZ300709,电子,消费电子,电子零部件制造,2020-12-31,2021-12-31
SZ300709,电子,消费电子,消费电子零部件及组装,2021-12-31,
SZ300710,通信,通信设备,通信传输设备,2020-12-31,2021-12-31
SZ300710,通信,通信设备,通信网络设备及器件,2021-12-31,
SZ300711,通信,通信设备,终端设备,2020-12-31,2021-12-31
SZ300711,通信,通信设备,其他通信设备,2021-12-31,
SZ300712,建筑装饰,基础建设,其他基础建设,2020-12-31,2021-12-31
SZ300712,建筑装饰,专业工程,其他专业工程,2021-12-31,
SZ300713,电力设备,其他电源设备,储能设备,2020-12-31,2021-12-31
SZ300713,电力设备,其他电源设备,其他电源设备,2021-12-31,
SZ300715,建筑材料,装修建材,其他建材,2020-12-31,2021-12-31
SZ300715,建筑材料,装修建材,防水材料,2021-12-31,
SZ300716,基础化工,塑料,改性塑料,2020-12-31,2025-08-29
SZ300716,电力设备,光伏设备,光伏电池组件,2025-08-29,
SZ300717,基础化工,塑料,其他塑料制品,2020-12-31,
SZ300718,机械设备,通用设备,机械基础件,2020-12-31,2021-12-31
SZ300718,机械设备,工程机械,工程机械器件,2021-12-31,2024-07-31
SZ300718,机械设备,通用设备,金属制品,2024-07-31,
SZ300719,国防军工,航空装备,航空装备,2020-12-31,
SZ300720,机械设备,仪器仪表,仪器仪表,2020-12-31,2021-12-31
SZ300720,机械设备,通用设备,仪器仪表,2021-12-31,
SZ300721,基础化工,化学制品,其他化学制品,2020-12-31,
SZ300722,国防军工,航天装备,航天装备,2020-12-31,
SZ300723,医药生物,化学制药,化学制剂,2020-12-31,
SZ300724,机械设备,专用设备,其他专用设备,2020-12-31,2021-12-31
SZ300724,电力设备,光伏设备,光伏加工设备,2021-12-31,
SZ300725,医药生物,化学制药,原料药,2020-12-31,2021-12-31
SZ300725,医药生物,医疗服务,医疗研发外包,2021-12-31,
SZ300726,电子,元件,被动元件,2020-12-31,2021-12-31
SZ300726,国防军工,军工电子,军工电子,2021-12-31,
SZ300727,基础化工,化学制品,纺织化学制品,2020-12-31,2021-12-31
SZ300727,基础化工,化学制品,有机硅,2021-12-31,
SZ300729,轻工制造,家居用品,其他家用轻工,2020-12-31,2021-12-31
SZ300729,轻工制造,家居用品,其他家居用品,2021-12-31,
SZ300730,计算机,计算机应用,软件开发,2020-12-31,2021-12-31
SZ300730,计算机,软件开发,垂直应用软件,2021-12-31,
SZ300731,基础化工,橡胶,其他橡胶制品,2020-12-31,
SZ300732,建筑装饰,基础建设,路桥施工,2020-12-31,2021-12-31
SZ300732,建筑装饰,工程咨询服务,工程咨询服务,2021-12-31,
SZ300733,汽车,汽车零部件,汽车零部件,2020-12-31,2021-12-31
SZ300733,汽车,汽车零部件,底盘与发动机系统,2021-12-31,
SZ300735,电子,消费电子,电子系统组装,2020-12-31,2021-12-31
SZ300735,电子,消费电子,消费电子零部件及组装,2021-12-31,
SZ300736,电子,其他电子,其他电子,2020-12-31,
SZ300737,建筑材料,装修建材,其他建材,2020-12-31,2021-12-31
SZ300737,建筑材料,装修建材,防水材料,2021-12-31,
SZ300738,计算机,计算机应用,IT服务,2020-12-31,2021-12-31
SZ300738,计算机,IT服务,IT服务,2021-12-31,2023-07-31
SZ300738,通信,通信服务,通信应用增值服务,2023-07-31,
SZ300739,电子,元件,印制电路板,2020-12-31,
SZ300740,基础化工,化学制品,日用化学产品,2020-12-31,2021-12-31
SZ300740,美容护理,化妆品,品牌化妆品,2021-12-31,
SZ300741,食品饮料,食品加工,食品综合,2020-12-31,2021-12-31
SZ300741,基础化工,化学制品,食品及饲料添加剂,2021-12-31,
SZ300742,汽车,汽车零部件,汽车零部件,2020-12-31,2021-12-31
SZ300742,汽车,汽车零部件,底盘与发动机系统,2021-12-31,2024-07-31
SZ300743,基础化工,化学制品,其他化学制品,2020-12-31,2021-12-31
SZ300743,计算机,计算机设备,其他计算机设备,2021-12-31,
SZ300745,电力设备,电气自动化设备,工控自动化,2020-12-31,2021-12-31
SZ300745,汽车,汽车零部件,其他汽车零部件,2021-12-31,2022-07-29
SZ300745,汽车,汽车零部件,汽车电子电气系统,2022-07-29,
SZ300746,建筑装饰,房屋建设,房屋建设,2020-12-31,2021-12-31
SZ300746,建筑装饰,工程咨询服务,工程咨询服务,2021-12-31,
SZ300747,电子,其他电子,其他电子,2020-12-31,2021-12-31
SZ300747,机械设备,自动化设备,激光设备,2021-12-31,
SZ300748,有色金属,金属新材料,磁性材料,2020-12-31,
SZ300749,轻工制造,家居用品,家具,2020-12-31,2021-12-31
SZ300749,轻工制造,家居用品,定制家居,2021-12-31,
SZ300750,电力设备,其他电源设备,储能设备,2020-12-31,2021-12-31
SZ300750,电力设备,电池,锂电池,2021-12-31,
SZ300751,机械设备,专用设备,其他专用设备,2020-12-31,2021-12-31
SZ300751,电力设备,光伏设备,光伏加工设备,2021-12-31,
SZ300752,电子,光学光电子,LED,2020-12-31,
SZ300753,医药生物,医疗器械,医疗器械,2020-12-31,2021-12-31
SZ300753,医药生物,医疗器械,医疗设备,2021-12-31,
SZ300755,商贸零售,专业连锁,专业连锁,2020-12-31,
SZ300756,机械设备,专用设备,其他专用设备,2020-12-31,2021-12-31
SZ300756,轻工制造,文娱用品,娱乐用品,2021-12-31,2022-07-29
SZ300756,机械设备,专用设备,其他专用设备,2022-07-29,
SZ300757,机械设备,专用设备,其他专用设备,2020-12-31,2021-12-31
SZ300757,机械设备,自动化设备,其他自动化设备,2021-12-31,
SZ300758,基础化工,化学制品,涂料油墨,2020-12-31,
SZ300759,医药生物,医疗服务,医疗服务,2020-12-31,2021-12-31
SZ300759,医药生物,医疗服务,医疗研发外包,2021-12-31,
SZ300760,医药生物,医疗器械,医疗器械,2020-12-31,2021-12-31
SZ300760,医药生物,医疗器械,医疗设备,2021-12-31,
SZ300761,农林牧渔,养殖业,畜禽养殖,2020-12-31,2021-12-31
SZ300761,农林牧渔,养殖业,肉鸡养殖,2021-12-31,
SZ300762,国防军工,地面兵装,地面兵装,2020-12-31,2021-12-31
SZ300762,国防军工,军工电子,军工电子,2021-12-31,
SZ300763,电力设备,其他电源设备,光伏设备,2020-12-31,2021-12-31
SZ300763,电力设备,光伏设备,逆变器,2021-12-31,
SZ300765,医药生物,化学制药,原料药,2020-12-31,
SZ300766,计算机,计算机应用,IT服务,2020-12-31,2021-12-31
SZ300766,计算机,软件开发,横向通用软件,2021-12-31,
SZ300767,基础化工,橡胶,其他橡胶制品,2020-12-31,
SZ300768,计算机,计算机应用,软件开发,2020-12-31,2021-12-31
SZ300768,计算机,软件开发,横向通用软件,2021-12-31,
SZ300769,基础化工,化学制品,其他化学制品,2020-12-31,2021-12-31
SZ300769,电力设备,电池,电池化学品,2021-12-31,
SZ300770,传媒,互联网传媒,互联网信息服务,2020-12-31,2021-12-31
SZ300770,传媒,电视广播,电视广播,2021-12-31,
SZ300771,计算机,计算机设备,计算机设备,2020-12-31,2021-12-31
SZ300771,计算机,计算机设备,其他计算机设备,2021-12-31,
SZ300772,电力设备,其他电源设备,风电设备,2020-12-31,2021-12-31
SZ300772,电力设备,风电设备,风电整机,2021-12-31,
SZ300773,计算机,计算机应用,IT服务,2020-12-31,2021-12-31
SZ300773,非银金融,多元金融,金融信息服务,2021-12-31,
SZ300774,公用事业,环保工程及服务,环保工程及服务,2021-08-31,2021-12-31
SZ300774,环保,环境治理,水务及水治理,2021-12-31,
SZ300775,国防军工,航空装备,航空装备,2020-12-31,
SZ300776,机械设备,专用设备,其他专用设备,2020-12-31,2021-12-31
SZ300776,电力设备,光伏设备,光伏加工设备,2021-12-31,
SZ300777,基础化工,化学纤维,其他化学纤维,2020-12-31,2021-12-31
SZ300777,国防军工,航空装备,航空装备,2021-12-31,
SZ300778,建筑装饰,房屋建设,房屋建设,2020-12-31,2021-12-31
SZ300778,建筑装饰,工程咨询服务,工程咨询服务,2021-12-31,
SZ300779,公用事业,环保工程及服务,环保工程及服务,2020-12-31,2021-12-31
SZ300779,环保,环境治理,固废治理,2021-12-31,
SZ300780,机械设备,通用设备,机械基础件,2020-12-31,2021-12-31
SZ300780,机械设备,通用设备,金属制品,2021-12-31,
SZ300781,传媒,营销传播,营销服务,2020-12-31,2021-12-31
SZ300781,传媒,广告营销,营销代理,2021-12-31,
SZ300782,电子,半导体,集成电路,2020-12-31,2021-12-31
SZ300782,电子,半导体,模拟芯片设计,2021-12-31,
SZ300783,食品饮料,食品加工,食品综合,2020-12-31,2021-12-31
SZ300783,食品饮料,休闲食品,零食,2021-12-31,
SZ300784,电子,消费电子,消费电子零部件及组装,2024-06-28,
SZ300785,传媒,互联网传媒,互联网信息服务,2020-12-31,2021-12-31
SZ300785,传媒,数字媒体,门户网站,2021-12-31,
SZ300786,机械设备,专用设备,环保设备,2020-12-31,2021-12-31
SZ300786,环保,环保设备,环保设备,2021-12-31,
SZ300787,电子,消费电子,电子零部件制造,2020-12-31,2021-12-31
SZ300787,电子,消费电子,消费电子零部件及组装,2021-12-31,
SZ300788,传媒,文化传媒,平面媒体,2020-12-31,2021-12-31
SZ300788,传媒,出版,大众出版,2021-12-31,
SZ300789,计算机,计算机设备,计算机设备,2020-12-31,2021-12-31
SZ300789,计算机,计算机设备,其他计算机设备,2021-12-31,
SZ300790,电子,光学光电子,光学元件,2020-12-31,2021-12-31
SZ300790,计算机,计算机设备,安防设备,2021-12-31,
SZ300791,食品饮料,食品加工,食品综合,2020-12-31,2021-12-31
SZ300791,食品饮料,食品加工,保健品,2021-12-31,
SZ300792,传媒,营销传播,营销服务,2020-12-31,2021-12-31
SZ300792,商贸零售,互联网电商,电商服务,2021-12-31,
SZ300793,电子,消费电子,电子系统组装,2020-12-31,2021-12-31
SZ300793,电子,消费电子,消费电子零部件及组装,2021-12-31,
SZ300795,社会服务,其他休闲服务,其他休闲服务,2020-12-31,2021-12-31
SZ300795,社会服务,专业服务,会展服务,2021-12-31,
SZ300796,基础化工,化学制品,农药,2020-12-31,2021-12-31
SZ300796,基础化工,农化制品,农药,2021-12-31,
SZ300797,综合,综合,综合,2020-12-31,2022-07-29
SZ300797,社会服务,专业服务,检测服务,2022-07-29,
SZ300798,基础化工,化学制品,纺织化学制品,2020-12-31,
SZ300799,计算机,计算机应用,软件开发,2020-12-31,2021-12-31
SZ300799,计算机,软件开发,横向通用软件,2021-12-31,2024-07-31
SZ300800,机械设备,专用设备,环保设备,2020-12-31,2021-12-31
SZ300800,环保,环保设备,环保设备,2021-12-31,
SZ300801,基础化工,化学制品,其他化学制品,2020-12-31,
SZ300802,机械设备,专用设备,其他专用设备,2020-12-31,2021-12-31
SZ300802,机械设备,自动化设备,其他自动化设备,2021-12-31,
SZ300803,计算机,计算机应用,软件开发,2020-12-31,2021-12-31
SZ300803,计算机,软件开发,垂直应用软件,2021-12-31,
SZ300804,基础化工,农化制品,农药,2023-06-30,
SZ300805,传媒,营销传播,营销服务,2020-12-31,2021-12-31
SZ300805,传媒,广告营销,营销代理,2021-12-31,
SZ300806,基础化工,化学制品,其他化学制品,2020-12-31,2021-12-31
SZ300806,基础化工,塑料,膜材料,2021-12-31,
SZ300807,计算机,计算机设备,计算机设备,2020-12-31,2021-12-31
SZ300807,计算机,计算机设备,其他计算机设备,2021-12-31,
SZ300808,电子,光学光电子,LED,2020-12-31,
SZ300809,机械设备,通用设备,机床工具,2020-12-31,
SZ300810,国防军工,航海装备,航海装备,2020-12-31,
SZ300811,有色金属,金属新材料,磁性材料,2020-12-31,
SZ300812,机械设备,专用设备,其他专用设备,2020-12-31,2021-12-31
SZ300812,电子,半导体,半导体设备,2021-12-31,2022-07-29
SZ300812,电子,消费电子,消费电子零部件及组装,2022-07-29,
SZ300813,机械设备,专用设备,其他专用设备,2020-12-31,
SZ300814,电子,元件,印制电路板,2021-08-31,
SZ300815,公用事业,环保工程及服务,环保工程及服务,2020-12-31,2021-12-31
SZ300815,环保,环境治理,固废治理,2021-12-31,
SZ300816,汽车,汽车零部件,汽车零部件,2020-12-31,2021-12-31
SZ300816,汽车,汽车零部件,其他汽车零部件,2021-12-31,
SZ300817,机械设备,通用设备,机械基础件,2020-12-31,2021-12-31
SZ300817,机械设备,通用设备,金属制品,2021-12-31,
SZ300818,机械设备,通用设备,磨具磨料,2020-12-31,
SZ300819,纺织服饰,纺织制造,其他纺织,2020-12-31,
SZ300820,电力设备,其他电源设备,光伏设备,2020-12-31,2021-12-31
SZ300820,电力设备,其他电源设备,其他电源设备,2021-12-31,
SZ300821,基础化工,化学制品,其他化学制品,2020-12-31,2021-12-31
SZ300821,基础化工,化学制品,有机硅,2021-12-31,
SZ300822,电子,消费电子,电子零部件制造,2020-12-31,2021-12-31
SZ300822,电子,消费电子,消费电子零部件及组装,2021-12-31,
SZ300823,机械设备,专用设备,其他专用设备,2020-12-31,
SZ300824,家用电器,白色家电,小家电,2020-12-31,2021-12-31
SZ300824,家用电器,小家电,厨房小家电,2021-12-31,
SZ300825,汽车,汽车服务,汽车服务,2020-12-31,2021-12-31
SZ300825,汽车,汽车服务,汽车综合服务,2021-12-31,
SZ300826,建筑装饰,专业工程,其他专业工程,2020-12-31,2021-12-31
SZ300826,建筑装饰,工程咨询服务,工程咨询服务,2021-12-31,
SZ300827,电力设备,其他电源设备,光伏设备,2020-12-31,2021-12-31
SZ300827,电力设备,光伏设备,逆变器,2021-12-31,
SZ300828,有色金属,工业金属,铝,2020-12-31,2021-12-31
SZ300828,机械设备,通用设备,金属制品,2021-12-31,
SZ300829,农林牧渔,农产品加工,其他农产品加工,2020-12-31,2021-12-31
SZ300829,基础化工,化学制品,食品及饲料添加剂,2021-12-31,
SZ300830,计算机,计算机应用,软件开发,2020-12-31,2021-12-31
SZ300830,计算机,软件开发,垂直应用软件,2021-12-31,
SZ300831,电子,半导体,分立器件,2020-12-31,
SZ300832,医药生物,医疗器械,医疗器械,2020-12-31,2021-12-31
SZ300832,医药生物,医疗器械,体外诊断,2021-12-31,
SZ300833,机械设备,专用设备,其他专用设备,2020-12-31,
SZ300834,基础化工,塑料,合成树脂,2022-01-28,2022-07-29
SZ300834,基础化工,塑料,改性塑料,2022-07-29,
SZ300835,有色金属,金属新材料,磁性材料,2020-12-31,
SZ300836,机械设备,专用设备,其他专用设备,2020-12-31,
SZ300837,机械设备,专用设备,能源及重型设备,2020-12-31,
SZ300838,机械设备,通用设备,机械基础件,2020-12-31,2021-12-31
SZ300838,机械设备,通用设备,金属制品,2021-12-31,
SZ300839,基础化工,石油化工,石油加工,2020-12-31,2021-12-31
SZ300839,石油石化,炼化及贸易,其他石化,2021-12-31,
SZ300840,纺织服饰,服装家纺,男装,2020-12-31,2021-12-31
SZ300840,纺织服饰,服装家纺,非运动服装,2021-12-31,
SZ300841,医药生物,生物制品,生物制品,2020-12-31,2021-12-31
SZ300841,医药生物,生物制品,疫苗,2021-12-31,
SZ300842,电子,半导体,半导体材料,2020-12-31,2021-12-31
SZ300842,电力设备,光伏设备,光伏辅材,2021-12-31,
SZ300843,电子,消费电子,电子零部件制造,2020-12-31,2021-12-31
SZ300843,电子,消费电子,消费电子零部件及组装,2021-12-31,
SZ300844,建筑装饰,园林工程,园林工程,2021-08-31,2021-12-31
SZ300844,建筑装饰,工程咨询服务,工程咨询服务,2021-12-31,
SZ300845,计算机,计算机设备,计算机设备,2020-12-31,2021-12-31
SZ300845,计算机,计算机设备,其他计算机设备,2021-12-31,
SZ300846,计算机,计算机应用,IT服务,2020-12-31,2021-12-31
SZ300846,计算机,IT服务,IT服务,2021-12-31,
SZ300847,基础化工,化学制品,其他化学制品,2020-12-31,2024-07-31
SZ300847,计算机,计算机设备,其他计算机设备,2024-07-31,
SZ300848,基础化工,化学制品,聚氨酯,2020-12-31,
SZ300849,轻工制造,包装印刷,包装印刷,2020-12-31,2021-12-31
SZ300849,美容护理,化妆品,化妆品制造及其他,2021-12-31,
SZ300850,电力设备,其他电源设备,风电设备,2020-12-31,2021-12-31
SZ300850,电力设备,风电设备,风电零部件,2021-12-31,
SZ300851,机械设备,轨交设备,轨交设备,2020-12-31,
SZ300852,电子,元件,印制电路板,2020-12-31,
SZ300853,机械设备,通用设备,其他通用设备,2020-12-31,2021-12-31
SZ300853,机械设备,自动化设备,机器人,2021-12-31,2022-07-29
SZ300853,电力设备,电网设备,电网自动化设备,2022-07-29,
SZ300854,公用事业,环保工程及服务,环保工程及服务,2021-09-30,2021-12-31
SZ300854,环保,环境治理,固废治理,2021-12-31,
SZ300855,有色金属,金属新材料,其他金属新材料,2020-12-31,
SZ300856,基础化工,化学制品,日用化学产品,2020-12-31,2021-12-31
SZ300856,美容护理,化妆品,化妆品制造及其他,2021-12-31,
SZ300857,电子,消费电子,电子系统组装,2020-12-31,2021-12-31
SZ300857,电子,消费电子,消费电子零部件及组装,2021-12-31,
SZ300858,食品饮料,食品加工,食品综合,2020-12-31,2021-12-31
SZ300858,基础化工,化学制品,食品及饲料添加剂,2021-12-31,
SZ300859,社会服务,景点,自然景区,2020-12-31,2021-12-31
SZ300859,社会服务,旅游及景区,自然景区,2021-12-31,
SZ300860,社会服务,其他休闲服务,其他休闲服务,2020-12-31,2021-12-31
SZ300860,社会服务,专业服务,会展服务,2021-12-31,
SZ300861,机械设备,通用设备,磨具磨料,2020-12-31,
SZ300862,机械设备,专用设备,环保设备,2020-12-31,2021-12-31
SZ300862,机械设备,通用设备,仪器仪表,2021-12-31,
SZ300863,汽车,汽车零部件,汽车零部件,2020-12-31,2021-12-31
SZ300863,汽车,汽车零部件,汽车电子电气系统,2021-12-31,
SZ300864,公用事业,环保工程及服务,环保工程及服务,2020-12-31,2021-12-31
SZ300864,环保,环境治理,综合环境治理,2021-12-31,
SZ300865,机械设备,专用设备,能源及重型设备,2020-12-31,
SZ300866,电子,其他电子,其他电子,2020-12-31,2021-12-31
SZ300866,电子,消费电子,品牌消费电子,2021-12-31,
SZ300867,公用事业,环保工程及服务,环保工程及服务,2020-12-31,2021-12-31
SZ300867,环保,环境治理,固废治理,2021-12-31,
SZ300868,电子,其他电子,其他电子,2020-12-31,2024-07-31
SZ300868,电子,消费电子,消费电子零部件及组装,2024-07-31,
SZ300869,医药生物,医疗器械,医疗器械,2020-12-31,2021-12-31
SZ300869,医药生物,医疗器械,医疗设备,2021-12-31,
SZ300870,电力设备,其他电源设备,其他电源设备,2020-12-31,
SZ300871,农林牧渔,动物保健,动物保健,2020-12-31,
SZ300872,计算机,计算机应用,IT服务,2020-12-31,2021-12-31
SZ300872,计算机,IT服务,IT服务,2021-12-31,
SZ300873,交通运输,物流,物流,2020-12-31,2021-12-31
SZ300873,交通运输,物流,中间产品及消费品供应链服务,2021-12-31,
SZ300875,国防军工,地面兵装,地面兵装,2020-12-31,
SZ300876,基础化工,化学纤维,其他化学纤维,2020-12-31,
SZ300877,纺织服饰,纺织制造,其他纺织,2020-12-31,
SZ300878,医药生物,中药,中药,2020-12-31,
SZ300879,机械设备,专用设备,其他专用设备,2020-12-31,2022-07-29
SZ300879,机械设备,专用设备,农用机械,2022-07-29,
SZ300880,电力设备,电气自动化设备,电工仪器仪表,2020-12-31,2021-12-31
SZ300880,电力设备,电网设备,电工仪器仪表,2021-12-31,
SZ300881,钢铁,钢铁,特钢,2020-12-31,2021-12-31
SZ300881,钢铁,特钢,特钢,2021-12-31,
SZ300882,电力设备,电气自动化设备,电工仪器仪表,2020-12-31,2021-12-31
SZ300882,电力设备,电网设备,电工仪器仪表,2021-12-31,
SZ300883,轻工制造,包装印刷,包装印刷,2020-12-31,2021-12-31
SZ300883,轻工制造,包装印刷,纸包装,2021-12-31,
SZ300884,计算机,计算机设备,计算机设备,2020-12-31,2021-12-31
SZ300884,计算机,计算机设备,安防设备,2021-12-31,
SZ300885,机械设备,金属制品,金属制品,2020-12-31,2021-12-31
SZ300885,机械设备,通用设备,金属制品,2021-12-31,
SZ300886,基础化工,化学制品,其他化学制品,2020-12-31,2021-12-31
SZ300886,美容护理,化妆品,化妆品制造及其他,2021-12-31,2026-07-31
SZ300886,基础化工,化学制品,食品及饲料添加剂,2026-07-31,
SZ300887,综合,综合,综合,2020-12-31,2021-12-31
SZ300887,社会服务,专业服务,检测服务,2021-12-31,
SZ300888,纺织服饰,纺织制造,棉纺,2020-12-31,2021-12-31
SZ300888,美容护理,个护用品,生活用纸,2021-12-31,
SZ300889,电子,光学光电子,LED,2020-12-31,
SZ300890,基础化工,化学制品,其他化学制品,2020-12-31,2021-12-31
SZ300890,电力设备,电池,电池化学品,2021-12-31,
SZ300891,基础化工,化学制品,其他化学制品,2020-12-31,2021-12-31
SZ300891,基础化工,化学原料,钛白粉,2021-12-31,
SZ300892,食品饮料,食品加工,食品综合,2020-12-31,2021-12-31
SZ300892,商贸零售,贸易,贸易,2021-12-31,2022-07-29
SZ300892,食品饮料,饮料乳品,乳品,2022-07-29,
SZ300893,汽车,汽车零部件,汽车零部件,2020-12-31,2021-12-31
SZ300893,汽车,汽车零部件,其他汽车零部件,2021-12-31,2022-07-29
SZ300893,汽车,汽车零部件,车身附件及饰件,2022-07-29,
SZ300894,家用电器,白色家电,小家电,2020-12-31,2021-12-31
SZ300894,家用电器,厨卫电器,厨房电器,2021-12-31,
SZ300895,计算机,计算机应用,IT服务,2020-12-31,2021-12-31
SZ300895,计算机,IT服务,IT服务,2021-12-31,
SZ300896,医药生物,医疗器械,医疗器械,2020-12-31,2021-12-31
SZ300896,美容护理,医疗美容,医美耗材,2021-12-31,
SZ300897,机械设备,仪器仪表,仪器仪表,2020-12-31,2021-12-31
SZ300897,机械设备,通用设备,仪器仪表,2021-12-31,
SZ300898,食品饮料,食品加工,乳品,2020-12-31,2021-12-31
SZ300898,食品饮料,饮料乳品,乳品,2021-12-31,
SZ300899,公用事业,环保工程及服务,环保工程及服务,2020-12-31,2021-12-31
SZ300899,环保,环境治理,水务及水治理,2021-12-31,
SZ300900,国防军工,航空装备,航空装备,2020-12-31,
SZ300901,纺织服饰,服装家纺,鞋帽及其他,2020-12-31,2021-12-31
SZ300901,纺织服饰,服装家纺,非运动服装,2021-12-31,
SZ300902,机械设备,专用设备,其他专用设备,2020-12-31,
SZ300903,电子,元件,印制电路板,2020-12-31,
SZ300904,电力设备,风电设备,风电零部件,2023-08-31,
SZ300905,基础化工,塑料,其他塑料制品,2020-12-31,2021-12-31
SZ300905,基础化工,化学制品,纺织化学制品,2021-12-31,2024-07-31
SZ300905,基础化工,化学纤维,其他化学纤维,2024-07-31,
SZ300906,机械设备,轨交设备,轨交设备,2020-12-31,2021-12-31
SZ300906,机械设备,通用设备,仪器仪表,2021-12-31,
SZ300907,电力设备,电机,电机,2020-12-31,
SZ300908,食品饮料,食品加工,调味发酵品,2020-12-31,2021-12-31
SZ300908,食品饮料,调味发酵品,调味发酵品,2021-12-31,
SZ300909,电子,光学光电子,面板,2020-12-31,
SZ300910,基础化工,化学制品,其他化学制品,2020-12-31,
SZ300911,家用电器,白色家电,小家电,2020-12-31,2021-12-31
SZ300911,家用电器,厨卫电器,厨房电器,2021-12-31,
SZ300912,汽车,汽车零部件,汽车零部件,2020-12-31,2021-12-31
SZ300912,汽车,汽车零部件,其他汽车零部件,2021-12-31,
SZ300913,通信,通信设备,通信传输设备,2020-12-31,2021-12-31
SZ300913,通信,通信设备,通信线缆及配套,2021-12-31,
SZ300915,食品饮料,食品加工,食品综合,2020-12-31,2021-12-31
SZ300915,食品饮料,饮料乳品,乳品,2021-12-31,
SZ300916,电子,消费电子,电子零部件制造,2020-12-31,2021-12-31
SZ300916,电子,消费电子,消费电子零部件及组装,2021-12-31,
SZ300917,房地产,房地产开发,住宅开发,2020-12-31,2021-12-31
SZ300917,房地产,房地产服务,物业管理,2021-12-31,
SZ300918,纺织服饰,服装家纺,男装,2020-12-31,2021-12-31
SZ300918,纺织服饰,纺织制造,其他纺织,2021-12-31,
SZ300919,基础化工,化学制品,其他化学制品,2020-12-31,2021-12-31
SZ300919,电力设备,电池,电池化学品,2021-12-31,
SZ300920,基础化工,塑料,其他塑料制品,2020-12-31,
SZ300921,通信,通信设备,通信配套服务,2020-12-31,2021-12-31
SZ300921,通信,通信服务,通信应用增值服务,2021-12-31,
SZ300922,国防军工,地面兵装,地面兵装,2020-12-31,
SZ300923,机械设备,轨交设备,轨交设备,2020-12-31,
SZ300925,计算机,计算机应用,软件开发,2020-12-31,2021-12-31
SZ300925,计算机,软件开发,垂直应用软件,2021-12-31,
SZ300926,汽车,汽车零部件,汽车零部件,2021-01-29,2021-12-31
SZ300926,汽车,汽车零部件,其他汽车零部件,2021-12-31,
SZ300927,基础化工,化学原料,其他化学原料,2021-01-29,
SZ300928,汽车,汽车零部件,汽车零部件,2021-01-29,2021-12-31
SZ300928,汽车,汽车零部件,汽车电子电气系统,2021-12-31,
SZ300929,公用事业,水务,水务,2021-01-29,2021-12-31
SZ300929,环保,环境治理,水务及水治理,2021-12-31,
SZ300930,有色金属,金属新材料,其他金属新材料,2021-01-29,
SZ300931,机械设备,专用设备,楼宇设备,2021-01-29,
SZ300932,电力设备,高低压设备,低压设备,2021-01-29,2021-12-31
SZ300932,电力设备,电网设备,配电设备,2021-12-31,
SZ300933,电力设备,高低压设备,线缆部件及其他,2021-01-29,2021-12-31
SZ300933,电力设备,电网设备,线缆部件及其他,2021-12-31,
SZ300935,计算机,计算机应用,软件开发,2021-01-29,2021-12-31
SZ300935,计算机,软件开发,垂直应用软件,2021-12-31,
SZ300936,电子,元件,印制电路板,2021-01-29,
SZ300937,医药生物,医药商业,医药商业,2021-01-29,2021-12-31
SZ300937,医药生物,医药商业,医药流通,2021-12-31,
SZ300938,综合,综合,综合,2021-01-29,2021-12-31
SZ300938,社会服务,专业服务,检测服务,2021-12-31,
SZ300939,电子,光学光电子,面板,2021-01-29,
SZ300940,电子,光学光电子,LED,2021-02-26,
SZ300941,计算机,计算机设备,计算机设备,2021-02-26,2021-12-31
SZ300941,计算机,计算机设备,其他计算机设备,2021-12-31,
SZ300942,综合,综合,综合,2021-02-26,2021-12-31
SZ300942,医药生物,医疗器械,体外诊断,2021-12-31,
SZ300943,机械设备,通用设备,机械基础件,2021-02-26,2021-12-31
SZ300943,机械设备,通用设备,金属制品,2021-12-31,
SZ300945,轻工制造,家居用品,珠宝首饰,2021-02-26,2021-12-31
SZ300945,纺织服饰,饰品,钟表珠宝,2021-12-31,
SZ300946,机械设备,金属制品,金属制品,2021-02-26,2021-12-31
SZ300946,机械设备,通用设备,金属制品,2021-12-31,
SZ300947,商贸零售,商业物业经营,一般物业经营,2021-02-26,2021-12-31
SZ300947,商贸零售,一般零售,商业物业经营,2021-12-31,
SZ300948,建筑装饰,园林工程,园林工程,2021-02-26,2021-12-31
SZ300948,建筑装饰,基础建设,园林工程,2021-12-31,
SZ300949,建筑装饰,园林工程,园林工程,2021-02-26,2021-12-31
SZ300949,建筑装饰,基础建设,园林工程,2021-12-31,
SZ300950,机械设备,专用设备,其他专用设备,2021-03-31,2021-12-31
SZ300950,机械设备,专用设备,能源及重型设备,2021-12-31,
SZ300951,电子,消费电子,电子零部件制造,2021-02-26,2021-12-31
SZ300951,电子,消费电子,消费电子零部件及组装,2021-12-31,
SZ300952,纺织服饰,服装家纺,其他服装,2021-03-31,2021-12-31
SZ300952,纺织服饰,服装家纺,鞋帽及其他,2021-12-31,
SZ300953,机械设备,金属制品,金属制品,2021-03-31,2021-12-31
SZ300953,机械设备,通用设备,金属制品,2021-12-31,2022-07-29
SZ300953,电力设备,电池,锂电池,2022-07-29,
SZ300955,轻工制造,包装印刷,包装印刷,2021-03-31,2021-12-31
SZ300955,美容护理,化妆品,化妆品制造及其他,2021-12-31,
SZ300956,电子,消费电子,电子零部件制造,2021-03-31,2021-12-31
SZ300956,电子,消费电子,消费电子零部件及组装,2021-12-31,
SZ300957,基础化工,化学制品,日用化学产品,2021-03-31,2021-12-31
SZ300957,美容护理,化妆品,品牌化妆品,2021-12-31,
SZ300958,公用事业,环保工程及服务,环保工程及服务,2021-03-31,2021-12-31
SZ300958,环保,环境治理,综合环境治理,2021-12-31,
SZ300959,通信,通信服务,通信运营,2021-03-31,2021-12-31
SZ300959,通信,通信服务,通信应用增值服务,2021-12-31,
SZ300960,机械设备,轨交设备,轨交设备,2021-03-31,
SZ300961,公用事业,水务,水务,2021-03-31,2021-12-31
SZ300961,环保,环境治理,水务及水治理,2021-12-31,
SZ300962,综合,综合,综合,2021-04-30,2021-12-31
SZ300962,社会服务,专业服务,其他专业服务,2021-12-31,
SZ300963,有色金属,金属新材料,其他金属新材料,2021-04-30,
SZ300964,电子,元件,印制电路板,2021-08-31,
SZ300965,国防军工,航空装备,航空装备,2021-04-30,
SZ300966,医药生物,化学制药,原料药,2021-04-30,
SZ300967,农林牧渔,养殖业,畜禽养殖,2021-04-30,2021-12-31
SZ300967,农林牧渔,养殖业,肉鸡养殖,2021-12-31,
SZ300968,电子,消费电子,电子零部件制造,2021-04-30,2021-12-31
SZ300968,电子,消费电子,消费电子零部件及组装,2021-12-31,
SZ300969,汽车,汽车零部件,汽车零部件,2021-04-30,2021-12-31
SZ300969,汽车,汽车零部件,车身附件及饰件,2021-12-31,2022-07-29
SZ300969,汽车,汽车零部件,其他汽车零部件,2022-07-29,
SZ300970,农林牧渔,种植业,粮食种植,2021-04-30,2021-12-31
SZ300970,农林牧渔,种植业,食用菌,2021-12-31,
SZ300971,机械设备,通用设备,机械基础件,2021-04-30,2021-12-31
SZ300971,机械设备,专用设备,其他专用设备,2021-12-31,
SZ300972,农林牧渔,种植业,粮食种植,2021-04-30,2021-12-31
SZ300972,农林牧渔,种植业,食用菌,2021-12-31,2024-07-31
SZ300972,食品饮料,休闲食品,零食,2024-07-31,2026-03-31
SZ300972,商贸零售,一般零售,超市,2026-03-31,
SZ300973,食品饮料,食品加工,食品综合,2021-04-30,2021-12-31
SZ300973,食品饮料,休闲食品,烘焙食品,2021-12-31,
SZ300975,电子,其他电子,其他电子,2021-04-30,2022-07-29
SZ300975,电子,元件,被动元件,2022-07-29,
SZ300976,电子,消费电子,电子零部件制造,2021-04-30,2021-12-31
SZ300976,电子,消费电子,消费电子零部件及组装,2021-12-31,
SZ300977,综合,综合,综合,2021-04-30,2021-12-31
SZ300977,建筑装饰,工程咨询服务,工程咨询服务,2021-12-31,
SZ300978,汽车,汽车零部件,汽车零部件,2021-04-30,2021-12-31
SZ300978,汽车,汽车零部件,车身附件及饰件,2021-12-31,
SZ300979,纺织服饰,服装家纺,鞋帽及其他,2021-04-30,2021-12-31
SZ300979,纺织服饰,纺织制造,纺织鞋类制造,2021-12-31,
SZ300980,基础化工,塑料,其他塑料制品,2021-04-30,
SZ300981,医药生物,医疗器械,医疗器械,2021-04-30,2021-12-31
SZ300981,医药生物,医疗器械,医疗耗材,2021-12-31,
SZ300982,建筑装饰,基础建设,其他基础建设,2021-04-30,2021-12-31
SZ300982,建筑装饰,基础建设,基建市政工程,2021-12-31,
SZ300983,建筑装饰,房屋建设,房屋建设,2021-04-30,2021-12-31
SZ300983,建筑装饰,工程咨询服务,工程咨询服务,2021-12-31,
SZ300984,机械设备,通用设备,机械基础件,2021-06-30,2021-12-31
SZ300984,机械设备,通用设备,其他通用设备,2021-12-31,
SZ300985,机械设备,金属制品,金属制品,2021-04-30,2021-12-31
SZ300985,机械设备,通用设备,金属制品,2021-12-31,
SZ300986,有色金属,工业金属,铝,2021-04-30,2022-07-29
SZ300986,建筑装饰,专业工程,其他专业工程,2022-07-29,
SZ300987,传媒,互联网传媒,互联网信息服务,2021-05-31,2021-12-31
SZ300987,传媒,数字媒体,门户网站,2021-12-31,
SZ300988,机械设备,金属制品,金属制品,2021-05-31,2021-12-31
SZ300988,机械设备,专用设备,其他专用设备,2021-12-31,
SZ300989,建筑装饰,基础建设,其他基础建设,2021-05-31,2021-12-31
SZ300989,建筑装饰,工程咨询服务,工程咨询服务,2021-12-31,
SZ300990,机械设备,通用设备,制冷空调设备,2021-05-31,
SZ300991,电子,消费电子,电子零部件制造,2021-05-31,2021-12-31
SZ300991,电子,其他电子,其他电子,2021-12-31,
SZ300992,机械设备,通用设备,其他通用设备,2021-05-31,
SZ300993,轻工制造,家居用品,其他家用轻工,2021-05-31,2021-12-31
SZ300993,轻工制造,家居用品,其他家居用品,2021-12-31,
SZ300994,汽车,摩托车及其他,其他运输设备,2021-08-31,
SZ300995,基础化工,塑料,改性塑料,2021-05-31,
SZ300996,计算机,计算机应用,软件开发,2021-06-30,2021-12-31
SZ300996,计算机,软件开发,垂直应用软件,2021-12-31,
SZ300997,食品饮料,饮料制造,软饮料,2021-06-30,2021-12-31
SZ300997,食品饮料,饮料乳品,软饮料,2021-12-31,
SZ300998,汽车,汽车零部件,汽车零部件,2021-06-30,2021-12-31
SZ300998,汽车,汽车零部件,其他汽车零部件,2021-12-31,
SZ300999,农林牧渔,农产品加工,粮油加工,2020-12-31,
SZ301000,汽车,汽车零部件,汽车零部件,2021-05-31,2021-12-31
SZ301000,汽车,汽车零部件,其他汽车零部件,2021-12-31,
SZ301001,传媒,营销传播,营销服务,2021-05-31,2021-12-31
SZ301001,商贸零售,互联网电商,电商服务,2021-12-31,
SZ301002,电子,光学光电子,LED,2021-06-30,2021-12-31
SZ301002,电力设备,电网设备,输变电设备,2021-12-31,
SZ301003,基础化工,塑料,改性塑料,2021-06-30,
SZ301004,轻工制造,家居用品,其他家用轻工,2021-06-30,2021-12-31
SZ301004,轻工制造,家居用品,其他家居用品,2021-12-31,
SZ301005,汽车,汽车零部件,汽车零部件,2021-06-30,2021-12-31
SZ301005,汽车,汽车零部件,其他汽车零部件,2021-12-31,
SZ301006,机械设备,仪器仪表,仪器仪表,2021-06-30,2021-12-31
SZ301006,机械设备,通用设备,仪器仪表,2021-12-31,
SZ301007,汽车,汽车零部件,汽车零部件,2021-06-30,2021-12-31
SZ301007,汽车,汽车零部件,底盘与发动机系统,2021-12-31,
SZ301008,家用电器,白色家电,家电零部件,2021-06-30,2021-12-31
SZ301008,家用电器,家电零部件,家电零部件,2021-12-31,
SZ301009,轻工制造,造纸,造纸,2021-06-30,2021-12-31
SZ301009,美容护理,个护用品,生活用纸,2021-12-31,
SZ301010,基础化工,化学制品,其他化学制品,2021-06-30,2021-12-31
SZ301010,建筑材料,装修建材,其他建材,2021-12-31,
SZ301011,机械设备,专用设备,其他专用设备,2021-06-30,2022-07-29
SZ301011,轻工制造,文娱用品,娱乐用品,2022-07-29,
SZ301012,电力设备,高低压设备,中压设备,2021-06-30,2021-12-31
SZ301012,电力设备,电网设备,输变电设备,2021-12-31,
SZ301013,机械设备,专用设备,其他专用设备,2021-06-30,
SZ301015,医药生物,医药商业,医药商业,2021-06-30,2021-12-31
SZ301015,医药生物,医药商业,医药流通,2021-12-31,
SZ301016,机械设备,轨交设备,轨交设备,2021-06-30,
SZ301017,医药生物,医药商业,医药商业,2021-07-30,2021-12-31
SZ301017,医药生物,医药商业,线下药店,2021-12-31,
SZ301018,机械设备,专用设备,其他专用设备,2021-07-30,2021-12-31
SZ301018,机械设备,通用设备,制冷空调设备,2021-12-31,
SZ301019,基础化工,塑料,其他塑料制品,2021-06-30,
SZ301020,汽车,汽车零部件,汽车零部件,2021-07-30,2021-12-31
SZ301020,汽车,汽车零部件,底盘与发动机系统,2021-12-31,
SZ301021,电子,其他电子,其他电子,2021-07-30,2021-12-31
SZ301021,机械设备,自动化设备,激光设备,2021-12-31,
SZ301022,汽车,汽车零部件,汽车零部件,2021-07-30,2021-12-31
SZ301022,汽车,汽车零部件,其他汽车零部件,2021-12-31,
SZ301023,电力设备,电机,电机,2021-07-30,
SZ301024,建筑装饰,房屋建设,房屋建设,2021-07-30,2021-12-31
SZ301024,建筑装饰,工程咨询服务,工程咨询服务,2021-12-31,
SZ301025,传媒,文化传媒,平面媒体,2021-07-30,2021-12-31
SZ301025,传媒,出版,大众出版,2021-12-31,
SZ301026,有色金属,小金属,其他小金属,2021-07-30,
SZ301027,建筑装饰,房屋建设,房屋建设,2021-07-30,2021-12-31
SZ301027,建筑装饰,工程咨询服务,工程咨询服务,2021-12-31,
SZ301028,机械设备,通用设备,其他通用设备,2021-07-30,
SZ301029,机械设备,通用设备,机械基础件,2021-07-30,2021-12-31
SZ301029,机械设备,自动化设备,其他自动化设备,2021-12-31,
SZ301030,机械设备,专用设备,环保设备,2021-07-30,2021-12-31
SZ301030,环保,环保设备,环保设备,2021-12-31,2026-07-31
SZ301030,电力设备,光伏设备,光伏电池组件,2026-07-31,
SZ301031,汽车,汽车零部件,汽车零部件,2021-07-30,2021-12-31
SZ301031,电子,其他电子,其他电子,2021-12-31,
SZ301032,机械设备,通用设备,内燃机,2021-07-30,2021-12-31
SZ301032,机械设备,通用设备,其他通用设备,2021-12-31,
SZ301033,医药生物,医疗器械,医疗器械,2021-07-30,2021-12-31
SZ301033,医药生物,医疗器械,医疗耗材,2021-12-31,
SZ301035,基础化工,化学制品,农药,2021-07-30,2021-12-31
SZ301035,基础化工,农化制品,农药,2021-12-31,
SZ301036,基础化工,化学制品,涂料油墨,2021-07-30,
SZ301037,基础化工,化学原料,其他化学原料,2021-07-30,2021-12-31
SZ301037,基础化工,化学制品,涂料油墨,2021-12-31,
SZ301038,建筑装饰,基础建设,水利工程,2021-08-31,2021-12-31
SZ301038,建筑装饰,工程咨询服务,工程咨询服务,2021-12-31,
SZ301039,汽车,汽车整车,商用载货车,2021-07-30,2021-12-31
SZ301039,汽车,商用车,商用载货车,2021-12-31,
SZ301040,电力设备,其他电源设备,风电设备,2021-08-31,2021-12-31
SZ301040,电力设备,风电设备,风电零部件,2021-12-31,
SZ301041,电子,元件,印制电路板,2021-08-31,
SZ301042,计算机,计算机设备,计算机设备,2021-08-31,2021-12-31
SZ301042,计算机,计算机设备,安防设备,2021-12-31,
SZ301043,机械设备,通用设备,其他通用设备,2021-08-31,2024-07-31
SZ301043,机械设备,通用设备,制冷空调设备,2024-07-31,
SZ301045,电子,光学光电子,面板,2021-08-31,2021-12-31
SZ301045,电子,光学光电子,光学元件,2021-12-31,2022-07-29
SZ301045,电子,光学光电子,面板,2022-07-29,
SZ301046,建筑装饰,专业工程,其他专业工程,2021-08-31,
SZ301047,医药生物,医疗服务,医疗服务,2021-08-31,2021-12-31
SZ301047,医药生物,医疗服务,医疗研发外包,2021-12-31,2022-07-29
SZ301047,医药生物,生物制品,其他生物制品,2022-07-29,
SZ301048,机械设备,轨交设备,轨交设备,2021-08-31,
SZ301049,公用事业,环保工程及服务,环保工程及服务,2021-08-31,2021-12-31
SZ301049,环保,环境治理,固废治理,2021-12-31,
SZ301050,国防军工,航空装备,航空装备,2021-08-31,2021-12-31
SZ301050,国防军工,军工电子,军工电子,2021-12-31,
SZ301051,电子,消费电子,电子零部件制造,2021-08-31,2021-12-31
SZ301051,电子,消费电子,消费电子零部件及组装,2021-12-31,
SZ301052,传媒,文化传媒,平面媒体,2021-08-31,2021-12-31
SZ301052,传媒,出版,大众出版,2021-12-31,
SZ301053,机械设备,专用设备,纺织服装设备,2021-09-30,
SZ301055,轻工制造,家居用品,其他家用轻工,2021-09-30,2021-12-31
SZ301055,轻工制造,家居用品,其他家居用品,2021-12-31,
SZ301056,机械设备,专用设备,楼宇设备,2021-09-30,
SZ301057,基础化工,化学纤维,涤纶,2021-09-30,
SZ301058,建筑装饰,专业工程,其他专业工程,2021-09-30,2021-12-31
SZ301058,建筑装饰,工程咨询服务,工程咨询服务,2021-12-31,
SZ301059,基础化工,化学制品,其他化学制品,2021-09-30,
SZ301060,医药生物,医疗服务,医疗服务,2021-09-30,2021-12-31
SZ301060,医药生物,医疗服务,诊断服务,2021-12-31,
SZ301061,轻工制造,家居用品,家具,2021-09-30,2021-12-31
SZ301061,轻工制造,家居用品,成品家居,2021-12-31,
SZ301062,轻工制造,包装印刷,包装印刷,2021-09-30,2021-12-31
SZ301062,轻工制造,包装印刷,纸包装,2021-12-31,
SZ301063,机械设备,通用设备,机械基础件,2021-09-30,2021-12-31
SZ301063,机械设备,通用设备,金属制品,2021-12-31,2022-07-29
SZ301063,电力设备,风电设备,风电零部件,2022-07-29,2024-07-31
SZ301063,机械设备,专用设备,能源及重型设备,2024-07-31,
SZ301065,基础化工,化学制品,其他化学制品,2021-09-30,2022-07-29
SZ301065,医药生物,化学制药,原料药,2022-07-29,
SZ301066,纺织服饰,服装家纺,鞋帽及其他,2021-09-30,2022-07-29
SZ301066,纺织服饰,纺织制造,其他纺织,2022-07-29,
SZ301067,电子,消费电子,电子零部件制造,2021-09-30,2021-12-31
SZ301067,电子,消费电子,消费电子零部件及组装,2021-12-31,
SZ301068,公用事业,环保工程及服务,环保工程及服务,2021-09-30,2021-12-31
SZ301068,环保,环境治理,固废治理,2021-12-31,
SZ301069,基础化工,化学原料,其他化学原料,2021-09-30,
SZ301070,机械设备,通用设备,其他通用设备,2021-09-30,2024-07-31
SZ301070,机械设备,通用设备,制冷空调设备,2024-07-31,
SZ301071,机械设备,通用设备,磨具磨料,2021-09-30,2021-12-31
SZ301071,基础化工,非金属材料,非金属材料,2021-12-31,
SZ301072,汽车,汽车零部件,汽车零部件,2021-09-30,2021-12-31
SZ301072,汽车,汽车零部件,底盘与发动机系统,2021-12-31,
SZ301073,社会服务,酒店,酒店,2021-09-30,2021-12-31
SZ301073,社会服务,酒店餐饮,酒店,2021-12-31,
SZ301075,医药生物,化学制药,化学制剂,2021-09-30,
SZ301076,基础化工,化学制品,其他化学制品,2021-10-29,
SZ301077,基础化工,化学制品,其他化学制品,2021-09-30,
SZ301078,商贸零售,专业连锁,专业连锁,2021-10-29,
SZ301079,机械设备,通用设备,机械基础件,2021-10-29,2021-12-31
SZ301079,机械设备,工程机械,工程机械器件,2021-12-31,
SZ301080,医药生物,医疗服务,医疗服务,2021-10-29,2021-12-31
SZ301080,医药生物,医疗服务,医疗研发外包,2021-12-31,2022-07-29
SZ301080,医药生物,生物制品,其他生物制品,2022-07-29,
SZ301081,基础化工,化学制品,其他化学制品,2021-10-29,2021-12-31
SZ301081,环保,环保设备,环保设备,2021-12-31,
SZ301082,电力设备,高低压设备,线缆部件及其他,2021-10-29,2021-12-31
SZ301082,电力设备,电网设备,线缆部件及其他,2021-12-31,
SZ301083,机械设备,专用设备,其他专用设备,2021-10-29,
SZ301085,计算机,计算机应用,IT服务,2021-10-29,2021-12-31
SZ301085,计算机,IT服务,IT服务,2021-12-31,
SZ301086,电子,消费电子,电子零部件制造,2021-10-29,2021-12-31
SZ301086,电子,消费电子,消费电子零部件及组装,2021-12-31,
SZ301087,医药生物,医疗器械,医疗器械,2021-10-29,2021-12-31
SZ301087,医药生物,医疗器械,体外诊断,2021-12-31,2022-07-29
SZ301087,医药生物,医疗器械,医疗耗材,2022-07-29,2026-08-31
SZ301087,医药生物,医疗器械,医疗设备,2026-08-31,
SZ301088,纺织服饰,服装家纺,女装,2021-10-29,2021-12-31
SZ301088,纺织服饰,服装家纺,非运动服装,2021-12-31,
SZ301089,医药生物,化学制药,原料药,2021-10-29,
SZ301090,基础化工,化学制品,聚氨酯,2021-10-29,2022-07-29
SZ301090,基础化工,塑料,其他塑料制品,2022-07-29,
SZ301091,建筑装饰,基础建设,城轨建设,2021-10-29,2021-12-31
SZ301091,建筑装饰,工程咨询服务,工程咨询服务,2021-12-31,
SZ301092,基础化工,化学制品,其他化学制品,2021-11-30,2021-12-31
SZ301092,基础化工,塑料,合成树脂,2021-12-31,
SZ301093,医药生物,医疗器械,医疗器械,2021-11-30,2021-12-31
SZ301093,医药生物,医疗器械,医疗耗材,2021-12-31,
SZ301095,计算机,软件开发,垂直应用软件,2022-08-31,
SZ301096,医药生物,医疗服务,医疗研发外包,2021-12-31,
SZ301097,医药生物,医疗器械,医疗耗材,2022-04-29,
SZ301098,建筑装饰,园林工程,园林工程,2021-11-30,2021-12-31
SZ301098,建筑装饰,基础建设,园林工程,2021-12-31,
SZ301099,电子,元件,被动元件,2021-11-30,2022-07-29
SZ301099,电子,其他电子,其他电子,2022-07-29,
SZ301100,基础化工,化学制品,其他化学制品,2021-12-31,
SZ301101,轻工制造,文娱用品,文化用品,2021-12-31,
SZ301102,传媒,广告营销,广告媒体,2022-03-31,
SZ301103,医药生物,医疗服务,医院,2022-03-31,
SZ301105,机械设备,专用设备,印刷包装机械,2022-12-30,
SZ301106,电子,光学光电子,面板,2022-01-28,
SZ301107,机械设备,通用设备,其他通用设备,2022-05-31,
SZ301108,美容护理,个护用品,生活用纸,2021-12-31,
SZ301109,环保,环境治理,固废治理,2022-04-29,
SZ301110,商贸零售,互联网电商,电商服务,2022-03-31,
SZ301111,医药生物,化学制药,化学制剂,2021-12-31,2022-07-29
SZ301111,医药生物,中药,中药,2022-07-29,
SZ301112,机械设备,自动化设备,机器人,2022-06-30,
SZ301113,轻工制造,家居用品,其他家居用品,2021-12-31,
SZ301115,社会服务,专业服务,检测服务,2022-08-31,
SZ301116,农林牧渔,养殖业,肉鸡养殖,2022-01-28,
SZ301117,计算机,计算机设备,安防设备,2022-01-28,
SZ301118,基础化工,化学原料,其他化学原料,2021-11-30,
SZ301119,汽车,汽车零部件,汽车零部件,2021-11-30,2021-12-31
SZ301119,汽车,汽车零部件,底盘与发动机系统,2021-12-31,
SZ301120,电力设备,电网设备,输变电设备,2022-04-29,
SZ301121,电力设备,电池,锂电池,2022-08-31,
SZ301122,医药生物,医疗器械,医疗耗材,2022-01-28,
SZ301123,电子,消费电子,消费电子零部件及组装,2022-01-28,
SZ301125,机械设备,通用设备,其他通用设备,2022-06-30,
SZ301126,医药生物,医药商业,医药流通,2021-12-31,
SZ301127,环保,环境治理,水务及水治理,2021-12-31,
SZ301128,机械设备,专用设备,其他专用设备,2021-11-30,
SZ301129,机械设备,仪器仪表,仪器仪表,2021-11-30,2021-12-31
SZ301129,机械设备,通用设备,仪器仪表,2021-12-31,
SZ301130,医药生物,化学制药,化学制剂,2022-02-28,
SZ301131,基础化工,塑料,改性塑料,2022-03-31,
SZ301132,电子,元件,印制电路板,2022-08-31,
SZ301133,汽车,汽车零部件,汽车零部件,2021-11-30,2021-12-31
SZ301133,汽车,汽车零部件,车身附件及饰件,2021-12-31,
SZ301135,电子,消费电子,消费电子零部件及组装,2022-04-29,2024-07-31
SZ301135,家用电器,家电零部件,家电零部件,2024-07-31,
SZ301136,建筑装饰,工程咨询服务,工程咨询服务,2022-01-28,
SZ301137,机械设备,通用设备,金属制品,2022-03-31,
SZ301138,机械设备,专用设备,其他专用设备,2021-12-31,2022-07-29
SZ301138,机械设备,专用设备,印刷包装机械,2022-07-29,
SZ301139,通信,通信服务,通信工程及服务,2022-07-29,
SZ301141,有色金属,金属新材料,磁性材料,2023-04-28,
SZ301148,环保,环境治理,水务及水治理,2022-04-29,
SZ301149,基础化工,化学制品,其他化学制品,2021-11-30,
SZ301150,有色金属,工业金属,铜,2022-04-29,2022-07-29
SZ301150,电力设备,电池,锂电池,2022-07-29,
SZ301151,机械设备,通用设备,金属制品,2022-04-29,
SZ301152,电力设备,电池,电池化学品,2022-08-31,
SZ301153,计算机,软件开发,垂直应用软件,2022-05-31,
SZ301155,电力设备,其他电源设备,风电设备,2021-11-30,2021-12-31
SZ301155,电力设备,风电设备,风电零部件,2021-12-31,
SZ301156,基础化工,化学制品,食品及饲料添加剂,2022-06-30,
SZ301157,电力设备,其他电源设备,其他电源设备,2023-03-31,
SZ301158,机械设备,专用设备,能源及重型设备,2022-01-28,
SZ301159,计算机,软件开发,垂直应用软件,2022-01-28,
SZ301160,钢铁,特钢,特钢,2022-06-30,2026-07-31
SZ301160,机械设备,通用设备,金属制品,2026-07-31,
SZ301161,机械设备,工程机械,工程机械器件,2022-09-30,
SZ301162,计算机,软件开发,垂直应用软件,2022-04-29,
SZ301163,机械设备,通用设备,金属制品,2022-04-29,2022-07-29
SZ301163,电力设备,风电设备,风电零部件,2022-07-29,
SZ301165,通信,通信设备,通信网络设备及器件,2022-11-30,
SZ301166,医药生物,生物制品,其他生物制品,2021-12-31,
SZ301167,建筑装饰,工程咨询服务,工程咨询服务,2021-12-31,
SZ301168,电力设备,光伏设备,光伏辅材,2021-12-31,2024-07-31
SZ301168,电力设备,光伏设备,光伏电池组件,2024-07-31,
SZ301169,社会服务,其他休闲服务,其他休闲服务,2021-11-30,2021-12-31
SZ301169,社会服务,专业服务,其他专业服务,2021-12-31,
SZ301170,汽车,汽车零部件,底盘与发动机系统,2023-06-30,
SZ301171,传媒,广告营销,营销代理,2022-08-31,
SZ301172,计算机,IT服务,IT服务,2023-07-31,
SZ301173,汽车,汽车零部件,车身附件及饰件,2025-03-31,
SZ301175,环保,环境治理,固废治理,2022-07-29,
SZ301176,电子,元件,印制电路板,2022-09-30,
SZ301177,纺织服饰,饰品,钟表珠宝,2021-12-31,
SZ301178,计算机,计算机应用,IT服务,2021-11-30,2021-12-31
SZ301178,计算机,IT服务,IT服务,2021-12-31,
SZ301179,电力设备,电网设备,电网自动化设备,2021-12-31,
SZ301180,电子,消费电子,电子零部件制造,2021-11-30,2021-12-31
SZ301180,电子,消费电子,消费电子零部件及组装,2021-12-31,
SZ301181,汽车,汽车零部件,其他汽车零部件,2022-02-28,
SZ301182,电子,消费电子,消费电子零部件及组装,2021-12-31,2024-07-31
SZ301182,计算机,计算机设备,安防设备,2024-07-31,
SZ301183,电子,光学光电子,光学元件,2022-05-31,
SZ301185,计算机,计算机应用,IT服务,2021-11-30,2021-12-31
SZ301185,计算机,IT服务,IT服务,2021-12-31,
SZ301186,汽车,汽车零部件,其他汽车零部件,2021-12-31,
SZ301187,家用电器,小家电,清洁小家电,2022-04-29,
SZ301188,轻工制造,家居用品,其他家用轻工,2021-11-30,2021-12-31
SZ301188,轻工制造,家居用品,其他家居用品,2021-12-31,2024-11-29
SZ301188,医药生物,医疗器械,医疗耗材,2024-11-29,
SZ301189,电子,消费电子,品牌消费电子,2021-12-31,
SZ301190,基础化工,化学制品,纺织化学制品,2021-12-31,2024-07-31
SZ301190,基础化工,化学原料,其他化学原料,2024-07-31,
SZ301191,通信,通信设备,通信终端及配件,2022-05-31,
SZ301192,汽车,汽车零部件,底盘与发动机系统,2022-08-31,
SZ301193,轻工制造,家居用品,其他家居用品,2021-12-31,
SZ301195,计算机,软件开发,垂直应用软件,2022-08-31,
SZ301196,基础化工,塑料,其他塑料制品,2022-01-28,
SZ301197,机械设备,通用设备,仪器仪表,2022-08-31,
SZ301198,轻工制造,包装印刷,塑料包装,2021-12-31,
SZ301199,机械设备,自动化设备,机器人,2021-12-31,
SZ301200,机械设备,专用设备,其他专用设备,2022-02-28,
SZ301201,医药生物,医疗服务,医疗研发外包,2022-01-28,
SZ301202,通信,通信设备,其他通信设备,2023-07-31,
SZ301203,环保,环境治理,水务及水治理,2023-04-28,
SZ301205,通信,通信设备,通信网络设备及器件,2022-09-30,
SZ301206,基础化工,化学制品,食品及饲料添加剂,2022-02-28,
SZ301207,医药生物,生物制品,疫苗,2022-02-28,
SZ301208,计算机,IT服务,IT服务,2022-07-29,
SZ301209,基础化工,化学制品,涂料油墨,2022-08-31,
SZ301210,电力设备,电池,锂电池,2023-06-30,
SZ301211,医药生物,化学制药,原料药,2021-12-31,
SZ301212,基础化工,化学制品,其他化学制品,2022-04-29,
SZ301213,国防军工,军工电子,军工电子,2021-12-31,
SZ301215,汽车,汽车服务,汽车综合服务,2022-03-31,
SZ301216,基础化工,化学制品,聚氨酯,2022-03-31,2022-07-29
SZ301216,基础化工,塑料,其他塑料制品,2022-07-29,
SZ301217,有色金属,工业金属,铜,2022-01-28,2023-07-31
SZ301217,电力设备,电池,锂电池,2023-07-31,
SZ301218,计算机,IT服务,IT服务,2022-03-31,
SZ301219,有色金属,能源金属,钴,2022-03-31,
SZ301220,基础化工,化学制品,食品及饲料添加剂,2022-06-30,
SZ301221,汽车,汽车零部件,汽车电子电气系统,2021-12-31,
SZ301222,电力设备,电池,蓄电池及其他电池,2022-03-31,
SZ301223,轻工制造,包装印刷,纸包装,2022-10-31,
SZ301225,汽车,汽车零部件,底盘与发动机系统,2023-06-30,
SZ301226,电力设备,电机,电机,2022-03-31,
SZ301227,轻工制造,家居用品,定制家居,2022-09-30,
SZ301228,社会服务,专业服务,检测服务,2022-01-28,
SZ301229,汽车,汽车零部件,车身附件及饰件,2022-02-28,2024-11-29
SZ301229,汽车,汽车零部件,底盘与发动机系统,2024-11-29,
SZ301230,医药生物,医疗服务,医疗研发外包,2022-11-30,
SZ301231,传媒,出版,大众出版,2022-09-30,
SZ301232,电力设备,风电设备,风电零部件,2023-06-30,
SZ301233,汽车,汽车零部件,其他汽车零部件,2022-07-29,
SZ301234,医药生物,医疗器械,医疗耗材,2022-07-29,
SZ301235,医药生物,医疗器械,医疗设备,2022-01-28,
SZ301236,计算机,IT服务,IT服务,2022-03-31,
SZ301237,基础化工,塑料,膜材料,2022-03-31,
SZ301238,电力设备,电池,电池化学品,2022-06-30,
SZ301239,医药生物,医疗服务,医院,2022-07-29,
SZ301246,医药生物,化学制药,原料药,2023-03-31,
SZ301248,计算机,IT服务,IT服务,2022-04-29,
SZ301251,电子,元件,印制电路板,2023-09-28,
SZ301252,家用电器,家电零部件,家电零部件,2023-05-31,
SZ301255,机械设备,通用设备,金属制品,2022-12-30,
SZ301256,基础化工,化学原料,无机盐,2022-03-31,
SZ301257,医药生物,医疗服务,医疗研发外包,2022-05-31,
SZ301258,医药生物,化学制药,原料药,2022-03-31,
SZ301259,环保,环境治理,综合环境治理,2022-04-29,
SZ301260,机械设备,专用设备,农用机械,2023-02-28,
SZ301261,机械设备,通用设备,金属制品,2023-07-31,
SZ301262,传媒,电视广播,电视广播,2023-06-30,
SZ301263,医药生物,化学制药,化学制剂,2022-03-31,
SZ301265,环保,环境治理,固废治理,2022-12-30,
SZ301266,电力设备,光伏设备,光伏辅材,2022-06-30,
SZ301267,医药生物,医疗服务,医院,2022-11-30,
SZ301268,机械设备,通用设备,金属制品,2022-04-29,
SZ301269,计算机,软件开发,垂直应用软件,2022-07-29,
SZ301270,计算机,软件开发,横向通用软件,2022-08-31,
SZ301272,机械设备,通用设备,制冷空调设备,2023-07-31,
SZ301273,机械设备,通用设备,其他通用设备,2022-10-31,
SZ301275,电子,其他电子,其他电子,2025-03-31,
SZ301276,纺织服饰,服装家纺,非运动服装,2022-09-30,
SZ301277,医药生物,化学制药,原料药,2022-11-30,
SZ301278,电力设备,光伏设备,光伏辅材,2022-08-31,2024-07-31
SZ301278,电力设备,光伏设备,光伏电池组件,2024-07-31,
SZ301279,机械设备,工程机械,工程机械器件,2022-04-29,
SZ301280,电子,消费电子,消费电子零部件及组装,2022-12-30,2024-07-31
SZ301280,家用电器,家电零部件,家电零部件,2024-07-31,
SZ301281,医药生物,化学制药,原料药,2023-04-28,
SZ301282,电子,元件,印制电路板,2022-08-31,
SZ301283,基础化工,化学制品,胶黏剂及胶带,2022-09-30,
SZ301285,电子,消费电子,消费电子零部件及组装,2022-09-30,
SZ301286,基础化工,化学制品,其他化学制品,2022-06-30,
SZ301287,轻工制造,文娱用品,娱乐用品,2023-06-30,
SZ301288,环保,环保设备,环保设备,2022-04-29,
SZ301289,社会服务,专业服务,检测服务,2022-06-30,
SZ301290,医药生物,医疗器械,医疗设备,2022-11-30,
SZ301291,电力设备,电网设备,配电设备,2023-06-30,
SZ301292,电力设备,电池,电池化学品,2023-07-31,
SZ301293,医药生物,医疗服务,医院,2023-05-31,
SZ301295,电力设备,电网设备,输变电设备,2023-06-30,
SZ301296,轻工制造,包装印刷,纸包装,2022-09-30,
SZ301297,电子,半导体,半导体设备,2022-12-30,
SZ301298,汽车,汽车零部件,其他汽车零部件,2022-06-30,
SZ301299,传媒,数字媒体,门户网站,2022-10-31,
SZ301300,基础化工,橡胶,炭黑,2022-08-31,
SZ301301,医药生物,化学制药,化学制剂,2022-12-30,2024-07-31
SZ301301,医药生物,化学制药,原料药,2024-07-31,
SZ301302,国防军工,军工电子,军工电子,2022-06-30,
SZ301303,机械设备,通用设备,仪器仪表,2023-02-28,
SZ301305,环保,环境治理,固废治理,2023-05-31,
SZ301306,国防军工,军工电子,军工电子,2022-07-29,
SZ301307,通信,通信设备,通信网络设备及器件,2023-04-28,2026-07-31
SZ301307,机械设备,通用设备,金属制品,2026-07-31,
SZ301308,电子,半导体,数字芯片设计,2022-08-31,
SZ301309,机械设备,通用设备,金属制品,2022-09-30,
SZ301310,汽车,汽车零部件,汽车电子电气系统,2023-06-30,
SZ301311,机械设备,通用设备,其他通用设备,2022-11-30,
SZ301312,机械设备,自动化设备,其他自动化设备,2022-07-29,
SZ301313,传媒,数字媒体,其他数字媒体,2022-09-30,
SZ301314,通信,通信设备,通信网络设备及器件,2023-03-31,
SZ301315,计算机,软件开发,横向通用软件,2023-06-30,
SZ301316,计算机,IT服务,IT服务,2022-10-31,
SZ301317,机械设备,通用设备,其他通用设备,2023-01-31,
SZ301318,计算机,计算机设备,安防设备,2022-08-31,
SZ301319,电子,电子化学品,电子化学品,2022-09-30,
SZ301320,机械设备,自动化设备,工控设备,2023-06-30,
SZ301321,电子,光学光电子,面板,2022-08-31,
SZ301322,汽车,摩托车及其他,其他运输设备,2023-03-31,
SZ301323,有色金属,金属新材料,磁性材料,2023-06-30,
SZ301325,电力设备,电池,锂电专用设备,2023-05-31,
SZ301326,电子,消费电子,消费电子零部件及组装,2022-09-30,
SZ301327,电力设备,电池,锂电池,2022-09-30,
SZ301328,电子,其他电子,其他电子,2022-09-30,
SZ301329,电子,消费电子,消费电子零部件及组装,2023-07-31,
SZ301330,计算机,计算机设备,安防设备,2022-08-31,
SZ301331,医药生物,中药,中药,2022-09-30,
SZ301332,家用电器,小家电,清洁小家电,2023-05-31,
SZ301333,医药生物,医疗服务,医疗研发外包,2022-08-31,
SZ301335,轻工制造,文娱用品,娱乐用品,2022-11-30,
SZ301336,轻工制造,家居用品,成品家居,2022-08-31,
SZ301337,计算机,软件开发,垂直应用软件,2023-05-31,
SZ301338,机械设备,专用设备,其他专用设备,2022-08-31,
SZ301339,计算机,计算机设备,其他计算机设备,2022-09-30,
SZ301345,汽车,摩托车及其他,摩托车,2023-03-31,
SZ301348,电子,半导体,集成电路封测,2023-08-31,
SZ301349,电力设备,电池,电池化学品,2022-09-30,
SZ301353,机械设备,通用设备,其他通用设备,2023-05-31,
SZ301355,轻工制造,包装印刷,纸包装,2023-06-30,
SZ301356,轻工制造,家居用品,瓷砖地板,2022-11-30,
SZ301357,国防军工,地面兵装,地面兵装,2023-04-28,
SZ301358,电力设备,电池,电池化学品,2023-02-28,
SZ301359,电子,其他电子,其他电子,2022-11-30,
SZ301360,机械设备,通用设备,仪器仪表,2023-04-28,
SZ301361,电力设备,电网设备,配电设备,2022-11-30,
SZ301362,家用电器,照明设备,照明设备,2023-08-31,
SZ301363,医药生物,医疗器械,医疗设备,2022-10-31,
SZ301365,建筑装饰,工程咨询服务,工程咨询服务,2022-11-30,
SZ301366,电子,元件,印制电路板,2022-09-30,
SZ301367,医药生物,医疗器械,医疗设备,2022-11-30,
SZ301368,机械设备,通用设备,金属制品,2022-12-30,
SZ301369,电子,半导体,半导体设备,2022-09-30,
SZ301370,医药生物,医疗器械,医疗耗材,2023-07-31,
SZ301371,美容护理,化妆品,品牌化妆品,2023-08-31,
SZ301372,环保,环境治理,水务及水治理,2023-08-31,
SZ301373,基础化工,化学制品,其他化学制品,2023-02-28,
SZ301376,轻工制造,家居用品,成品家居,2023-06-30,
SZ301377,机械设备,通用设备,金属制品,2022-11-30,
SZ301378,计算机,软件开发,垂直应用软件,2023-03-31,
SZ301379,电子,光学光电子,面板,2022-11-30,
SZ301380,通信,通信服务,通信应用增值服务,2022-10-31,
SZ301381,商贸零售,互联网电商,跨境电商,2023-07-31,
SZ301382,通信,通信服务,通信应用增值服务,2023-05-31,
SZ301383,电子,消费电子,消费电子零部件及组装,2023-06-30,
SZ301386,电力设备,电网设备,配电设备,2023-03-31,
SZ301387,电子,消费电子,消费电子零部件及组装,2023-04-28,
SZ301388,电力设备,电网设备,配电设备,2022-11-30,
SZ301389,电子,消费电子,消费电子零部件及组装,2022-10-31,
SZ301390,建筑装饰,专业工程,其他专业工程,2023-05-31,2024-07-31
SZ301390,建筑装饰,工程咨询服务,工程咨询服务,2024-07-31,
SZ301391,计算机,计算机设备,其他计算机设备,2022-12-30,
SZ301392,机械设备,专用设备,其他专用设备,2024-06-28,
SZ301393,医药生物,生物制品,其他生物制品,2023-07-31,
SZ301395,基础化工,塑料,合成树脂,2023-07-31,
SZ301396,计算机,IT服务,IT服务,2022-11-30,
SZ301397,汽车,汽车零部件,底盘与发动机系统,2023-06-30,
SZ301398,汽车,汽车零部件,车身附件及饰件,2022-12-30,
SZ301399,机械设备,通用设备,制冷空调设备,2023-05-31,
SZ301408,医药生物,医药商业,线下药店,2023-03-31,
SZ301413,机械设备,通用设备,仪器仪表,2023-12-29,
SZ301418,机械设备,自动化设备,工控设备,2023-08-31,
SZ301419,通信,通信设备,通信网络设备及器件,2023-02-28,
SZ301421,电子,光学光电子,光学元件,2023-08-31,
SZ301428,通信,通信服务,通信应用增值服务,2023-05-31,
SZ301429,建筑材料,装修建材,其他建材,2023-04-28,
SZ301439,电力设备,电网设备,线缆部件及其他,2023-03-31,
SZ301446,机械设备,工程机械,工程机械器件,2023-07-31,
SZ301448,机械设备,通用设备,其他通用设备,2023-06-30,
SZ301449,社会服务,专业服务,检测服务,2025-12-31,
SZ301456,电力设备,风电设备,风电零部件,2023-07-31,
SZ301458,电子,元件,被动元件,2025-01-27,
SZ301459,基础化工,橡胶,其他橡胶制品,2023-12-29,
SZ301468,机械设备,通用设备,其他通用设备,2023-07-31,
SZ301469,轻工制造,造纸,特种纸,2023-08-31,
SZ301479,电子,光学光电子,光学元件,2025-03-31,
SZ301486,电子,消费电子,消费电子零部件及组装,2023-07-31,
SZ301487,电力设备,电池,电池化学品,2023-08-31,
SZ301488,汽车,汽车零部件,汽车电子电气系统,2023-07-31,
SZ301489,电子,电子化学品,电子化学品,2023-10-31,
SZ301491,电子,消费电子,消费电子零部件及组装,2025-08-29,
SZ301498,农林牧渔,饲料,宠物食品,2023-08-31,
SZ301499,汽车,汽车零部件,汽车电子电气系统,2023-07-31,
SZ301500,有色金属,工业金属,铜,2023-09-28,2024-07-31
SZ301500,环保,环境治理,固废治理,2024-07-31,
SZ301501,轻工制造,家居用品,其他家居用品,2025-03-31,
SZ301502,电力设备,电机,电机,2024-02-29,
SZ301503,计算机,计算机设备,其他计算机设备,2023-07-31,
SZ301505,建筑装饰,工程咨询服务,工程咨询服务,2023-07-31,
SZ301507,医药生物,化学制药,化学制剂,2023-09-28,
SZ301508,社会服务,专业服务,检测服务,2023-12-29,
SZ301509,医药生物,医疗服务,医疗研发外包,2023-08-31,
SZ301510,机械设备,自动化设备,工控设备,2023-08-31,
SZ301511,电力设备,电池,锂电池,2023-08-31,
SZ301512,机械设备,自动化设备,其他自动化设备,2023-07-31,
SZ301513,电力设备,电池,锂电专用设备,2026-04-30,
SZ301515,医药生物,医疗器械,医疗设备,2023-07-31,
SZ301516,电力设备,其他电源设备,其他电源设备,2023-12-29,
SZ301517,国防军工,军工电子,军工电子,2023-10-31,
SZ301518,基础化工,化学制品,其他化学制品,2023-08-31,
SZ301519,环保,环境治理,水务及水治理,2023-07-31,
SZ301520,医药生物,医疗服务,医疗研发外包,2023-09-28,
SZ301522,有色金属,金属新材料,其他金属新材料,2024-10-31,
SZ301525,机械设备,通用设备,制冷空调设备,2023-08-31,
SZ301526,建筑材料,玻璃玻纤,玻纤制造,2023-12-29,
SZ301528,机械设备,通用设备,仪器仪表,2023-08-31,
SZ301529,汽车,汽车零部件,车身附件及饰件,2023-09-28,
SZ301531,有色金属,金属新材料,磁性材料,2026-05-29,
SZ301533,机械设备,专用设备,农用机械,2023-08-31,
SZ301535,汽车,汽车零部件,其他汽车零部件,2025-03-31,
SZ301536,电子,半导体,数字芯片设计,2024-03-29,
SZ301538,基础化工,塑料,改性塑料,2024-03-29,
SZ301539,汽车,汽车零部件,轮胎轮毂,2024-04-30,
SZ301548,机械设备,通用设备,金属制品,2023-09-28,
SZ301550,汽车,汽车零部件,轮胎轮毂,2023-09-28,2024-07-31
SZ301550,汽车,汽车零部件,底盘与发动机系统,2024-07-31,
SZ301551,传媒,电视广播,电视广播,2024-09-30,
SZ301552,汽车,汽车零部件,车身附件及饰件,2024-07-31,
SZ301555,基础化工,塑料,合成树脂,2023-10-31,
SZ301556,计算机,IT服务,IT服务,2024-10-31,
SZ301557,电力设备,风电设备,风电零部件,2025-03-31,
SZ301558,商贸零售,互联网电商,跨境电商,2023-09-28,
SZ301559,机械设备,通用设备,金属制品,2023-10-31,
SZ301560,汽车,汽车零部件,底盘与发动机系统,2025-04-30,
SZ301563,电子,其他电子,其他电子,2025-09-30,
SZ301565,基础化工,塑料,膜材料,2024-06-28,
SZ301566,电子,元件,被动元件,2023-12-29,
SZ301567,电子,消费电子,消费电子零部件及组装,2024-01-31,
SZ301568,机械设备,自动化设备,其他自动化设备,2023-11-30,
SZ301571,国防军工,军工电子,军工电子,2024-08-30,
SZ301575,轻工制造,家居用品,卫浴制品,2025-09-30,
SZ301577,通信,通信设备,通信网络设备及器件,2024-01-31,
SZ301578,家用电器,黑色家电,其他黑色家电,2023-12-29,
SZ301580,医药生物,医疗器械,医疗耗材,2024-06-28,
SZ301581,汽车,汽车零部件,汽车电子电气系统,2025-01-27,
SZ301583,电子,半导体,半导体设备,2026-07-31,
SZ301584,医药生物,医药商业,医药流通,2025-09-30,
SZ301585,基础化工,化学制品,纺织化学制品,2024-12-31,
SZ301586,国防军工,航空装备,航空装备,2024-08-30,
SZ301587,电力设备,电池,锂电池,2024-04-30,
SZ301588,轻工制造,家居用品,瓷砖地板,2024-03-29,
SZ301589,计算机,计算机设备,其他计算机设备,2024-02-29,
SZ301590,电力设备,其他电源设备,其他电源设备,2025-06-30,
SZ301591,基础化工,塑料,其他塑料制品,2024-02-29,
SZ301592,国防军工,军工电子,军工电子,2024-10-31,
SZ301595,轻工制造,家居用品,其他家居用品,2025-05-30,
SZ301596,机械设备,通用设备,金属制品,2024-05-31,
SZ301598,机械设备,专用设备,其他专用设备,2024-12-31,
SZ301599,电力设备,电池,锂电专用设备,2026-04-30,
SZ301600,计算机,计算机设备,其他计算机设备,2024-09-30,
SZ301601,机械设备,专用设备,能源及重型设备,2025-01-27,
SZ301602,医药生物,医疗器械,医疗设备,2025-01-27,
SZ301603,机械设备,通用设备,机床工具,2024-07-31,
SZ301606,电子,消费电子,品牌消费电子,2024-07-31,
SZ301607,汽车,汽车零部件,汽车电子电气系统,2024-09-30,
SZ301608,计算机,计算机设备,其他计算机设备,2024-08-30,
SZ301609,电力设备,电网设备,电网自动化设备,2025-07-31,
SZ301611,电子,半导体,半导体材料,2024-08-30,
SZ301613,汽车,汽车零部件,其他汽车零部件,2024-10-31,
SZ301616,机械设备,通用设备,其他通用设备,2025-03-31,
SZ301617,基础化工,化学制品,其他化学制品,2024-12-31,
SZ301618,基础化工,化学制品,纺织化学制品,2024-09-30,
SZ301622,有色金属,金属新材料,磁性材料,2024-12-31,
SZ301626,电子,消费电子,消费电子零部件及组装,2024-10-31,
SZ301628,电子,元件,印制电路板,2024-10-31,
SZ301629,电子,半导体,半导体设备,2025-03-31,
SZ301630,电子,电子化学品,电子化学品,2025-07-31,
SZ301631,汽车,汽车零部件,汽车电子电气系统,2024-11-29,
SZ301632,社会服务,专业服务,检测服务,2025-08-29,
SZ301633,机械设备,自动化设备,工控设备,2024-11-29,
SZ301636,电力设备,光伏设备,光伏电池组件,2025-05-30,
SZ301638,计算机,IT服务,IT服务,2025-11-28,
SZ301655,汽车,汽车零部件,汽车电子电气系统,2026-08-31,
SZ301656,汽车,汽车零部件,汽车电子电气系统,2025-09-30,
SZ301658,电力设备,光伏设备,逆变器,2025-04-30,
SZ301662,电力设备,电池,锂电专用设备,2025-04-30,
SZ301665,基础化工,农化制品,农药,2025-04-30,
SZ301666,电子,半导体,数字芯片设计,2026-04-30,
SZ301667,汽车,汽车零部件,底盘与发动机系统,2025-12-31,
SZ301668,电力设备,电网设备,配电设备,2025-09-30,
SZ301669,电力设备,其他电源设备,其他电源设备,2026-06-30,
SZ301677,机械设备,通用设备,金属制品,2026-07-31,
SZ301678,电子,半导体,半导体材料,2025-06-30,
SZ301680,汽车,汽车零部件,其他汽车零部件,2026-03-31,
SZ301682,国防军工,军工电子,军工电子,2026-03-31,
SZ301683,基础化工,化学制品,涂料油墨,2026-04-30,
SZ301686,基础化工,塑料,改性塑料,2026-09-30,
SZ301687,基础化工,塑料,膜材料,2025-12-31,
SZ301688,基础化工,化学制品,其他化学制品,2026-09-30,
SZ301689,机械设备,通用设备,仪器仪表,2026-09-30,
SZ301696,电力设备,电机,电机,2026-04-30,
SZ301697,电力设备,光伏设备,光伏辅材,2026-09-30,
SZ301699,电力设备,风电设备,风电零部件,2026-09-30,
SZ301707,国防军工,军工电子,军工电子,2026-08-31,
SZ301717,电子,半导体,半导体设备,2026-08-31,
SZ302132,国防军工,军工电子,军工电子,2025-02-28,2026-08-31
SZ302132,国防军工,航空装备,航空装备,2026-08-31,
