instrument,name,list_date,delist_date
SH600000,浦发银行,1999-11-10,2200-01-01
SH600004,白云机场,2003-04-28,2200-01-01
SH600006,东风股份,1999-07-27,2200-01-01
SH600007,中国国贸,1999-03-12,2200-01-01
SH600008,首创环保,2000-04-27,2200-01-01
SH600009,上海机场,1998-02-18,2200-01-01
SH600010,包钢股份,2001-03-09,2200-01-01
SH600011,华能国际,2001-12-06,2200-01-01
SH600012,皖通高速,2003-01-07,2200-01-01
SH600015,华夏银行,2003-09-12,2200-01-01
SH600016,民生银行,2000-12-19,2200-01-01
SH600017,日照港,2006-10-17,2200-01-01
SH600018,上港集团,2006-10-26,2200-01-01
SH600019,宝钢股份,2000-12-12,2200-01-01
SH600020,中原高速,2003-08-08,2200-01-01
SH600021,上海电力,2003-10-29,2200-01-01
SH600022,山东钢铁,2004-06-29,2200-01-01
SH600023,浙能电力,2013-12-19,2200-01-01
SH600025,华能水电,2017-12-15,2200-01-01
SH600026,中远海能,2002-05-23,2200-01-01
SH600027,华电国际,2005-02-03,2200-01-01
SH600028,中国石化,2001-08-08,2200-01-01
SH600029,南方航空,2003-07-25,2200-01-01
SH600030,中信证券,2003-01-06,2200-01-01
SH600031,三一重工,2003-07-03,2200-01-01
SH600032,浙江新能,2021-05-25,2200-01-01
SH600033,福建高速,2001-02-09,2200-01-01
SH600035,楚天高速,2004-03-10,2200-01-01
SH600036,招商银行,2002-04-09,2200-01-01
SH600037,歌华有线,2001-02-08,2200-01-01
SH600038,中直股份,2000-12-18,2200-01-01
SH600039,四川路桥,2003-03-25,2200-01-01
SH600048,保利发展,2006-07-31,2200-01-01
SH600050,中国联通,2002-10-09,2200-01-01
SH600051,宁波联合,1997-04-10,2200-01-01
SH600052,东望时代,1997-04-18,2200-01-01
SH600053,*ST九鼎,1997-04-18,2200-01-01
SH600054,黄山旅游,1997-05-06,2200-01-01
SH600055,万东医疗,1997-05-19,2200-01-01
SH600056,中国医药,1997-05-15,2200-01-01
SH600057,厦门象屿,1997-06-04,2200-01-01
SH600058,五矿发展,1997-05-28,2200-01-01
SH600059,古越龙山,1997-05-16,2200-01-01
SH600060,海信视像,1997-04-22,2200-01-01
SH600061,国投资本,1997-05-19,2200-01-01
SH600062,华润双鹤,1997-05-22,2200-01-01
SH600063,皖维高新,1997-05-28,2200-01-01
SH600064,南京高科,1997-05-06,2200-01-01
SH600066,宇通客车,1997-05-08,2200-01-01
SH600067,冠城新材,1997-05-08,2200-01-01
SH600068,葛洲坝,1997-05-26,2021-09-13
SH600070,*ST富润,1997-06-04,2025-04-29
SH600071,凤凰光学,1997-05-28,2200-01-01
SH600072,中船科技,1997-06-03,2200-01-01
SH600073,光明肉业,1997-07-04,2200-01-01
SH600075,新疆天业,1997-06-17,2200-01-01
SH600076,康欣新材,1997-05-26,2200-01-01
SH600077,*ST宋都,1997-05-20,2023-07-19
SH600078,澄星股份,1997-06-27,2200-01-01
SH600079,ST人福,1997-06-06,2200-01-01
SH600080,ST金花,1997-06-12,2200-01-01
SH600081,东风科技,1997-07-03,2200-01-01
SH600082,ST海泰,1997-06-20,2200-01-01
SH600083,*ST博信,1997-06-06,2025-03-04
SH600084,*ST尼雅,1997-07-11,2200-01-01
SH600085,同仁堂,1997-06-25,2200-01-01
SH600086,退市金钰,1997-06-06,2021-03-18
SH600088,中视传媒,1997-06-16,2200-01-01
SH600089,特变电工,1997-06-18,2200-01-01
SH600090,退市济堂,1997-06-16,2022-07-06
SH600091,退市明科,1997-07-04,2022-06-21
SH600093,退市易见,1997-06-26,2022-06-23
SH600094,大名城,1997-07-03,2200-01-01
SH600095,湘财股份,1997-07-08,2200-01-01
SH600096,云天化,1997-07-09,2200-01-01
SH600097,开创国际,1997-06-19,2200-01-01
SH600098,广州发展,1997-07-18,2200-01-01
SH600099,林海股份,1997-07-04,2200-01-01
SH600100,同方股份,1997-06-27,2200-01-01
SH600101,明星电力,1997-06-27,2200-01-01
SH600103,青山纸业,1997-07-03,2200-01-01
SH600104,上汽集团,1997-11-25,2200-01-01
SH600105,永鼎股份,1997-09-29,2200-01-01
SH600106,重庆路桥,1997-06-18,2200-01-01
SH600107,*ST尔雅,1997-11-06,2200-01-01
SH600108,亚盛集团,1997-08-18,2200-01-01
SH600109,国金证券,1997-08-07,2200-01-01
SH600110,诺德股份,1997-10-07,2200-01-01
SH600111,北方稀土,1997-09-24,2200-01-01
SH600112,*ST天成,1997-11-27,2024-08-08
SH600113,浙江东日,1997-10-21,2200-01-01
SH600114,东睦股份,2004-05-11,2200-01-01
SH600115,中国东航,1997-11-05,2200-01-01
SH600116,三峡水利,1997-08-04,2200-01-01
SH600117,西宁特钢,1997-10-15,2200-01-01
SH600118,中国卫星,1997-09-08,2200-01-01
SH600119,*ST长投,1998-01-15,2200-01-01
SH600120,浙江东方,1997-12-01,2200-01-01
SH600121,郑州煤电,1998-01-07,2200-01-01
SH600122,*ST宏图,1998-04-20,2023-06-16
SH600123,兰花科创,1998-12-17,2200-01-01
SH600125,铁龙物流,1998-05-11,2200-01-01
SH600126,杭钢股份,1998-03-11,2200-01-01
SH600127,金健米业,1998-05-06,2200-01-01
SH600128,苏豪弘业,1997-09-01,2200-01-01
SH600129,太极集团,1997-11-18,2200-01-01
SH600130,波导股份,2000-07-06,2200-01-01
SH600131,国网信通,1998-04-02,2200-01-01
SH600132,重庆啤酒,1997-10-30,2200-01-01
SH600133,东湖高新,1998-02-12,2200-01-01
SH600135,乐凯胶片,1998-01-22,2200-01-01
SH600136,ST明诚,1998-03-03,2200-01-01
SH600137,浪莎股份,1998-04-16,2200-01-01
SH600138,中青旅,1997-12-03,2200-01-01
SH600139,*ST西源,1998-02-25,2023-03-21
SH600141,兴发集团,1999-06-16,2200-01-01
SH600143,金发科技,2004-06-23,2200-01-01
SH600145,退市新亿,1999-09-23,2022-04-28
SH600146,退市环球,1999-07-07,2022-06-30
SH600148,长春一东,1998-05-20,2200-01-01
SH600149,廊坊发展,1999-10-14,2200-01-01
SH600150,中国船舶,1998-05-20,2200-01-01
SH600151,航天机电,1998-06-05,2200-01-01
SH600152,维科技术,1998-06-09,2200-01-01
SH600153,建发股份,1998-06-16,2200-01-01
SH600155,华创云信,1998-09-18,2200-01-01
SH600156,华升股份,1998-05-27,2200-01-01
SH600157,永泰能源,1998-05-13,2200-01-01
SH600158,中体产业,1998-03-27,2200-01-01
SH600159,大龙地产,1998-05-26,2200-01-01
SH600160,巨化股份,1998-06-26,2200-01-01
SH600161,天坛生物,1998-06-16,2200-01-01
SH600162,香江控股,1998-06-09,2200-01-01
SH600163,中闽能源,1998-06-02,2200-01-01
SH600165,宁科生物,1998-05-29,2200-01-01
SH600166,福田汽车,1998-06-02,2200-01-01
SH600167,联美控股,1999-01-28,2200-01-01
SH600168,武汉控股,1998-04-27,2200-01-01
SH600169,ST太重,1998-09-04,2200-01-01
SH600170,上海建工,1998-06-23,2200-01-01
SH600171,上海贝岭,1998-09-24,2200-01-01
SH600172,黄河旋风,1998-11-26,2200-01-01
SH600173,卧龙新能,1999-04-15,2200-01-01
SH600176,中国巨石,1999-04-22,2200-01-01
SH600177,雅戈尔,1998-11-19,2200-01-01
SH600178,东安动力,1998-10-14,2200-01-01
SH600179,安通控股,1998-11-04,2200-01-01
SH600180,*ST瑞茂,1998-07-03,2200-01-01
SH600182,S佳通,1999-05-07,2200-01-01
SH600183,生益科技,1998-10-28,2200-01-01
SH600184,光电股份,2003-11-06,2200-01-01
SH600185,珠免集团,1999-06-11,2200-01-01
SH600186,莲花控股,1998-08-25,2200-01-01
SH600187,*ST国中,1998-11-11,2200-01-01
SH600188,兖矿能源,1998-07-01,2200-01-01
SH600189,泉阳泉,1998-10-07,2200-01-01
SH600190,退市锦港,1999-06-09,2025-07-24
SH600191,华资实业,1998-12-10,2200-01-01
SH600192,长城电工,1998-12-24,2200-01-01
SH600193,退市创兴,1999-05-27,2026-07-03
SH600195,中牧股份,1999-01-07,2200-01-01
SH600196,复星医药,1998-08-07,2200-01-01
SH600197,伊力特,1999-09-16,2200-01-01
SH600198,大唐电信,1998-10-21,2200-01-01
SH600199,金种子酒,1998-08-12,2200-01-01
SH600200,退市苏吴,1999-04-01,2025-12-30
SH600201,生物股份,1999-01-15,2200-01-01
SH600202,哈空调,1999-06-03,2200-01-01
SH600203,福日电子,1999-05-14,2200-01-01
SH600206,有研新材,1999-03-19,2200-01-01
SH600207,安彩高科,1999-07-14,2200-01-01
SH600208,衢州发展,1999-06-23,2200-01-01
SH600209,退市罗顿,1999-03-25,2022-06-22
SH600210,紫江企业,1999-08-24,2200-01-01
SH600211,西藏药业,1999-07-21,2200-01-01
SH600212,绿能慧充,1999-08-17,2200-01-01
SH600213,*ST亚星,1999-08-31,2024-10-10
SH600215,派斯林,1999-09-09,2200-01-01
SH600216,浙江医药,1999-10-21,2200-01-01
SH600217,中再资环,1999-12-16,2200-01-01
SH600218,全柴动力,1998-12-03,2200-01-01
SH600219,南山铝业,1999-12-23,2200-01-01
SH600220,ST阳光,1999-09-27,2024-07-03
SH600221,海航控股,1999-11-25,2200-01-01
SH600222,太龙药业,1999-11-05,2200-01-01
SH600223,福瑞达,2000-01-13,2200-01-01
SH600225,退市卓朗,2000-01-27,2025-03-05
SH600226,亨通股份,1999-11-16,2200-01-01
SH600227,赤天化,2000-02-21,2200-01-01
SH600228,返利科技,1999-01-19,2200-01-01
SH600229,城市传媒,2000-03-09,2200-01-01
SH600230,沧州大化,2000-04-06,2200-01-01
SH600231,凌钢股份,2000-05-11,2200-01-01
SH600232,金鹰股份,2000-06-02,2200-01-01
SH600233,圆通速递,2000-06-08,2200-01-01
SH600234,科新发展,2000-06-15,2200-01-01
SH600235,民丰特纸,2000-06-15,2200-01-01
SH600236,桂冠电力,2000-03-23,2200-01-01
SH600237,铜峰电子,2000-06-09,2200-01-01
SH600238,ST椰岛,2000-01-20,2200-01-01
SH600239,ST云城,1999-12-02,2200-01-01
SH600241,时代万恒,2000-11-28,2200-01-01
SH600242,退市中昌,2000-12-07,2023-06-21
SH600243,*ST海华,2000-11-20,2200-01-01
SH600246,万通发展,2000-09-22,2200-01-01
SH600247,*ST成城,2000-11-23,2021-03-19
SH600248,陕建股份,2000-06-22,2200-01-01
SH600249,两面针,2004-01-30,2200-01-01
SH600250,南京商旅,2001-03-06,2200-01-01
SH600251,冠农股份,2003-06-09,2200-01-01
SH600252,中恒集团,2000-11-30,2200-01-01
SH600255,鑫科材料,2000-11-22,2200-01-01
SH600256,广汇能源,2000-05-26,2200-01-01
SH600257,大湖股份,2000-06-12,2200-01-01
SH600258,首旅酒店,2000-06-01,2200-01-01
SH600259,中稀有色,2000-05-25,2200-01-01
SH600260,*ST凯乐,2000-07-06,2023-02-09
SH600261,阳光照明,2000-07-20,2200-01-01
SH600262,北方股份,2000-06-30,2200-01-01
SH600265,*ST景谷,2000-08-25,2200-01-01
SH600266,城建发展,1999-02-03,2200-01-01
SH600267,海正药业,2000-07-25,2200-01-01
SH600268,国电南自,1999-11-18,2200-01-01
SH600269,赣粤高速,2000-05-18,2200-01-01
SH600271,航天信息,2003-07-11,2200-01-01
SH600272,开开实业,1997-01-08,2200-01-01
SH600273,嘉化能源,2003-06-27,2200-01-01
SH600275,退市昌鱼,2000-08-10,2022-06-22
SH600276,恒瑞医药,2000-10-18,2200-01-01
SH600277,ST亿利,2000-07-25,2024-07-11
SH600278,东方创业,2000-07-12,2200-01-01
SH600279,重庆港,2000-07-31,2200-01-01
SH600280,中央商场,2000-09-26,2200-01-01
SH600281,华阳新材,2000-11-09,2200-01-01
SH600282,南钢股份,2000-09-19,2200-01-01
SH600283,钱江水利,2000-10-18,2200-01-01
SH600284,浦东建设,2004-03-16,2200-01-01
SH600285,羚锐制药,2000-10-18,2200-01-01
SH600287,苏豪时尚,2000-09-01,2200-01-01
SH600288,大恒科技,2000-11-29,2200-01-01
SH600289,ST信通,2000-07-20,2200-01-01
SH600290,*ST华仪,2000-11-06,2024-01-10
SH600291,退市西水,2000-07-31,2022-06-14
SH600292,电投水电,2000-11-01,2200-01-01
SH600293,三峡新材,2000-09-19,2200-01-01
SH600295,鄂尔多斯,1995-10-20,2200-01-01
SH600297,广汇汽车,2000-11-16,2024-08-21
SH600298,安琪酵母,2000-08-18,2200-01-01
SH600299,安迪苏,2000-04-20,2200-01-01
SH600300,维维股份,2000-06-30,2200-01-01
SH600301,华锡有色,2000-07-12,2200-01-01
SH600302,ST标准,2000-12-13,2200-01-01
SH600303,曙光股份,2000-12-26,2200-01-01
SH600305,恒顺醋业,2001-02-06,2200-01-01
SH600306,退市商城,2000-12-26,2024-06-19
SH600307,酒钢宏兴,2000-12-20,2200-01-01
SH600308,华泰股份,2000-09-28,2200-01-01
SH600309,万华化学,2001-01-05,2200-01-01
SH600310,广西能源,2001-02-28,2200-01-01
SH600311,*ST荣华,2001-06-26,2023-03-21
SH600312,平高电气,2001-02-21,2200-01-01
SH600313,农发种业,2001-01-19,2200-01-01
SH600315,上海家化,2001-03-15,2200-01-01
SH600316,洪都航空,2000-12-15,2200-01-01
SH600317,营口港,2002-01-31,2021-01-28
SH600318,新力金融,2000-12-08,2200-01-01
SH600319,亚星化学,2001-03-26,2200-01-01
SH600320,振华重工,2000-12-21,2200-01-01
SH600321,正源股份,2001-05-24,2024-06-20
SH600322,津投城开,2001-09-10,2200-01-01
SH600323,瀚蓝环境,2000-12-25,2200-01-01
SH600325,华发股份,2004-02-25,2200-01-01
SH600326,西藏天路,2001-01-16,2200-01-01
SH600327,大东方,2002-06-25,2200-01-01
SH600328,中盐化工,2000-12-22,2200-01-01
SH600329,达仁堂,2001-06-06,2200-01-01
SH600330,天通股份,2001-01-18,2200-01-01
SH600331,宏达股份,2001-12-20,2200-01-01
SH600332,白云山,2001-02-06,2200-01-01
SH600333,长春燃气,2000-12-11,2200-01-01
SH600335,国机汽车,2001-03-05,2200-01-01
SH600336,澳柯玛,2000-12-29,2200-01-01
SH600337,ST美克,2000-11-27,2200-01-01
SH600338,西藏珠峰,2000-12-27,2200-01-01
SH600339,中油工程,2000-12-25,2200-01-01
SH600340,*ST华幸,2003-12-30,2200-01-01
SH600343,航天动力,2003-04-08,2200-01-01
SH600345,长江通信,2000-12-22,2200-01-01
SH600346,恒力石化,2001-08-20,2200-01-01
SH600348,华阳股份,2003-08-21,2200-01-01
SH600350,山东高速,2002-03-18,2200-01-01
SH600351,亚宝药业,2002-09-26,2200-01-01
SH600352,浙江龙盛,2003-08-01,2200-01-01
SH600353,旭光电子,2002-11-20,2200-01-01
SH600354,敦煌种业,2004-01-15,2200-01-01
SH600355,*ST精伦,2002-06-13,2026-04-24
SH600356,恒丰纸业,2001-04-19,2200-01-01
SH600358,国旅联合,2000-09-22,2200-01-01
SH600359,新农开发,1999-04-29,2200-01-01
SH600360,华微电子,2001-03-16,2200-01-01
SH600361,创新新材,2001-11-29,2200-01-01
SH600362,江西铜业,2002-01-11,2200-01-01
SH600363,联创光电,2001-03-29,2200-01-01
SH600365,ST通葡,2001-01-15,2200-01-01
SH600366,宁波韵升,2000-10-30,2200-01-01
SH600367,红星发展,2001-03-20,2200-01-01
SH600368,五洲交通,2000-12-21,2200-01-01
SH600369,西南证券,2001-01-09,2200-01-01
SH600370,*ST三房,2003-03-06,2200-01-01
SH600371,万向德农,2002-09-16,2200-01-01
SH600372,中航机载,2001-07-06,2200-01-01
SH600373,中文传媒,2002-03-04,2200-01-01
SH600375,汉马科技,2003-04-01,2200-01-01
SH600376,首开股份,2001-03-12,2200-01-01
SH600377,宁沪高速,2001-01-16,2200-01-01
SH600378,昊华科技,2001-01-11,2200-01-01
SH600379,宝光股份,2002-01-16,2200-01-01
SH600380,健康元,2001-06-08,2200-01-01
SH600381,*ST春天,2001-05-08,2200-01-01
SH600382,广东明珠,2001-01-18,2200-01-01
SH600383,金地集团,2001-04-12,2200-01-01
SH600385,退市金泰,2001-07-23,2022-07-06
SH600386,北巴传媒,2001-02-16,2200-01-01
SH600387,海越退,2004-02-18,2025-07-10
SH600388,紫金龙净,2000-12-29,2200-01-01
SH600389,江山股份,2001-01-10,2200-01-01
SH600390,五矿资本,2001-01-15,2200-01-01
SH600391,航发科技,2001-12-12,2200-01-01
SH600392,盛和资源,2003-05-29,2200-01-01
SH600393,ST粤泰,2001-03-19,2023-07-12
SH600395,盘江股份,2001-05-31,2200-01-01
SH600396,华电辽能,2001-03-28,2200-01-01
SH600397,江钨装备,2002-07-02,2200-01-01
SH600398,海澜之家,2000-12-28,2200-01-01
SH600399,抚顺特钢,2000-12-29,2200-01-01
SH600400,红豆股份,2001-01-08,2200-01-01
SH600403,大有能源,2003-10-09,2200-01-01
SH600405,动力源,2004-04-01,2200-01-01
SH600406,国电南瑞,2003-10-16,2200-01-01
SH600408,安泰集团,2003-02-12,2200-01-01
SH600409,三友化工,2003-06-18,2200-01-01
SH600410,华胜天成,2004-04-27,2200-01-01
SH600415,小商品城,2002-05-09,2200-01-01
SH600416,湘电股份,2002-07-18,2200-01-01
SH600418,江淮汽车,2001-08-24,2200-01-01
SH600419,天润乳业,2001-06-28,2200-01-01
SH600420,国药现代,2004-06-16,2200-01-01
SH600421,退市华嵘,2004-06-07,2026-06-25
SH600422,昆药集团,2000-12-06,2200-01-01
SH600423,*ST柳化,2003-07-17,2200-01-01
SH600425,青松建化,2003-07-24,2200-01-01
SH600426,华鲁恒升,2002-06-20,2200-01-01
SH600428,中远海特,2002-04-18,2200-01-01
SH600429,三元股份,2003-09-15,2200-01-01
SH600433,冠豪高新,2003-06-19,2200-01-01
SH600435,北方导航,2003-07-04,2200-01-01
SH600436,片仔癀,2003-06-16,2200-01-01
SH600438,通威股份,2004-03-02,2200-01-01
SH600439,ST瑞贝卡,2003-07-10,2200-01-01
SH600444,国机通用,2004-02-19,2200-01-01
SH600446,金证股份,2003-12-24,2200-01-01
SH600448,华纺股份,2001-09-03,2200-01-01
SH600449,宁夏建材,2003-08-29,2200-01-01
SH600452,涪陵电力,2004-03-03,2200-01-01
SH600455,博通股份,2004-03-29,2200-01-01
SH600456,宝钛股份,2002-04-12,2200-01-01
SH600458,时代新材,2002-12-19,2200-01-01
SH600459,贵研铂业,2003-05-16,2200-01-01
SH600460,士兰微,2003-03-11,2200-01-01
SH600461,洪城环境,2004-06-01,2200-01-01
SH600462,退市九有,2003-09-03,2025-07-18
SH600463,空港股份,2004-03-18,2200-01-01
SH600466,*ST蓝光,2001-02-12,2023-06-06
SH600467,好当家,2004-04-05,2200-01-01
SH600468,百利电气,2001-06-15,2200-01-01
SH600469,风神股份,2003-10-21,2200-01-01
SH600470,六国化工,2004-03-05,2200-01-01
SH600475,华光环能,2003-07-21,2200-01-01
SH600476,*ST湘邮,2003-12-10,2200-01-01
SH600477,杭萧钢构,2003-11-10,2200-01-01
SH600478,科力远,2003-09-18,2200-01-01
SH600479,千金药业,2004-03-12,2200-01-01
SH600480,凌云股份,2003-08-15,2200-01-01
SH600481,双良节能,2003-04-22,2200-01-01
SH600482,中国动力,2004-07-14,2200-01-01
SH600483,福能股份,2004-05-31,2200-01-01
SH600485,*ST信威,2003-08-07,2021-05-31
SH600486,扬农化工,2002-04-25,2200-01-01
SH600487,亨通光电,2003-08-22,2200-01-01
SH600488,津药药业,2001-06-18,2200-01-01
SH600489,中金黄金,2003-08-14,2200-01-01
SH600490,鹏欣资源,2003-06-26,2200-01-01
SH600491,ST龙元,2004-05-24,2200-01-01
SH600493,凤竹纺织,2004-04-21,2200-01-01
SH600495,晋西车轴,2004-05-26,2200-01-01
SH600496,精工钢构,2002-06-05,2200-01-01
SH600497,驰宏锌锗,2004-04-20,2200-01-01
SH600498,烽火通信,2001-08-23,2200-01-01
SH600499,科达制造,2002-10-10,2200-01-01
SH600500,中化国际,2000-03-01,2200-01-01
SH600501,航天晨光,2001-06-15,2200-01-01
SH600502,安徽建工,2003-04-15,2200-01-01
SH600503,华丽家族,2002-07-09,2200-01-01
SH600505,西昌电力,2002-05-30,2200-01-01
SH600506,统一股份,2001-12-26,2200-01-01
SH600507,方大特钢,2003-09-30,2200-01-01
SH600508,上海能源,2001-08-29,2200-01-01
SH600509,天富能源,2002-02-28,2200-01-01
SH600510,黑牡丹,2002-06-18,2200-01-01
SH600511,国药股份,2002-11-27,2200-01-01
SH600512,腾达建设,2002-12-26,2200-01-01
SH600513,联环药业,2003-03-19,2200-01-01
SH600515,海南机场,2002-08-06,2200-01-01
SH600516,方大炭素,2002-08-30,2200-01-01
SH600517,国网英大,2003-10-10,2200-01-01
SH600518,康美药业,2001-03-19,2200-01-01
SH600519,贵州茅台,2001-08-27,2200-01-01
SH600520,三佳科技,2002-01-08,2200-01-01
SH600521,华海药业,2003-03-04,2200-01-01
SH600522,中天科技,2002-10-24,2200-01-01
SH600523,贵航股份,2001-12-27,2200-01-01
SH600525,长园集团,2002-12-02,2200-01-01
SH600526,菲达环保,2002-07-22,2200-01-01
SH600527,江南高纤,2003-11-27,2200-01-01
SH600528,中铁工业,2001-05-28,2200-01-01
SH600529,山东药玻,2002-06-03,2200-01-01
SH600530,ST交昂,2001-07-02,2200-01-01
SH600531,豫光金铅,2002-07-30,2200-01-01
SH600532,退市未来,2002-10-31,2023-06-20
SH600533,栖霞建设,2002-03-28,2200-01-01
SH600535,天士力,2002-08-23,2200-01-01
SH600536,中国软件,2002-05-17,2200-01-01
SH600537,*ST亿晶,2003-01-23,2200-01-01
SH600538,国发股份,2003-01-14,2200-01-01
SH600539,狮头股份,2001-08-24,2200-01-01
SH600540,新赛股份,2004-01-07,2200-01-01
SH600543,*ST莫高,2004-03-24,2200-01-01
SH600545,卓郎智能,2003-12-03,2200-01-01
SH600546,山煤国际,2003-07-31,2200-01-01
SH600547,山东黄金,2003-08-28,2200-01-01
SH600548,深高速,2001-12-25,2200-01-01
SH600549,厦门钨业,2002-11-07,2200-01-01
SH600550,保变电气,2001-02-28,2200-01-01
SH600551,时代出版,2002-09-05,2200-01-01
SH600552,凯盛科技,2002-11-08,2200-01-01
SH600555,退市海创,2001-03-28,2022-07-13
SH600556,天下秀,2001-08-07,2200-01-01
SH600557,康缘药业,2002-09-18,2200-01-01
SH600558,大西洋,2001-02-27,2200-01-01
SH600559,老白干酒,2002-10-29,2200-01-01
SH600560,金自天正,2002-09-19,2200-01-01
SH600561,江西长运,2002-07-16,2200-01-01
SH600562,国睿科技,2003-01-28,2200-01-01
SH600563,法拉电子,2002-12-10,2200-01-01
SH600565,ST迪马,2002-07-23,2024-07-31
SH600566,济川药业,2001-08-22,2200-01-01
SH600567,山鹰国际,2001-12-18,2200-01-01
SH600568,ST中珠,2001-05-18,2200-01-01
SH600569,安阳钢铁,2001-08-20,2200-01-01
SH600570,恒生电子,2003-12-16,2200-01-01
SH600571,信雅达,2002-11-01,2200-01-01
SH600572,康恩贝,2004-04-12,2200-01-01
SH600573,惠泉啤酒,2003-02-26,2200-01-01
SH600575,淮河能源,2003-03-28,2200-01-01
SH600576,祥源文旅,2003-02-20,2200-01-01
SH600577,精达股份,2002-09-11,2200-01-01
SH600578,京能电力,2002-05-10,2200-01-01
SH600579,中化装备,2002-08-09,2200-01-01
SH600580,卧龙电驱,2002-06-06,2200-01-01
SH600581,*ST八钢,2002-08-16,2200-01-01
SH600582,天地科技,2002-05-15,2200-01-01
SH600583,海油工程,2002-02-05,2200-01-01
SH600584,长电科技,2003-06-03,2200-01-01
SH600585,海螺水泥,2002-02-07,2200-01-01
SH600586,金晶科技,2002-08-15,2200-01-01
SH600587,新华医疗,2002-09-27,2200-01-01
SH600588,用友网络,2001-05-18,2200-01-01
SH600589,大位科技,2001-06-12,2200-01-01
SH600590,泰豪科技,2002-07-03,2200-01-01
SH600592,龙溪股份,2002-08-05,2200-01-01
SH600593,大连圣亚,2002-07-11,2200-01-01
SH600594,益佰制药,2004-03-23,2200-01-01
SH600595,中孚实业,2002-06-26,2200-01-01
SH600596,新安股份,2001-09-06,2200-01-01
SH600597,光明乳业,2002-08-28,2200-01-01
SH600598,北大荒,2002-03-29,2200-01-01
SH600599,退市熊猫,2001-08-28,2026-06-25
SH600600,青岛啤酒,1993-08-27,2200-01-01
SH600601,方正科技,1990-12-19,2200-01-01
SH600602,云赛智联,1990-12-19,2200-01-01
SH600603,广汇物流,1992-01-13,2200-01-01
SH600604,市北高新,1992-03-27,2200-01-01
SH600605,汇通能源,1992-03-27,2200-01-01
SH600606,绿地控股,1992-03-27,2200-01-01
SH600608,退市沪科,1992-03-27,2026-07-02
SH600609,金杯汽车,1992-07-24,2200-01-01
SH600610,中毅达,1992-08-05,2200-01-01
SH600611,大众交通,1992-08-07,2200-01-01
SH600612,老凤祥,1992-08-14,2200-01-01
SH600613,神奇制药,1992-08-20,2200-01-01
SH600614,退市鹏起,1992-08-28,2021-07-21
SH600615,鑫源智造,1992-09-10,2200-01-01
SH600616,金枫酒业,1992-09-29,2200-01-01
SH600617,国新能源,1992-10-13,2200-01-01
SH600618,氯碱化工,1992-11-13,2200-01-01
SH600619,海立股份,1992-11-13,2200-01-01
SH600620,天宸股份,1992-11-17,2200-01-01
SH600621,华鑫股份,1992-12-02,2200-01-01
SH600622,光大嘉宝,1992-12-03,2200-01-01
SH600623,华谊集团,1992-12-04,2200-01-01
SH600624,ST复华,1993-01-05,2200-01-01
SH600626,申达股份,1993-01-07,2200-01-01
SH600628,新世界,1993-01-09,2200-01-01
SH600629,华建集团,1993-02-09,2200-01-01
SH600630,龙头股份,1993-02-09,2200-01-01
SH600633,浙数文化,1993-03-04,2200-01-01
SH600634,退市富控,1993-03-04,2021-07-22
SH600635,大众公用,1993-03-04,2200-01-01
SH600636,退市国化,1993-03-16,2026-06-26
SH600637,东方明珠,1993-03-16,2200-01-01
SH600638,新黄浦,1993-03-26,2200-01-01
SH600639,浦东金桥,1993-03-26,2200-01-01
SH600640,国脉文化,1993-04-07,2200-01-01
SH600641,先导基电,1993-04-07,2200-01-01
SH600642,申能股份,1993-04-16,2200-01-01
SH600643,爱建集团,1993-04-26,2200-01-01
SH600644,乐山电力,1993-04-26,2200-01-01
SH600645,中源协和,1993-05-04,2200-01-01
SH600647,退市同达,1993-05-04,2024-06-26
SH600648,外高桥,1993-05-04,2200-01-01
SH600649,城投控股,1993-05-18,2200-01-01
SH600650,锦江在线,1993-06-07,2200-01-01
SH600651,飞乐音响,1990-12-19,2200-01-01
SH600652,退市游久,1990-12-19,2022-06-21
SH600653,申华控股,1990-12-19,2200-01-01
SH600654,中安科,1990-12-19,2200-01-01
SH600655,豫园股份,1992-09-02,2200-01-01
SH600657,信达地产,1993-05-24,2200-01-01
SH600658,电子城,1993-05-24,2200-01-01
SH600660,福耀玻璃,1993-06-10,2200-01-01
SH600661,昂立教育,1993-06-14,2200-01-01
SH600662,外服控股,1993-06-14,2200-01-01
SH600663,陆家嘴,1993-06-28,2200-01-01
SH600664,哈药股份,1993-06-29,2200-01-01
SH600665,天地源,1993-07-09,2200-01-01
SH600666,奥瑞德,1993-07-12,2200-01-01
SH600667,太极实业,1993-07-28,2200-01-01
SH600668,尖峰集团,1993-07-28,2200-01-01
SH600671,天目药业,1993-08-23,2200-01-01
SH600673,东阳光,1993-09-17,2200-01-01
SH600674,川投能源,1993-09-24,2200-01-01
SH600675,中华企业,1993-09-24,2200-01-01
SH600676,久事动娱,1993-09-28,2200-01-01
SH600677,*ST航通,1993-09-28,2021-03-17
SH600678,ST金顶,1993-10-08,2200-01-01
SH600679,上海凤凰,1993-10-08,2200-01-01
SH600681,百川能源,1993-10-18,2200-01-01
SH600682,南京新百,1993-10-18,2200-01-01
SH600683,京投发展,1993-10-25,2200-01-01
SH600684,珠江股份,1993-10-28,2200-01-01
SH600685,中船防务,1993-10-28,2200-01-01
SH600686,金龙汽车,1993-11-08,2200-01-01
SH600687,退市刚泰,1993-11-08,2021-03-02
SH600688,上海石化,1993-11-08,2200-01-01
SH600689,上海三毛,1993-11-08,2200-01-01
SH600690,海尔智家,1993-11-19,2200-01-01
SH600691,潞化科技,1993-11-19,2200-01-01
SH600692,亚通股份,1993-11-19,2200-01-01
SH600693,东百集团,1993-11-22,2200-01-01
SH600694,大商股份,1993-11-22,2200-01-01
SH600695,退市绿庭,1993-11-22,2022-06-14
SH600696,退市岩石,1993-12-06,2026-06-26
SH600697,欧亚集团,1993-12-06,2200-01-01
SH600698,湖南天雁,1993-12-06,2200-01-01
SH600699,均胜电子,1993-12-06,2200-01-01
SH600701,退市工新,1996-05-28,2021-04-30
SH600702,舍得酒业,1996-05-24,2200-01-01
SH600703,三安光电,1996-05-28,2200-01-01
SH600704,物产中大,1996-06-06,2200-01-01
SH600705,中航产融,1996-05-16,2025-05-26
SH600706,曲江文旅,1996-05-16,2200-01-01
SH600707,彩虹股份,1996-05-20,2200-01-01
SH600708,光明地产,1996-06-06,2200-01-01
SH600710,苏美达,1996-07-01,2200-01-01
SH600711,盛屯矿业,1996-05-31,2200-01-01
SH600712,南宁百货,1996-06-26,2200-01-01
SH600713,南京医药,1996-07-01,2200-01-01
SH600714,金瑞矿业,1996-06-06,2200-01-01
SH600715,文投控股,1996-07-01,2200-01-01
SH600716,凤凰股份,1996-07-02,2200-01-01
SH600717,天津港,1996-06-14,2200-01-01
SH600718,东软集团,1996-06-18,2200-01-01
SH600719,大连热电,1996-07-16,2200-01-01
SH600720,中交设计,1996-07-16,2200-01-01
SH600721,百花医药,1996-06-26,2200-01-01
SH600722,金牛化工,1996-06-26,2200-01-01
SH600723,首商股份,1996-07-16,2021-10-22
SH600724,宁波富达,1996-07-16,2200-01-01
SH600725,云维股份,1996-07-02,2200-01-01
SH600726,华电能源,1996-07-01,2200-01-01
SH600727,鲁北化工,1996-07-02,2200-01-01
SH600728,佳都科技,1996-07-16,2200-01-01
SH600729,重百集团,1996-07-02,2200-01-01
SH600730,*ST高科,1996-07-26,2200-01-01
SH600731,湖南海利,1996-08-02,2200-01-01
SH600732,爱旭股份,1996-08-16,2200-01-01
SH600733,北汽蓝谷,1996-08-16,2200-01-01
SH600734,ST实达,1996-08-08,2200-01-01
SH600735,ST新华锦,1996-07-26,2200-01-01
SH600736,苏州高新,1996-08-15,2200-01-01
SH600737,中粮糖业,1996-07-31,2200-01-01
SH600738,丽尚国潮,1996-08-02,2200-01-01
SH600739,辽宁成大,1996-08-19,2200-01-01
SH600740,山西焦化,1996-08-08,2200-01-01
SH600741,华域汽车,1996-08-26,2200-01-01
SH600742,富维股份,1996-08-26,2200-01-01
SH600743,华远控股,1996-09-09,2200-01-01
SH600744,华银电力,1996-09-05,2200-01-01
SH600745,*ST闻泰,1996-08-28,2200-01-01
SH600746,江苏索普,1996-09-18,2200-01-01
SH600748,上实发展,1996-09-25,2200-01-01
SH600749,西藏旅游,1996-10-15,2200-01-01
SH600750,华润江中,1996-09-23,2200-01-01
SH600751,海航科技,1996-09-09,2200-01-01
SH600753,ST海钦,1996-09-27,2200-01-01
SH600754,锦江酒店,1996-10-11,2200-01-01
SH600755,厦门国贸,1996-10-03,2200-01-01
SH600756,浪潮软件,1996-09-23,2200-01-01
SH600757,长江传媒,1996-10-03,2200-01-01
SH600758,辽宁能源,1996-10-29,2200-01-01
SH600759,ST洲际,1996-10-08,2200-01-01
SH600760,中航沈飞,1996-10-11,2200-01-01
SH600761,安徽合力,1996-10-09,2200-01-01
SH600763,通策医疗,1996-10-30,2200-01-01
SH600764,中国海防,1996-11-04,2200-01-01
SH600765,中航重机,1996-11-06,2200-01-01
SH600766,退市园城,1996-10-28,2024-06-26
SH600767,退市运盛,1996-11-15,2023-06-21
SH600768,富邦新材,1996-11-11,2200-01-01
SH600769,祥龙电业,1996-11-01,2200-01-01
SH600770,综艺股份,1996-11-20,2200-01-01
SH600771,广誉远,1996-11-05,2200-01-01
SH600773,西藏城投,1996-11-08,2200-01-01
SH600774,汉商集团,1996-11-08,2200-01-01
SH600775,南京熊猫,1996-11-18,2200-01-01
SH600776,东方通信,1996-11-26,2200-01-01
SH600777,新潮能源,1996-11-21,2200-01-01
SH600778,友好集团,1996-12-03,2200-01-01
SH600779,水井坊,1996-12-06,2200-01-01
SH600780,通宝能源,1996-12-05,2200-01-01
SH600781,退市辅仁,1996-12-18,2023-06-20
SH600782,新钢股份,1996-12-25,2200-01-01
SH600783,鲁信创投,1996-12-25,2200-01-01
SH600784,鲁银投资,1996-12-25,2200-01-01
SH600785,新华百货,1997-01-08,2200-01-01
SH600787,中储股份,1997-01-21,2200-01-01
SH600789,鲁抗医药,1997-02-26,2200-01-01
SH600790,轻纺城,1997-02-28,2200-01-01
SH600791,京能置业,1997-01-30,2200-01-01
SH600792,云煤能源,1997-01-23,2200-01-01
SH600793,宜宾纸业,1997-02-20,2200-01-01
SH600794,保税科技,1997-03-06,2200-01-01
SH600795,国电电力,1997-03-18,2200-01-01
SH600796,钱江生化,1997-04-08,2200-01-01
SH600797,浙大网新,1997-04-18,2200-01-01
SH600798,宁波海运,1997-04-23,2200-01-01
SH600800,渤海化学,1993-12-06,2200-01-01
SH600801,华新建材,1994-01-03,2200-01-01
SH600802,福建水泥,1994-01-03,2200-01-01
SH600803,新奥股份,1994-01-03,2200-01-01
SH600804,退市鹏博,1994-01-03,2025-07-02
SH600805,悦达投资,1994-01-03,2200-01-01
SH600807,济高发展,1994-01-03,2200-01-01
SH600808,马钢股份,1994-01-06,2200-01-01
SH600809,山西汾酒,1994-01-06,2200-01-01
SH600810,神马股份,1994-01-06,2200-01-01
SH600811,*ST东方,1994-01-06,2025-04-29
SH600812,华北制药,1994-01-14,2200-01-01
SH600814,杭州解百,1994-01-14,2200-01-01
SH600815,厦工股份,1994-01-28,2200-01-01
SH600816,建元信托,1994-01-28,2200-01-01
SH600817,宇通重工,1994-01-28,2200-01-01
SH600818,ST中路,1994-01-28,2200-01-01
SH600819,耀皮玻璃,1994-01-28,2200-01-01
SH600820,隧道股份,1994-01-28,2200-01-01
SH600821,金开新能,1994-01-28,2200-01-01
SH600822,上海物贸,1994-02-04,2200-01-01
SH600823,*ST世茂,1994-02-04,2024-06-07
SH600824,益民集团,1994-02-04,2200-01-01
SH600825,新华传媒,1994-02-04,2200-01-01
SH600826,兰生股份,1994-02-04,2200-01-01
SH600827,百联股份,1994-02-04,2200-01-01
SH600828,茂业商业,1994-02-24,2200-01-01
SH600829,人民同泰,1994-02-24,2200-01-01
SH600830,香溢融通,1994-02-24,2200-01-01
SH600831,广电网络,1994-02-24,2200-01-01
SH600833,第一医药,1994-02-24,2200-01-01
SH600834,申通地铁,1994-02-24,2200-01-01
SH600835,上海机电,1994-02-24,2200-01-01
SH600836,*ST易连,1994-02-24,2024-07-04
SH600837,海通证券,1994-02-24,2025-03-03
SH600838,上海九百,1994-02-24,2200-01-01
SH600839,四川长虹,1994-03-11,2200-01-01
SH600841,动力新科,1994-03-11,2200-01-01
SH600843,上工申贝,1994-03-11,2200-01-01
SH600844,金煤科技,1994-03-11,2200-01-01
SH600845,宝信软件,1994-03-11,2200-01-01
SH600846,同济科技,1994-03-11,2200-01-01
SH600847,万里股份,1994-03-24,2200-01-01
SH600848,上海临港,1994-03-24,2200-01-01
SH600850,电科数字,1994-03-24,2200-01-01
SH600851,海欣股份,1994-04-04,2200-01-01
SH600853,龙建股份,1994-04-04,2200-01-01
SH600854,春兰股份,1994-04-25,2200-01-01
SH600855,航天长峰,1994-04-25,2200-01-01
SH600856,退市中天,1994-04-25,2022-06-22
SH600857,宁波中百,1994-04-25,2200-01-01
SH600858,银座股份,1994-05-06,2200-01-01
SH600859,王府井,1994-05-06,2200-01-01
SH600860,京城股份,1994-05-06,2200-01-01
SH600861,北京人力,1994-05-20,2200-01-01
SH600862,中航高科,1994-05-20,2200-01-01
SH600863,华能蒙电,1994-05-20,2200-01-01
SH600864,哈投股份,1994-08-09,2200-01-01
SH600865,百大集团,1994-08-09,2200-01-01
SH600866,星湖科技,1994-08-18,2200-01-01
SH600867,通化东宝,1994-08-24,2200-01-01
SH600868,梅雁吉祥,1994-09-12,2200-01-01
SH600869,远东股份,1995-02-06,2200-01-01
SH600870,退市厦华,1995-02-28,2022-06-30
SH600871,石化油服,1995-04-11,2200-01-01
SH600872,中炬高新,1995-01-24,2200-01-01
SH600873,梅花生物,1995-02-17,2200-01-01
SH600874,创业环保,1995-06-30,2200-01-01
SH600875,东方电气,1995-10-10,2200-01-01
SH600876,凯盛新能,1995-10-31,2200-01-01
SH600877,电科芯片,1995-10-13,2200-01-01
SH600879,航天电子,1995-11-15,2200-01-01
SH600880,博瑞传播,1995-11-15,2200-01-01
SH600881,亚泰集团,1995-11-15,2200-01-01
SH600882,妙可蓝多,1995-12-06,2200-01-01
SH600883,博闻科技,1995-12-08,2200-01-01
SH600884,杉杉股份,1996-01-30,2200-01-01
SH600885,宏发股份,1996-02-05,2200-01-01
SH600886,国投电力,1996-01-18,2200-01-01
SH600887,伊利股份,1996-03-12,2200-01-01
SH600888,新疆众和,1996-02-15,2200-01-01
SH600889,*ST京化,1996-03-08,2200-01-01
SH600890,退市中房,1996-03-18,2022-06-21
SH600891,退市秋林,1996-03-25,2021-05-12
SH600892,大晟文化,1996-03-15,2200-01-01
SH600893,航发动力,1996-04-08,2200-01-01
SH600894,广日股份,1996-03-28,2200-01-01
SH600895,张江高科,1996-04-22,2200-01-01
SH600896,退市海医,1996-05-03,2022-07-19
SH600897,厦门空港,1996-05-31,2200-01-01
SH600898,*ST美讯,1996-04-18,2025-02-10
SH600900,长江电力,2003-11-18,2200-01-01
SH600901,江苏金租,2018-03-01,2200-01-01
SH600903,贵州燃气,2017-11-07,2200-01-01
SH600905,三峡能源,2021-06-10,2200-01-01
SH600906,财达证券,2021-05-07,2200-01-01
SH600908,无锡银行,2016-09-23,2200-01-01
SH600909,华安证券,2016-12-06,2200-01-01
SH600916,中国黄金,2021-02-05,2200-01-01
SH600917,重庆燃气,2014-09-30,2200-01-01
SH600918,中泰证券,2020-06-03,2200-01-01
SH600919,江苏银行,2016-08-02,2200-01-01
SH600925,苏能股份,2023-03-29,2200-01-01
SH600926,杭州银行,2016-10-27,2200-01-01
SH600927,永安期货,2021-12-23,2200-01-01
SH600928,西安银行,2019-03-01,2200-01-01
SH600929,雪天盐业,2018-03-26,2200-01-01
SH600930,华电新能,2025-07-16,2200-01-01
SH600933,爱柯迪,2017-11-17,2200-01-01
SH600935,华塑股份,2021-11-26,2200-01-01
SH600936,北投科技,2016-08-15,2200-01-01
SH600938,中国海油,2022-04-21,2200-01-01
SH600939,重庆建工,2017-02-21,2200-01-01
SH600941,中国移动,2022-01-05,2200-01-01
SH600955,维远股份,2021-09-15,2200-01-01
SH600956,新天绿能,2020-06-29,2200-01-01
SH600958,东方证券,2015-03-23,2200-01-01
SH600959,江苏有线,2015-04-28,2200-01-01
SH600960,渤海汽车,2004-04-07,2200-01-01
SH600961,株冶集团,2004-08-30,2200-01-01
SH600962,国投中鲁,2004-06-22,2200-01-01
SH600963,岳阳林纸,2004-05-25,2200-01-01
SH600965,*ST福成,2004-07-13,2200-01-01
SH600966,博汇纸业,2004-06-08,2200-01-01
SH600967,内蒙一机,2004-05-18,2200-01-01
SH600968,海油发展,2019-06-26,2200-01-01
SH600969,郴电国际,2004-04-08,2200-01-01
SH600970,中材国际,2005-04-12,2200-01-01
SH600971,恒源煤电,2004-08-17,2200-01-01
SH600973,宝胜股份,2004-08-02,2200-01-01
SH600975,新五丰,2004-06-09,2200-01-01
SH600976,健民集团,2004-04-19,2200-01-01
SH600977,中国电影,2016-08-09,2200-01-01
SH600978,*ST宜生,2004-08-24,2021-03-22
SH600979,广安爱众,2004-09-06,2200-01-01
SH600980,北矿科技,2004-05-12,2200-01-01
SH600981,苏豪汇鸿,2004-06-30,2200-01-01
SH600982,宁波能源,2004-07-06,2200-01-01
SH600983,惠而浦,2004-07-27,2200-01-01
SH600984,建设机械,2004-07-07,2200-01-01
SH600985,淮北矿业,2004-04-28,2200-01-01
SH600986,浙文互联,2004-04-26,2200-01-01
SH600987,航民股份,2004-08-09,2200-01-01
SH600988,赤峰黄金,2004-04-14,2200-01-01
SH600989,宝丰能源,2019-05-16,2200-01-01
SH600990,四创电子,2004-05-10,2200-01-01
SH600992,贵绳股份,2004-05-14,2200-01-01
SH600993,马应龙,2004-05-17,2200-01-01
SH600995,南网储能,2004-06-15,2200-01-01
SH600996,贵广网络,2016-12-26,2200-01-01
SH600997,开滦股份,2004-06-02,2200-01-01
SH600998,九州通,2010-11-02,2200-01-01
SH600999,招商证券,2009-11-17,2200-01-01
SH601000,唐山港,2010-07-05,2200-01-01
SH601001,晋控煤业,2006-06-23,2200-01-01
SH601002,晋亿实业,2007-01-26,2200-01-01
SH601003,柳钢股份,2007-02-27,2200-01-01
SH601005,重庆钢铁,2007-02-28,2200-01-01
SH601006,大秦铁路,2006-08-01,2200-01-01
SH601007,金陵饭店,2007-04-06,2200-01-01
SH601008,连云港,2007-04-26,2200-01-01
SH601009,南京银行,2007-07-19,2200-01-01
SH601010,ST文峰,2011-06-03,2200-01-01
SH601011,宝泰隆,2011-03-09,2200-01-01
SH601012,隆基绿能,2012-04-11,2200-01-01
SH601015,陕西黑猫,2014-11-05,2200-01-01
SH601016,节能风电,2014-09-29,2200-01-01
SH601018,宁波港,2010-09-28,2200-01-01
SH601019,山东出版,2017-11-22,2200-01-01
SH601020,华钰矿业,2016-03-16,2200-01-01
SH601021,春秋航空,2015-01-21,2200-01-01
SH601022,宁波远洋,2022-12-08,2200-01-01
SH601026,道生天合,2025-10-17,2200-01-01
SH601028,玉龙股份,2011-11-07,2025-05-26
SH601033,永兴股份,2024-01-18,2200-01-01
SH601038,一拖股份,2012-08-08,2200-01-01
SH601058,赛轮轮胎,2011-06-30,2200-01-01
SH601059,信达证券,2023-02-01,2200-01-01
SH601061,中信金属,2023-04-10,2200-01-01
SH601065,江盐集团,2023-04-10,2200-01-01
SH601066,中信建投,2018-06-20,2200-01-01
SH601068,中铝国际,2018-08-31,2200-01-01
SH601069,西部黄金,2015-01-22,2200-01-01
SH601077,渝农商行,2019-10-29,2200-01-01
SH601083,锦江航运,2023-12-05,2200-01-01
SH601086,国芳集团,2017-09-29,2200-01-01
SH601088,中国神华,2007-10-09,2200-01-01
SH601089,福元医药,2022-06-30,2200-01-01
SH601091,沈鼓集团,2026-09-17,2200-01-01
SH601096,宏盛华源,2023-12-22,2200-01-01
SH601098,中南传媒,2010-10-28,2200-01-01
SH601099,太平洋,2007-12-28,2200-01-01
SH601100,恒立液压,2011-10-28,2200-01-01
SH601101,昊华能源,2010-03-31,2200-01-01
SH601106,中国一重,2010-02-09,2200-01-01
SH601107,四川成渝,2009-07-27,2200-01-01
SH601108,财通证券,2017-10-24,2200-01-01
SH601111,中国国航,2006-08-18,2200-01-01
SH601112,振石股份,2026-01-29,2200-01-01
SH601113,华鼎股份,2011-05-09,2200-01-01
SH601116,三江购物,2011-03-02,2200-01-01
SH601117,中国化学,2010-01-07,2200-01-01
SH601118,海南橡胶,2011-01-07,2200-01-01
SH601121,宝地矿业,2023-03-10,2200-01-01
SH601123,马矿股份,2026-09-01,2200-01-01
SH601126,四方股份,2010-12-31,2200-01-01
SH601127,赛力斯,2016-06-15,2200-01-01
SH601128,常熟银行,2016-09-30,2200-01-01
SH601133,柏诚股份,2023-04-10,2200-01-01
SH601136,首创证券,2022-12-22,2200-01-01
SH601137,博威合金,2011-01-27,2200-01-01
SH601138,工业富联,2018-06-08,2200-01-01
SH601139,深圳燃气,2009-12-25,2200-01-01
SH601155,新城控股,2015-12-04,2200-01-01
SH601156,东航物流,2021-06-09,2200-01-01
SH601158,重庆水务,2010-03-29,2200-01-01
SH601162,天风证券,2018-10-19,2200-01-01
SH601163,三角轮胎,2016-09-09,2200-01-01
SH601166,兴业银行,2007-02-05,2200-01-01
SH601168,西部矿业,2007-07-12,2200-01-01
SH601169,北京银行,2007-09-19,2200-01-01
SH601177,杭齿前进,2010-10-11,2200-01-01
SH601179,中国西电,2010-01-28,2200-01-01
SH601186,中国铁建,2008-03-10,2200-01-01
SH601187,厦门银行,2020-10-27,2200-01-01
SH601188,龙江交通,2010-03-19,2200-01-01
SH601198,东兴证券,2015-02-26,2200-01-01
SH601199,江南水务,2011-03-17,2200-01-01
SH601200,上海环境,2017-03-31,2200-01-01
SH601208,东材科技,2011-05-20,2200-01-01
SH601211,国泰海通,2015-06-26,2200-01-01
SH601212,白银有色,2017-02-15,2200-01-01
SH601216,君正集团,2011-02-22,2200-01-01
SH601218,吉鑫科技,2011-05-06,2200-01-01
SH601222,林洋能源,2011-08-08,2200-01-01
SH601225,陕西煤业,2014-01-28,2200-01-01
SH601226,华电科工,2014-12-11,2200-01-01
SH601228,广州港,2017-03-29,2200-01-01
SH601229,上海银行,2016-11-16,2200-01-01
SH601231,环旭电子,2012-02-20,2200-01-01
SH601233,桐昆股份,2011-05-18,2200-01-01
SH601236,红塔证券,2019-07-05,2200-01-01
SH601238,广汽集团,2012-03-29,2200-01-01
SH601258,*ST庞大,2011-04-28,2023-06-21
SH601279,英利汽车,2021-04-15,2200-01-01
SH601288,农业银行,2010-07-15,2200-01-01
SH601298,青岛港,2019-01-21,2200-01-01
SH601311,骆驼股份,2011-06-02,2200-01-01
SH601318,中国平安,2007-03-01,2200-01-01
SH601319,中国人保,2018-11-16,2200-01-01
SH601326,秦港股份,2017-08-16,2200-01-01
SH601328,交通银行,2007-05-15,2200-01-01
SH601330,绿色动力,2018-06-11,2200-01-01
SH601333,广深铁路,2006-12-22,2200-01-01
SH601336,新华保险,2011-12-16,2200-01-01
SH601339,百隆东方,2012-06-12,2200-01-01
SH601360,三六零,2012-01-16,2200-01-01
SH601366,利群股份,2017-04-12,2200-01-01
SH601368,绿城水务,2015-06-12,2200-01-01
SH601369,陕鼓动力,2010-04-28,2200-01-01
SH601375,中原证券,2017-01-03,2200-01-01
SH601377,兴业证券,2010-10-13,2200-01-01
SH601388,怡球资源,2012-04-23,2200-01-01
SH601390,中国中铁,2007-12-03,2200-01-01
SH601398,工商银行,2006-10-27,2200-01-01
SH601399,国机重装,2020-06-08,2200-01-01
SH601456,国联民生,2020-07-31,2200-01-01
SH601500,通用股份,2016-09-19,2200-01-01
SH601512,中新集团,2019-12-20,2200-01-01
SH601515,衢州东峰,2012-02-16,2200-01-01
SH601518,吉林高速,2010-03-19,2200-01-01
SH601519,大智慧,2011-01-28,2200-01-01
SH601528,瑞丰银行,2021-06-25,2200-01-01
SH601555,东吴证券,2011-12-12,2200-01-01
SH601566,九牧王,2011-05-30,2200-01-01
SH601567,三星电气,2011-06-15,2200-01-01
SH601568,北元化工,2020-10-20,2200-01-01
SH601577,长沙银行,2018-09-26,2200-01-01
SH601579,会稽山,2014-08-25,2200-01-01
SH601588,北辰实业,2006-10-16,2200-01-01
SH601595,上海电影,2016-08-17,2200-01-01
SH601598,中国外运,2019-01-18,2200-01-01
SH601599,浙文影业,2011-05-27,2200-01-01
SH601600,中国铝业,2007-04-30,2200-01-01
SH601601,中国太保,2007-12-25,2200-01-01
SH601606,长城军工,2018-08-06,2200-01-01
SH601607,上海医药,1994-03-24,2200-01-01
SH601608,中信重工,2012-07-06,2200-01-01
SH601609,金田股份,2020-04-22,2200-01-01
SH601611,中国核建,2016-06-06,2200-01-01
SH601615,明阳智能,2019-01-23,2200-01-01
SH601616,广电电气,2011-02-01,2200-01-01
SH601618,中国中冶,2009-09-21,2200-01-01
SH601619,嘉泽新能,2017-07-20,2200-01-01
SH601628,中国人寿,2007-01-09,2200-01-01
SH601633,长城汽车,2011-09-28,2200-01-01
SH601636,旗滨集团,2011-08-12,2200-01-01
SH601658,邮储银行,2019-12-10,2200-01-01
SH601665,齐鲁银行,2021-06-18,2200-01-01
SH601666,平煤股份,2006-11-23,2200-01-01
SH601668,中国建筑,2009-07-29,2200-01-01
SH601669,中国电建,2011-10-18,2200-01-01
SH601677,明泰铝业,2011-09-19,2200-01-01
SH601678,滨化股份,2010-02-23,2200-01-01
SH601686,友发集团,2020-12-04,2200-01-01
SH601688,华泰证券,2010-02-26,2200-01-01
SH601689,拓普集团,2015-03-19,2200-01-01
SH601696,中银证券,2020-02-26,2200-01-01
SH601698,中国卫通,2019-06-28,2200-01-01
SH601699,潞安环能,2006-09-22,2200-01-01
SH601700,风范股份,2011-01-18,2200-01-01
SH601702,华峰铝业,2020-09-07,2200-01-01
SH601717,中创智领,2010-08-03,2200-01-01
SH601718,ST际华,2010-08-16,2200-01-01
SH601727,上海电气,2008-12-05,2200-01-01
SH601728,中国电信,2021-08-20,2200-01-01
SH601766,中国中车,2008-08-18,2200-01-01
SH601777,千里科技,2010-11-25,2200-01-01
SH601778,晶科科技,2020-05-19,2200-01-01
SH601788,光大证券,2009-08-18,2200-01-01
SH601789,宁波建工,2011-08-16,2200-01-01
SH601798,蓝科高新,2011-06-22,2200-01-01
SH601799,星宇股份,2011-02-01,2200-01-01
SH601800,中国交建,2012-03-09,2200-01-01
SH601801,皖新传媒,2010-01-18,2200-01-01
SH601808,中海油服,2007-09-28,2200-01-01
SH601811,新华文轩,2016-08-08,2200-01-01
SH601816,京沪高铁,2020-01-16,2200-01-01
SH601818,光大银行,2010-08-18,2200-01-01
SH601825,沪农商行,2021-08-19,2200-01-01
SH601827,三峰环境,2020-06-05,2200-01-01
SH601828,美凯龙,2018-01-17,2200-01-01
SH601838,成都银行,2018-01-31,2200-01-01
SH601857,中国石油,2007-11-05,2200-01-01
SH601858,中国科传,2017-01-18,2200-01-01
SH601860,紫金银行,2019-01-03,2200-01-01
SH601865,福莱特,2019-02-15,2200-01-01
SH601866,中远海发,2007-12-12,2200-01-01
SH601868,中国能建,2021-09-28,2200-01-01
SH601869,长飞光纤,2018-07-20,2200-01-01
SH601872,招商轮船,2006-12-01,2200-01-01
SH601877,正泰电器,2010-01-21,2200-01-01
SH601878,浙商证券,2017-06-26,2200-01-01
SH601880,辽港股份,2010-12-06,2200-01-01
SH601881,中国银河,2017-01-23,2200-01-01
SH601882,海天精工,2016-11-07,2200-01-01
SH601886,江河集团,2011-08-18,2200-01-01
SH601888,中国中免,2009-10-15,2200-01-01
SH601890,亚星锚链,2010-12-28,2200-01-01
SH601898,中煤能源,2008-02-01,2200-01-01
SH601899,紫金矿业,2008-04-25,2200-01-01
SH601900,南方传媒,2016-02-15,2200-01-01
SH601901,方正证券,2011-08-10,2200-01-01
SH601908,京运通,2011-09-08,2200-01-01
SH601916,浙商银行,2019-11-26,2200-01-01
SH601918,新集能源,2007-12-19,2200-01-01
SH601919,中远海控,2007-06-26,2200-01-01
SH601921,浙版传媒,2021-07-23,2200-01-01
SH601928,凤凰传媒,2011-11-30,2200-01-01
SH601929,吉视传媒,2012-02-23,2200-01-01
SH601933,永辉超市,2010-12-15,2200-01-01
SH601939,建设银行,2007-09-25,2200-01-01
SH601949,中国出版,2017-08-21,2200-01-01
SH601952,苏垦农发,2017-05-15,2200-01-01
SH601956,东贝集团,2020-12-25,2200-01-01
SH601958,金钼股份,2008-04-17,2200-01-01
SH601963,重庆银行,2021-02-05,2200-01-01
SH601965,中国汽研,2012-06-11,2200-01-01
SH601966,玲珑轮胎,2016-07-06,2200-01-01
SH601968,宝钢包装,2015-06-11,2200-01-01
SH601969,海南矿业,2014-12-09,2200-01-01
SH601975,招商南油,2019-01-08,2200-01-01
SH601985,中国核电,2015-06-10,2200-01-01
SH601988,中国银行,2006-07-05,2200-01-01
SH601989,中国重工,2009-12-16,2025-09-04
SH601990,南京证券,2018-06-13,2200-01-01
SH601991,大唐发电,2006-12-20,2200-01-01
SH601992,金隅集团,2011-03-01,2200-01-01
SH601995,中金公司,2020-11-02,2200-01-01
SH601996,丰林集团,2011-09-29,2200-01-01
SH601997,贵阳银行,2016-08-16,2200-01-01
SH601998,中信银行,2007-04-27,2200-01-01
SH601999,出版传媒,2007-12-21,2200-01-01
SH603000,人民网,2012-04-27,2200-01-01
SH603001,奥康国际,2012-04-26,2200-01-01
SH603002,宏昌电子,2012-05-18,2200-01-01
SH603003,退市龙宇,2012-08-17,2025-07-02
SH603004,鼎龙科技,2023-12-27,2200-01-01
SH603005,晶方科技,2014-02-10,2200-01-01
SH603006,联明股份,2014-06-30,2200-01-01
SH603007,顺景科技,2016-08-26,2200-01-01
SH603008,ST喜临门,2012-07-17,2200-01-01
SH603009,北特科技,2014-07-18,2200-01-01
SH603010,万盛股份,2014-10-10,2200-01-01
SH603011,合锻智能,2014-11-07,2200-01-01
SH603012,创力集团,2015-03-20,2200-01-01
SH603013,亚普股份,2018-05-09,2200-01-01
SH603014,威高血净,2025-05-19,2200-01-01
SH603015,弘讯科技,2015-03-03,2200-01-01
SH603016,新宏泰,2016-07-01,2200-01-01
SH603017,中衡设计,2014-12-31,2200-01-01
SH603018,华设集团,2014-10-13,2200-01-01
SH603019,中科曙光,2014-11-06,2200-01-01
SH603020,爱普股份,2015-03-25,2200-01-01
SH603021,*ST华鹏,2015-04-23,2200-01-01
SH603022,新通联,2015-05-18,2200-01-01
SH603023,威帝股份,2015-05-27,2200-01-01
SH603025,大豪科技,2015-04-22,2200-01-01
SH603026,石大胜华,2015-05-29,2200-01-01
SH603027,千禾味业,2016-03-07,2200-01-01
SH603028,赛福天,2016-03-31,2200-01-01
SH603029,天鹅股份,2016-04-27,2200-01-01
SH603030,全筑股份,2015-03-20,2200-01-01
SH603031,安孚科技,2016-08-22,2200-01-01
SH603032,德新科技,2017-01-05,2200-01-01
SH603033,三维股份,2016-12-07,2200-01-01
SH603035,常熟汽饰,2017-01-05,2200-01-01
SH603036,如通股份,2016-12-09,2200-01-01
SH603037,凯众股份,2017-01-20,2200-01-01
SH603038,华立股份,2017-01-16,2200-01-01
SH603039,泛微网络,2017-01-13,2200-01-01
SH603040,新坐标,2017-02-09,2200-01-01
SH603041,美思德,2017-03-30,2200-01-01
SH603042,华脉科技,2017-06-02,2200-01-01
SH603043,广州酒家,2017-06-27,2200-01-01
SH603045,福达合金,2018-05-17,2200-01-01
SH603048,浙江黎明,2021-11-16,2200-01-01
SH603049,中策橡胶,2025-06-05,2200-01-01
SH603050,科林电气,2017-04-14,2200-01-01
SH603051,鹿山新材,2022-03-25,2200-01-01
SH603052,可川科技,2022-10-11,2200-01-01
SH603053,成都燃气,2019-12-17,2200-01-01
SH603055,台华新材,2017-09-21,2200-01-01
SH603056,德邦股份,2018-01-16,2026-03-30
SH603057,紫燕食品,2022-09-26,2200-01-01
SH603058,永吉股份,2016-12-23,2200-01-01
SH603059,倍加洁,2018-03-02,2200-01-01
SH603060,国检集团,2016-11-09,2200-01-01
SH603061,金海通,2023-03-03,2200-01-01
SH603062,麦加芯彩,2023-11-07,2200-01-01
SH603063,禾望电气,2017-07-28,2200-01-01
SH603065,宿迁联盛,2023-03-21,2200-01-01
SH603066,音飞储存,2015-06-11,2200-01-01
SH603067,振华股份,2016-09-13,2200-01-01
SH603068,博通集成,2019-04-15,2200-01-01
SH603069,海汽集团,2016-07-12,2200-01-01
SH603070,万控智造,2022-03-10,2200-01-01
SH603071,物产环能,2021-12-16,2200-01-01
SH603072,天和磁材,2025-01-03,2200-01-01
SH603073,彩蝶实业,2023-03-16,2200-01-01
SH603075,热威股份,2023-09-11,2200-01-01
SH603076,乐惠国际,2017-11-13,2200-01-01
SH603077,和邦生物,2012-07-31,2200-01-01
SH603078,江化微,2017-04-10,2200-01-01
SH603079,圣达生物,2017-08-23,2200-01-01
SH603080,新疆火炬,2018-01-03,2200-01-01
SH603081,大丰实业,2017-04-20,2200-01-01
SH603082,北自科技,2024-01-30,2200-01-01
SH603083,剑桥科技,2017-11-10,2200-01-01
SH603085,天成自控,2015-06-30,2200-01-01
SH603086,先达股份,2017-05-11,2200-01-01
SH603087,甘李药业,2020-06-29,2200-01-01
SH603088,宁波精达,2014-11-11,2200-01-01
SH603089,正裕工业,2017-01-26,2200-01-01
SH603090,宏盛股份,2016-08-31,2200-01-01
SH603091,众鑫股份,2024-09-20,2200-01-01
SH603092,德力佳,2025-11-07,2200-01-01
SH603093,南华期货,2019-08-30,2200-01-01
SH603095,越剑智能,2020-04-15,2200-01-01
SH603096,新经典,2017-04-25,2200-01-01
SH603097,江苏华辰,2022-05-12,2200-01-01
SH603098,森特股份,2016-12-16,2200-01-01
SH603099,长白山,2014-08-22,2200-01-01
SH603100,川仪股份,2014-08-05,2200-01-01
SH603101,汇嘉时代,2016-05-06,2200-01-01
SH603102,百合股份,2022-01-25,2200-01-01
SH603103,横店影视,2017-10-12,2200-01-01
SH603105,芯能科技,2018-07-09,2200-01-01
SH603106,恒银科技,2017-09-20,2200-01-01
SH603107,上海汽配,2023-11-01,2200-01-01
SH603108,润达医疗,2015-05-27,2200-01-01
SH603109,神驰机电,2019-12-31,2200-01-01
SH603110,东方材料,2017-10-13,2200-01-01
SH603111,康尼机电,2014-08-01,2200-01-01
SH603112,华翔股份,2020-09-17,2200-01-01
SH603113,金能科技,2017-05-11,2200-01-01
SH603115,海星股份,2019-08-09,2200-01-01
SH603116,红蜻蜓,2015-06-29,2200-01-01
SH603117,万林物流,2015-06-29,2200-01-01
SH603118,共进股份,2015-02-25,2200-01-01
SH603119,浙江荣泰,2023-08-01,2200-01-01
SH603120,肯特催化,2025-04-16,2200-01-01
SH603121,华培动力,2019-01-11,2200-01-01
SH603122,合富中国,2022-02-16,2200-01-01
SH603123,翠微股份,2012-05-03,2200-01-01
SH603124,江南新材,2025-03-20,2200-01-01
SH603125,常青科技,2023-04-10,2200-01-01
SH603126,中材节能,2014-07-31,2200-01-01
SH603127,昭衍新药,2017-08-25,2200-01-01
SH603128,华贸物流,2012-05-29,2200-01-01
SH603129,春风动力,2017-08-18,2200-01-01
SH603130,云中马,2022-11-18,2200-01-01
SH603131,上海沪工,2016-06-07,2200-01-01
SH603132,金徽股份,2022-02-22,2200-01-01
SH603133,退市碳元,2017-03-20,2024-06-26
SH603135,中重科技,2023-04-10,2200-01-01
SH603136,天目湖,2017-09-27,2200-01-01
SH603137,恒尚节能,2023-04-19,2200-01-01
SH603138,海量数据,2017-03-06,2200-01-01
SH603139,康惠股份,2017-04-21,2200-01-01
SH603150,万朗磁塑,2022-01-24,2200-01-01
SH603151,邦基科技,2022-10-19,2200-01-01
SH603153,上海建科,2023-03-13,2200-01-01
SH603155,新亚强,2020-09-01,2200-01-01
SH603156,养元饮品,2018-02-12,2200-01-01
SH603157,退市拉夏,2017-09-25,2022-05-24
SH603158,腾龙股份,2015-03-20,2200-01-01
SH603159,上海亚虹,2016-08-12,2200-01-01
SH603160,汇顶科技,2016-10-17,2200-01-01
SH603161,科华控股,2018-01-05,2200-01-01
SH603162,海通发展,2023-03-29,2200-01-01
SH603163,圣晖集成,2022-10-13,2200-01-01
SH603165,荣晟环保,2017-01-17,2200-01-01
SH603166,福达股份,2014-11-27,2200-01-01
SH603167,渤海轮渡,2012-09-06,2200-01-01
SH603168,莎普爱思,2014-07-02,2200-01-01
SH603169,兰石重装,2014-10-09,2200-01-01
SH603170,宝立食品,2022-07-15,2200-01-01
SH603171,税友股份,2021-06-30,2200-01-01
SH603172,万丰股份,2023-05-10,2200-01-01
SH603173,福斯达,2023-01-30,2200-01-01
SH603175,超颖电子,2025-10-24,2200-01-01
SH603176,汇通集团,2021-12-31,2200-01-01
SH603177,德创环保,2017-02-07,2200-01-01
SH603178,圣龙股份,2017-03-28,2200-01-01
SH603179,新泉股份,2017-03-17,2200-01-01
SH603180,金牌家居,2017-05-12,2200-01-01
SH603181,皇马科技,2017-08-24,2200-01-01
SH603182,嘉华股份,2022-09-09,2200-01-01
SH603183,建研院,2017-09-05,2200-01-01
SH603185,弘元绿能,2018-12-28,2200-01-01
SH603186,华正新材,2017-01-03,2200-01-01
SH603187,海容冷链,2018-11-29,2200-01-01
SH603188,亚邦股份,2014-09-09,2200-01-01
SH603189,*ST网达,2016-09-14,2200-01-01
SH603190,亚通精工,2023-02-17,2200-01-01
SH603191,望变电气,2022-04-28,2200-01-01
SH603192,汇得科技,2018-08-28,2200-01-01
SH603193,润本股份,2023-10-17,2200-01-01
SH603194,中力股份,2024-12-24,2200-01-01
SH603195,公牛集团,2020-02-06,2200-01-01
SH603196,璞源材料,2017-05-31,2200-01-01
SH603197,保隆科技,2017-05-19,2200-01-01
SH603198,迎驾贡酒,2015-05-28,2200-01-01
SH603199,九华旅游,2015-03-26,2200-01-01
SH603200,上海洗霸,2017-06-01,2200-01-01
SH603201,常润股份,2022-07-29,2200-01-01
SH603202,天有为,2025-04-24,2200-01-01
SH603203,快克智能,2016-11-08,2200-01-01
SH603205,健尔康,2024-11-07,2200-01-01
SH603206,嘉环科技,2022-05-06,2200-01-01
SH603207,小方制药,2024-08-26,2200-01-01
SH603208,江山欧派,2017-02-10,2200-01-01
SH603209,兴通股份,2022-03-24,2200-01-01
SH603210,泰鸿万立,2025-04-09,2200-01-01
SH603211,晋拓股份,2022-07-25,2200-01-01
SH603212,赛伍技术,2020-04-30,2200-01-01
SH603213,镇洋发展,2021-11-11,2200-01-01
SH603214,爱婴室,2018-03-30,2200-01-01
SH603215,比依股份,2022-02-18,2200-01-01
SH603216,梦天家居,2021-12-15,2200-01-01
SH603217,元利科技,2019-06-20,2200-01-01
SH603218,日月股份,2016-12-28,2200-01-01
SH603219,富佳股份,2021-11-22,2200-01-01
SH603220,中贝通信,2018-11-15,2200-01-01
SH603221,爱丽家居,2020-03-23,2200-01-01
SH603222,济民健康,2015-02-17,2200-01-01
SH603223,恒通股份,2015-06-30,2200-01-01
SH603225,新凤鸣,2017-04-18,2200-01-01
SH603226,菲林格尔,2017-06-15,2200-01-01
SH603227,雪峰科技,2015-05-15,2200-01-01
SH603228,景旺电子,2017-01-06,2200-01-01
SH603229,奥翔药业,2017-05-09,2200-01-01
SH603230,内蒙新华,2021-12-24,2200-01-01
SH603231,索宝蛋白,2023-12-15,2200-01-01
SH603232,格尔软件,2017-04-21,2200-01-01
SH603233,大参林,2017-07-31,2200-01-01
SH603235,天新药业,2022-07-12,2200-01-01
SH603236,移远通信,2019-07-16,2200-01-01
SH603237,五芳斋,2022-08-31,2200-01-01
SH603238,诺邦股份,2017-02-22,2200-01-01
SH603239,浙江仙通,2016-12-30,2200-01-01
SH603248,锡华科技,2025-12-23,2200-01-01
SH603255,鼎际得,2022-08-18,2200-01-01
SH603256,宏和科技,2019-07-19,2200-01-01
SH603257,中国瑞林,2025-04-08,2200-01-01
SH603258,电魂网络,2016-10-26,2200-01-01
SH603259,药明康德,2018-05-08,2200-01-01
SH603260,合盛硅业,2017-10-30,2200-01-01
SH603261,立航科技,2022-03-15,2200-01-01
SH603262,技源集团,2025-07-23,2200-01-01
SH603266,天龙股份,2017-01-10,2200-01-01
SH603267,鸿远电子,2019-05-15,2200-01-01
SH603268,松发股份,2015-03-19,2200-01-01
SH603269,海鸥股份,2017-05-17,2200-01-01
SH603270,金帝股份,2023-09-01,2200-01-01
SH603271,永杰新材,2025-03-11,2200-01-01
SH603272,*ST联翔,2022-05-20,2200-01-01
SH603273,天元智能,2023-10-23,2200-01-01
SH603275,众辰科技,2023-08-23,2200-01-01
SH603276,恒兴新材,2023-09-25,2200-01-01
SH603277,银都股份,2017-09-11,2200-01-01
SH603278,大业股份,2017-11-13,2200-01-01
SH603279,景津装备,2019-07-29,2200-01-01
SH603280,南方路机,2022-11-08,2200-01-01
SH603281,江瀚新材,2023-01-31,2200-01-01
SH603282,亚光股份,2023-03-15,2200-01-01
SH603283,赛腾股份,2017-12-25,2200-01-01
SH603284,林平发展,2026-02-10,2200-01-01
SH603285,键邦股份,2024-07-05,2200-01-01
SH603286,日盈电子,2017-06-27,2200-01-01
SH603288,海天味业,2014-02-11,2200-01-01
SH603289,泰瑞机器,2017-10-31,2200-01-01
SH603290,斯达半导,2020-02-04,2200-01-01
SH603291,联合水务,2023-03-27,2200-01-01
SH603293,埃泰克,2026-04-16,2200-01-01
SH603296,华勤技术,2023-08-08,2200-01-01
SH603297,永新光学,2018-09-10,2200-01-01
SH603298,杭叉集团,2016-12-27,2200-01-01
SH603299,苏盐井神,2015-12-31,2200-01-01
SH603300,海南华铁,2015-05-29,2200-01-01
SH603301,振德医疗,2018-04-12,2200-01-01
SH603303,得邦照明,2017-03-30,2200-01-01
SH603305,旭升集团,2017-07-10,2200-01-01
SH603306,华懋科技,2014-09-26,2200-01-01
SH603307,扬州金泉,2023-02-16,2200-01-01
SH603308,应流股份,2014-01-22,2200-01-01
SH603309,维力医疗,2015-03-02,2200-01-01
SH603310,巍华新材,2024-08-14,2200-01-01
SH603311,金海高科,2015-05-18,2200-01-01
SH603312,西典新能,2024-01-11,2200-01-01
SH603313,梦百合,2016-10-13,2200-01-01
SH603315,福鞍股份,2015-04-24,2200-01-01
SH603316,诚邦股份,2017-06-19,2200-01-01
SH603317,天味食品,2019-04-16,2200-01-01
SH603318,水发燃气,2015-04-24,2200-01-01
SH603319,美湖股份,2016-11-30,2200-01-01
SH603320,迪贝电气,2017-05-02,2200-01-01
SH603321,梅轮电梯,2017-09-15,2200-01-01
SH603322,超讯科技,2016-07-28,2200-01-01
SH603323,苏农银行,2016-11-29,2200-01-01
SH603324,盛剑科技,2021-04-07,2200-01-01
SH603325,博隆技术,2024-01-10,2200-01-01
SH603326,我乐家居,2017-06-16,2200-01-01
SH603327,福蓉科技,2019-05-23,2200-01-01
SH603328,依顿电子,2014-07-01,2200-01-01
SH603329,上海雅仕,2017-12-29,2200-01-01
SH603330,天洋新材,2017-02-13,2200-01-01
SH603331,百达精工,2017-07-05,2200-01-01
SH603332,苏州龙杰,2019-01-17,2200-01-01
SH603333,福华尚纬,2012-05-07,2200-01-01
SH603334,丰倍生物,2025-11-05,2200-01-01
SH603335,迪生力,2017-06-20,2200-01-01
SH603336,宏辉果蔬,2016-11-24,2200-01-01
SH603337,杰克科技,2017-01-19,2200-01-01
SH603338,浙江鼎力,2015-03-25,2200-01-01
SH603339,四方科技,2016-05-19,2200-01-01
SH603341,龙旗科技,2024-03-01,2200-01-01
SH603344,星德胜,2024-03-20,2200-01-01
SH603345,安井食品,2017-02-22,2200-01-01
SH603348,文灿股份,2018-04-26,2200-01-01
SH603350,安乃达,2024-07-03,2200-01-01
SH603351,威尔药业,2019-01-30,2200-01-01
SH603352,至信股份,2026-01-15,2200-01-01
SH603353,和顺石油,2020-04-07,2200-01-01
SH603355,莱克电气,2015-05-13,2200-01-01
SH603356,华菱精工,2018-01-24,2200-01-01
SH603357,设计总院,2017-08-01,2200-01-01
SH603358,华达科技,2017-01-25,2200-01-01
SH603359,*ST东珠,2017-09-01,2200-01-01
SH603360,百傲化学,2017-02-06,2200-01-01
SH603363,傲农生物,2017-09-26,2200-01-01
SH603365,水星家纺,2017-11-20,2200-01-01
SH603366,日出东方,2012-05-21,2200-01-01
SH603367,辰欣药业,2017-09-29,2200-01-01
SH603368,柳药集团,2014-12-04,2200-01-01
SH603369,今世缘,2014-07-03,2200-01-01
SH603370,华新精科,2025-09-05,2200-01-01
SH603373,安邦护卫,2023-12-20,2200-01-01
SH603375,盛景微,2024-01-24,2200-01-01
SH603376,大明电子,2025-11-06,2200-01-01
SH603377,ST东时,2016-02-05,2200-01-01
SH603378,*ST亚士,2017-09-28,2200-01-01
SH603379,三美股份,2019-04-02,2200-01-01
SH603380,易德龙,2017-06-22,2200-01-01
SH603381,永臻股份,2024-06-26,2200-01-01
SH603382,海阳科技,2025-06-12,2200-01-01
SH603383,顶点软件,2017-05-22,2200-01-01
SH603385,惠达卫浴,2017-04-05,2200-01-01
SH603386,骏亚科技,2017-09-12,2200-01-01
SH603387,基蛋生物,2017-07-17,2200-01-01
SH603388,*ST元成,2017-03-24,2025-12-04
SH603389,亚振家居,2016-12-15,2200-01-01
SH603390,通达电气,2019-11-25,2200-01-01
SH603391,力聚热能,2024-07-31,2200-01-01
SH603392,万泰生物,2020-04-29,2200-01-01
SH603393,新天然气,2016-09-12,2200-01-01
SH603395,红四方,2024-11-26,2200-01-01
SH603396,金辰股份,2017-10-18,2200-01-01
SH603398,*ST沐邦,2015-12-09,2200-01-01
SH603399,永杉锂业,2012-08-24,2200-01-01
SH603400,华之杰,2025-06-20,2200-01-01
SH603402,陕西旅游,2026-01-06,2200-01-01
SH603406,天富龙,2025-08-08,2200-01-01
SH603407,长裕集团,2026-05-11,2200-01-01
SH603408,建霖家居,2020-07-30,2200-01-01
SH603409,汇通控股,2025-03-04,2200-01-01
SH603416,信捷电气,2016-12-21,2200-01-01
SH603418,友升股份,2025-09-23,2200-01-01
SH603421,鼎信通讯,2016-10-11,2200-01-01
SH603429,*ST集友,2017-01-24,2200-01-01
SH603435,嘉德利,2026-05-22,2200-01-01
SH603439,三力制药,2020-04-28,2200-01-01
SH603444,吉比特,2017-01-04,2200-01-01
SH603448,天博智能,2026-09-07,2200-01-01
SH603456,九洲药业,2014-10-10,2200-01-01
SH603458,勘设股份,2017-08-09,2200-01-01
SH603459,红板科技,2026-04-08,2200-01-01
SH603466,风语筑,2017-10-20,2200-01-01
SH603468,富士达工业,2026-08-06,2200-01-01
SH603477,巨星农牧,2017-12-18,2200-01-01
SH603486,科沃斯,2018-05-28,2200-01-01
SH603488,展鹏科技,2017-05-16,2200-01-01
SH603489,八方股份,2019-11-11,2200-01-01
SH603496,恒为科技,2017-06-07,2200-01-01
SH603499,翔港科技,2017-10-16,2200-01-01
SH603500,祥和实业,2017-09-04,2200-01-01
SH603501,豪威集团,2017-05-04,2200-01-01
SH603505,金石资源,2017-05-03,2200-01-01
SH603506,南都物业,2018-02-01,2200-01-01
SH603507,振江股份,2017-11-06,2200-01-01
SH603508,思维列控,2015-12-24,2200-01-01
SH603511,爱慕股份,2021-05-31,2200-01-01
SH603515,欧普照明,2016-08-19,2200-01-01
SH603516,淳中科技,2018-02-02,2200-01-01
SH603517,ST绝味,2017-03-17,2200-01-01
SH603518,锦泓集团,2014-12-03,2200-01-01
SH603519,立霸股份,2015-03-19,2200-01-01
SH603520,司太立,2016-03-09,2200-01-01
SH603527,众源新材,2017-09-07,2200-01-01
SH603528,多伦科技,2016-05-03,2200-01-01
SH603529,爱玛科技,2021-06-15,2200-01-01
SH603530,神马电力,2019-08-05,2200-01-01
SH603533,掌阅科技,2017-09-21,2200-01-01
SH603535,嘉诚国际,2017-08-08,2200-01-01
SH603536,惠发食品,2017-06-13,2200-01-01
SH603538,美诺华,2017-04-07,2200-01-01
SH603551,奥普科技,2020-01-15,2200-01-01
SH603555,ST贵人,2014-01-24,2024-03-22
SH603556,海兴电力,2016-11-10,2200-01-01
SH603557,*ST起步,2017-08-18,2200-01-01
SH603558,健盛集团,2015-01-27,2200-01-01
SH603559,中通国脉,2016-12-02,2200-01-01
SH603565,中谷物流,2020-09-25,2200-01-01
SH603566,普莱柯,2015-05-18,2200-01-01
SH603567,珍宝岛,2015-04-24,2200-01-01
SH603568,伟明环保,2015-05-28,2200-01-01
SH603569,长久物流,2016-08-10,2200-01-01
SH603577,汇金通,2016-12-22,2200-01-01
SH603578,三星新材,2017-03-06,2200-01-01
SH603579,荣泰健康,2017-01-11,2200-01-01
SH603580,艾艾精工,2017-05-25,2200-01-01
SH603583,捷昌驱动,2018-09-21,2200-01-01
SH603585,苏利股份,2016-12-14,2200-01-01
SH603586,金麒麟,2017-04-06,2200-01-01
SH603587,地素时尚,2018-06-22,2200-01-01
SH603588,高能环境,2014-12-29,2200-01-01
SH603589,口子窖,2015-06-29,2200-01-01
SH603590,康辰药业,2018-08-27,2200-01-01
SH603595,ST东尼,2017-07-12,2200-01-01
SH603596,伯特利,2018-04-27,2200-01-01
SH603598,引力传媒,2015-05-27,2200-01-01
SH603599,广信股份,2015-05-13,2200-01-01
SH603600,永艺股份,2015-01-23,2200-01-01
SH603601,再升科技,2015-01-22,2200-01-01
SH603602,纵横通信,2017-08-10,2200-01-01
SH603603,退市博天,2017-02-17,2024-04-19
SH603605,珀莱雅,2017-11-15,2200-01-01
SH603606,东方电缆,2014-10-15,2200-01-01
SH603607,京华激光,2017-10-25,2200-01-01
SH603608,天创时尚,2016-02-18,2200-01-01
SH603609,禾丰股份,2014-08-08,2200-01-01
SH603610,麒盛科技,2019-10-29,2200-01-01
SH603611,诺力股份,2015-01-28,2200-01-01
SH603612,索通发展,2017-07-18,2200-01-01
SH603613,国联股份,2019-07-30,2200-01-01
SH603615,茶花股份,2017-02-13,2200-01-01
SH603616,韩建河山,2015-06-11,2200-01-01
SH603617,君禾股份,2017-07-03,2200-01-01
SH603618,杭电股份,2015-02-17,2200-01-01
SH603619,中曼石油,2017-11-17,2200-01-01
SH603626,科森科技,2017-02-09,2200-01-01
SH603628,清源股份,2017-01-12,2200-01-01
SH603629,利通电子,2018-12-24,2200-01-01
SH603630,拉芳家化,2017-03-13,2200-01-01
SH603633,徕木股份,2016-11-17,2200-01-01
SH603636,南威软件,2014-12-30,2200-01-01
SH603637,镇海股份,2017-02-08,2200-01-01
SH603638,艾迪精密,2017-01-20,2200-01-01
SH603639,海利尔,2017-01-12,2200-01-01
SH603648,畅联股份,2017-09-13,2200-01-01
SH603650,彤程新材,2018-06-27,2200-01-01
SH603655,朗博科技,2017-12-29,2200-01-01
SH603656,泰禾智能,2017-03-21,2200-01-01
SH603657,春光科技,2018-07-30,2200-01-01
SH603658,安图生物,2016-09-01,2200-01-01
SH603659,璞泰来,2017-11-03,2200-01-01
SH603660,苏州科达,2016-12-01,2200-01-01
SH603661,恒林股份,2017-11-21,2200-01-01
SH603662,柯力传感,2019-08-06,2200-01-01
SH603663,三祥新材,2016-08-01,2200-01-01
SH603665,康隆达,2017-03-13,2200-01-01
SH603666,亿嘉和,2018-06-12,2200-01-01
SH603667,五洲新春,2016-10-25,2200-01-01
SH603668,天马科技,2017-01-17,2200-01-01
SH603669,灵康药业,2015-05-28,2200-01-01
SH603676,卫信康,2017-07-21,2200-01-01
SH603677,奇精机械,2017-02-06,2200-01-01
SH603678,火炬电子,2015-01-26,2200-01-01
SH603679,华体科技,2017-06-21,2200-01-01
SH603680,今创集团,2018-02-27,2200-01-01
SH603681,永冠新材,2019-03-26,2200-01-01
SH603682,锦和商管,2020-04-21,2200-01-01
SH603683,晶华新材,2017-10-20,2200-01-01
SH603685,晨丰科技,2017-11-27,2200-01-01
SH603686,福龙马,2015-01-26,2200-01-01
SH603687,大胜达,2019-07-26,2200-01-01
SH603688,石英股份,2014-10-31,2200-01-01
SH603689,皖天然气,2017-01-10,2200-01-01
SH603690,至纯科技,2017-01-13,2200-01-01
SH603693,江苏新能,2018-07-03,2200-01-01
SH603696,安记食品,2015-12-09,2200-01-01
SH603697,有友食品,2019-05-08,2200-01-01
SH603698,航天工程,2015-01-28,2200-01-01
SH603699,纽威股份,2014-01-17,2200-01-01
SH603700,宁水集团,2019-01-22,2200-01-01
SH603701,德宏股份,2016-04-12,2200-01-01
SH603703,盛洋科技,2015-04-23,2200-01-01
SH603706,东方环宇,2018-07-09,2200-01-01
SH603707,健友股份,2017-07-19,2200-01-01
SH603708,家家悦,2016-12-13,2200-01-01
SH603709,中源家居,2018-02-08,2200-01-01
SH603711,香飘飘,2017-11-30,2200-01-01
SH603712,七一二,2018-02-26,2200-01-01
SH603713,密尔克卫,2018-07-13,2200-01-01
SH603716,塞力医疗,2016-10-31,2200-01-01
SH603717,天域生物,2017-03-27,2200-01-01
SH603718,*ST海利,2015-05-15,2200-01-01
SH603719,良品铺子,2020-02-24,2200-01-01
SH603721,中广天择,2017-08-11,2200-01-01
SH603722,阿科力,2017-10-25,2200-01-01
SH603725,天安新材,2017-09-06,2200-01-01
SH603726,朗迪集团,2016-04-21,2200-01-01
SH603727,博迈科,2016-11-22,2200-01-01
SH603728,鸣志电器,2017-05-09,2200-01-01
SH603729,ST龙韵,2015-03-24,2200-01-01
SH603730,岱美股份,2017-07-28,2200-01-01
SH603733,仙鹤股份,2018-04-20,2200-01-01
SH603737,三棵树,2016-06-03,2200-01-01
SH603738,泰晶科技,2016-09-28,2200-01-01
SH603739,蔚蓝生物,2019-01-16,2200-01-01
SH603755,日辰股份,2019-08-28,2200-01-01
SH603757,大元泵业,2017-07-11,2200-01-01
SH603758,秦安股份,2017-05-17,2200-01-01
SH603759,海天股份,2021-03-26,2200-01-01
SH603766,隆鑫通用,2012-08-10,2200-01-01
SH603767,中马传动,2017-06-13,2200-01-01
SH603768,常青股份,2017-03-24,2200-01-01
SH603773,沃格光电,2018-04-17,2200-01-01
SH603776,永安行,2017-08-17,2200-01-01
SH603777,来伊份,2016-10-12,2200-01-01
SH603778,国晟科技,2015-12-31,2200-01-01
SH603779,威龙股份,2016-05-16,2200-01-01
SH603786,科博达,2019-10-15,2200-01-01
SH603787,新日股份,2017-04-27,2200-01-01
SH603788,宁波高发,2015-01-20,2200-01-01
SH603789,ST星农,2015-04-27,2200-01-01
SH603790,雅运股份,2018-09-12,2200-01-01
SH603797,联泰环保,2017-04-13,2200-01-01
SH603798,康普顿,2016-04-06,2200-01-01
SH603799,华友钴业,2015-01-29,2200-01-01
SH603800,洪田股份,2015-12-10,2200-01-01
SH603801,志邦家居,2017-06-30,2200-01-01
SH603803,瑞斯康达,2017-04-20,2200-01-01
SH603806,福斯特,2014-09-05,2200-01-01
SH603808,歌力思,2015-04-22,2200-01-01
SH603809,豪能股份,2017-11-28,2200-01-01
SH603810,丰山集团,2018-09-17,2200-01-01
SH603811,诚意药业,2017-03-15,2200-01-01
SH603813,原尚股份,2017-09-18,2200-01-01
SH603815,交建股份,2019-10-21,2200-01-01
SH603816,顾家家居,2016-10-14,2200-01-01
SH603817,海峡环保,2017-02-20,2200-01-01
SH603818,曲美家居,2015-04-22,2200-01-01
SH603819,神力股份,2016-11-25,2200-01-01
SH603822,ST嘉澳,2016-04-28,2200-01-01
SH603823,百合花,2016-12-20,2200-01-01
SH603825,ST华扬,2017-08-02,2200-01-01
SH603826,坤彩科技,2017-04-14,2200-01-01
SH603828,*ST利达,2015-02-26,2200-01-01
SH603829,洛凯股份,2017-10-17,2200-01-01
SH603833,欧派家居,2017-03-28,2200-01-01
SH603836,海程邦达,2021-05-26,2200-01-01
SH603838,*ST四通,2015-07-01,2200-01-01
SH603839,安正时尚,2017-02-14,2200-01-01
SH603843,*ST正平,2016-09-05,2200-01-01
SH603848,好太太,2017-12-01,2200-01-01
SH603855,华荣股份,2017-05-24,2200-01-01
SH603856,东宏股份,2017-11-06,2200-01-01
SH603858,步长制药,2016-11-18,2200-01-01
SH603859,能科科技,2016-10-21,2200-01-01
SH603860,中公高科,2017-08-02,2200-01-01
SH603861,白云电器,2016-03-22,2200-01-01
SH603863,松炀资源,2019-06-21,2200-01-01
SH603866,桃李面包,2015-12-22,2200-01-01
SH603867,新化股份,2019-06-27,2200-01-01
SH603868,飞科电器,2016-04-18,2200-01-01
SH603869,ST智知,2015-03-26,2200-01-01
SH603871,嘉友国际,2018-02-06,2200-01-01
SH603876,鼎胜新材,2018-04-18,2200-01-01
SH603877,太平鸟,2017-01-09,2200-01-01
SH603878,武进不锈,2016-12-19,2200-01-01
SH603879,永悦科技,2017-06-14,2200-01-01
SH603880,南卫股份,2017-08-07,2200-01-01
SH603881,数据港,2017-02-08,2200-01-01
SH603882,金域医学,2017-09-08,2200-01-01
SH603883,老百姓,2015-04-23,2200-01-01
SH603885,吉祥航空,2015-05-27,2200-01-01
SH603886,元祖股份,2016-12-28,2200-01-01
SH603887,城地香江,2016-10-10,2200-01-01
SH603888,新华网,2016-10-28,2200-01-01
SH603889,新澳股份,2014-12-31,2200-01-01
SH603890,春秋电子,2017-12-12,2200-01-01
SH603893,瑞芯微,2020-02-07,2200-01-01
SH603895,天永智能,2018-01-22,2200-01-01
SH603896,寿仙谷,2017-05-10,2200-01-01
SH603897,长城科技,2018-04-10,2200-01-01
SH603898,好莱客,2015-02-17,2200-01-01
SH603899,晨光股份,2015-01-27,2200-01-01
SH603900,莱绅通灵,2016-11-23,2200-01-01
SH603901,永创智能,2015-05-29,2200-01-01
SH603903,中持股份,2017-03-14,2200-01-01
SH603906,龙蟠科技,2017-04-10,2200-01-01
SH603908,牧高笛,2017-03-07,2200-01-01
SH603909,建发合诚,2016-06-28,2200-01-01
SH603912,佳力图,2017-11-01,2200-01-01
SH603915,国茂股份,2019-06-14,2200-01-01
SH603916,苏博特,2017-11-10,2200-01-01
SH603917,合力科技,2017-12-04,2200-01-01
SH603918,金桥信息,2015-05-28,2200-01-01
SH603919,金徽酒,2016-03-10,2200-01-01
SH603920,世运电路,2017-04-26,2200-01-01
SH603922,ST金鸿顺,2017-10-23,2200-01-01
SH603926,铁流股份,2017-05-10,2200-01-01
SH603927,中科软,2019-09-09,2200-01-01
SH603928,兴业股份,2016-12-12,2200-01-01
SH603929,亚翔集成,2016-12-30,2200-01-01
SH603931,格林达,2020-08-19,2200-01-01
SH603933,睿能科技,2017-07-06,2200-01-01
SH603936,博敏电子,2015-12-09,2200-01-01
SH603937,丽岛新材,2017-11-02,2200-01-01
SH603938,三孚股份,2017-06-28,2200-01-01
SH603939,益丰药房,2015-02-17,2200-01-01
SH603948,建业股份,2020-03-02,2200-01-01
SH603949,雪龙集团,2020-03-10,2200-01-01
SH603950,长源东谷,2020-05-26,2200-01-01
SH603955,大千生态,2017-03-10,2200-01-01
SH603956,威派格,2019-02-22,2200-01-01
SH603958,哈森股份,2016-06-29,2200-01-01
SH603959,ST百利,2016-05-17,2200-01-01
SH603960,克来机电,2017-03-14,2200-01-01
SH603963,*ST大药,2017-09-22,2025-03-20
SH603966,法兰泰克,2017-01-25,2200-01-01
SH603967,中创物流,2019-04-29,2200-01-01
SH603968,醋化股份,2015-05-18,2200-01-01
SH603969,银龙股份,2015-02-27,2200-01-01
SH603970,中农立华,2017-11-16,2200-01-01
SH603976,正川股份,2017-08-22,2200-01-01
SH603977,国泰集团,2016-11-11,2200-01-01
SH603978,深圳新星,2017-08-07,2200-01-01
SH603979,金诚信,2015-06-30,2200-01-01
SH603980,吉华集团,2017-06-15,2200-01-01
SH603982,泉峰汽车,2019-05-22,2200-01-01
SH603983,丸美生物,2019-07-25,2200-01-01
SH603985,恒润股份,2017-05-05,2200-01-01
SH603986,兆易创新,2016-08-18,2200-01-01
SH603987,康德莱,2016-11-21,2200-01-01
SH603988,中电电机,2014-11-04,2200-01-01
SH603989,艾华集团,2015-05-15,2200-01-01
SH603990,麦迪科技,2016-12-08,2200-01-01
SH603991,领先股份,2017-03-08,2200-01-01
SH603992,松霖科技,2019-08-26,2200-01-01
SH603993,洛阳钼业,2012-10-09,2200-01-01
SH603995,甬金股份,2019-12-24,2200-01-01
SH603996,退市中新,2015-12-22,2022-05-24
SH603997,继峰股份,2015-03-02,2200-01-01
SH603998,方盛制药,2014-12-05,2200-01-01
SH603999,读者传媒,2015-12-10,2200-01-01
SH605001,威奥股份,2020-05-22,2200-01-01
SH605003,众望布艺,2020-09-08,2200-01-01
SH605005,合兴股份,2021-01-19,2200-01-01
SH605006,山东玻纤,2020-09-03,2200-01-01
SH605007,五洲特纸,2020-11-10,2200-01-01
SH605008,长鸿高科,2020-08-21,2200-01-01
SH605009,豪悦护理,2020-09-11,2200-01-01
SH605011,杭州热电,2021-06-30,2200-01-01
SH605016,百龙创园,2021-04-21,2200-01-01
SH605018,长华集团,2020-09-29,2200-01-01
SH605020,永和股份,2021-07-09,2200-01-01
SH605028,世茂能源,2021-07-12,2200-01-01
SH605033,美邦股份,2021-09-16,2200-01-01
SH605050,福然德,2020-09-24,2200-01-01
SH605055,迎丰股份,2021-01-29,2200-01-01
SH605056,咸亨国际,2021-07-20,2200-01-01
SH605058,澳弘电子,2020-10-21,2200-01-01
SH605060,联德股份,2021-03-01,2200-01-01
SH605066,天正电气,2020-08-07,2200-01-01
SH605068,明新旭腾,2020-11-23,2200-01-01
SH605069,正和生态,2021-08-16,2200-01-01
SH605077,华康股份,2021-02-09,2200-01-01
SH605080,浙江自然,2021-05-06,2200-01-01
SH605081,退市太和,2021-02-09,2026-07-02
SH605086,龙高股份,2021-04-16,2200-01-01
SH605088,冠盛股份,2020-08-17,2200-01-01
SH605089,味知香,2021-04-27,2200-01-01
SH605090,九丰能源,2021-05-25,2200-01-01
SH605098,行动教育,2021-04-21,2200-01-01
SH605099,共创草坪,2020-09-30,2200-01-01
SH605100,华丰股份,2020-08-11,2200-01-01
SH605108,同庆楼,2020-07-16,2200-01-01
SH605111,新洁能,2020-09-28,2200-01-01
SH605116,奥锐特,2020-09-21,2200-01-01
SH605117,德业股份,2021-04-20,2200-01-01
SH605118,力鼎光电,2020-07-30,2200-01-01
SH605122,四方新材,2021-03-10,2200-01-01
SH605123,派克新材,2020-08-25,2200-01-01
SH605128,上海沿浦,2020-09-15,2200-01-01
SH605133,嵘泰股份,2021-02-24,2200-01-01
SH605136,丽人丽妆,2020-09-29,2200-01-01
SH605138,盛泰集团,2021-10-27,2200-01-01
SH605151,西上海,2020-12-15,2200-01-01
SH605155,西大门,2020-12-31,2200-01-01
SH605158,华达新材,2020-08-05,2200-01-01
SH605162,新中港,2021-07-07,2200-01-01
SH605166,聚合顺,2020-06-18,2200-01-01
SH605167,利柏特,2021-07-26,2200-01-01
SH605168,三人行,2020-05-28,2200-01-01
SH605169,洪通燃气,2020-10-30,2200-01-01
SH605177,东亚药业,2020-11-25,2200-01-01
SH605178,时空科技,2020-08-21,2200-01-01
SH605179,一鸣食品,2020-12-28,2200-01-01
SH605180,华生科技,2021-04-30,2200-01-01
SH605183,确成股份,2020-12-07,2200-01-01
SH605186,健麾信息,2020-12-22,2200-01-01
SH605188,国光连锁,2020-07-28,2200-01-01
SH605189,富春染织,2021-05-28,2200-01-01
SH605196,华通线缆,2021-05-11,2200-01-01
SH605198,安德利,2020-09-18,2200-01-01
SH605199,ST葫芦娃,2020-07-10,2200-01-01
SH605208,永茂泰,2021-03-08,2200-01-01
SH605218,伟时电子,2020-09-28,2200-01-01
SH605222,起帆电缆,2020-07-31,2200-01-01
SH605228,神通科技,2021-01-20,2200-01-01
SH605255,天普股份,2020-08-25,2200-01-01
SH605258,协和电子,2020-12-03,2200-01-01
SH605259,绿田机械,2021-06-15,2200-01-01
SH605266,健之佳,2020-12-01,2200-01-01
SH605268,王力安防,2021-02-24,2200-01-01
SH605277,新亚电子,2021-01-06,2200-01-01
SH605286,同力天启,2021-03-22,2200-01-01
SH605287,德才股份,2021-07-06,2200-01-01
SH605288,凯迪股份,2020-06-01,2200-01-01
SH605289,罗曼股份,2021-04-26,2200-01-01
SH605296,神农集团,2021-05-28,2200-01-01
SH605298,必得科技,2021-03-01,2200-01-01
SH605299,舒华体育,2020-12-15,2200-01-01
SH605300,佳禾食品,2021-04-30,2200-01-01
SH605303,园林股份,2021-03-01,2200-01-01
SH605305,中际联合,2021-05-06,2200-01-01
SH605318,法狮龙,2020-08-03,2200-01-01
SH605319,无锡振华,2021-06-07,2200-01-01
SH605333,沪光股份,2020-08-18,2200-01-01
SH605336,*ST帅电,2020-10-19,2200-01-01
SH605337,李子园,2021-02-08,2200-01-01
SH605338,巴比食品,2020-10-12,2200-01-01
SH605339,南侨食品,2021-05-18,2200-01-01
SH605358,立昂微,2020-09-11,2200-01-01
SH605365,立达信,2021-07-20,2200-01-01
SH605366,宏柏新材,2020-08-12,2200-01-01
SH605368,蓝天燃气,2021-01-29,2200-01-01
SH605369,拱东医疗,2020-09-16,2200-01-01
SH605376,博迁新材,2020-12-08,2200-01-01
SH605377,华旺科技,2020-12-28,2200-01-01
SH605378,野马电池,2021-04-12,2200-01-01
SH605388,均瑶健康,2020-08-18,2200-01-01
SH605389,长龄液压,2021-03-22,2200-01-01
SH605398,新炬网络,2021-01-21,2200-01-01
SH605399,晨光新材,2020-08-04,2200-01-01
SH605488,福莱新材,2021-05-13,2200-01-01
SH605499,东鹏饮料,2021-05-27,2200-01-01
SH605500,森林包装,2020-12-22,2200-01-01
SH605507,国邦医药,2021-08-02,2200-01-01
SH605555,德昌股份,2021-10-21,2200-01-01
SH605566,福莱蒽特,2021-10-25,2200-01-01
SH605567,春雪食品,2021-10-13,2200-01-01
SH605577,龙版传媒,2021-08-24,2200-01-01
SH605580,恒盛能源,2021-08-19,2200-01-01
SH605588,冠石科技,2021-08-12,2200-01-01
SH605589,圣泉集团,2021-08-10,2200-01-01
SH605598,上海港湾,2021-09-17,2200-01-01
SH605599,菜百股份,2021-09-09,2200-01-01
SH688001,华兴源创,2019-07-22,2200-01-01
SH688002,睿创微纳,2019-07-22,2200-01-01
SH688003,天准科技,2019-07-22,2200-01-01
SH688004,博汇科技,2020-06-12,2200-01-01
SH688005,容百科技,2019-07-22,2200-01-01
SH688006,杭可科技,2019-07-22,2200-01-01
SH688007,光峰科技,2019-07-22,2200-01-01
SH688008,澜起科技,2019-07-22,2200-01-01
SH688009,中国通号,2019-07-22,2200-01-01
SH688010,福光股份,2019-07-22,2200-01-01
SH688011,新光光电,2019-07-22,2200-01-01
SH688012,中微公司,2019-07-22,2200-01-01
SH688013,天臣医疗,2020-09-28,2200-01-01
SH688015,交控科技,2019-07-22,2200-01-01
SH688016,心脉医疗,2019-07-22,2200-01-01
SH688017,绿的谐波,2020-08-28,2200-01-01
SH688018,乐鑫科技,2019-07-22,2200-01-01
SH688019,安集科技,2019-07-22,2200-01-01
SH688020,方邦股份,2019-07-22,2200-01-01
SH688021,奥福科技,2019-11-06,2200-01-01
SH688022,ST瀚川,2019-07-22,2200-01-01
SH688023,安恒信息,2019-11-05,2200-01-01
SH688025,杰普特,2019-10-31,2200-01-01
SH688026,洁特生物,2020-01-22,2200-01-01
SH688027,国盾量子,2020-07-09,2200-01-01
SH688028,沃尔德,2019-07-22,2200-01-01
SH688029,南微医学,2019-07-22,2200-01-01
SH688030,山石网科,2019-09-30,2200-01-01
SH688031,星环科技,2022-10-18,2200-01-01
SH688032,禾迈股份,2021-12-20,2200-01-01
SH688033,*ST天宜,2019-07-22,2200-01-01
SH688035,德邦科技,2022-09-19,2200-01-01
SH688036,传音控股,2019-09-30,2200-01-01
SH688037,芯源微,2019-12-16,2200-01-01
SH688038,中科通达,2021-07-13,2200-01-01
SH688039,当虹科技,2019-12-11,2200-01-01
SH688041,海光信息,2022-08-12,2200-01-01
SH688045,必易微,2022-05-26,2200-01-01
SH688046,药康生物,2022-04-25,2200-01-01
SH688047,龙芯中科,2022-06-24,2200-01-01
SH688048,长光华芯,2022-04-01,2200-01-01
SH688049,炬芯科技,2021-11-29,2200-01-01
SH688050,爱博医疗,2020-07-29,2200-01-01
SH688051,佳华科技,2020-03-20,2200-01-01
SH688052,纳芯微,2022-04-22,2200-01-01
SH688053,ST思科瑞,2022-07-08,2200-01-01
SH688055,龙腾光电,2020-08-17,2200-01-01
SH688056,莱伯泰科,2020-09-02,2200-01-01
SH688057,金达莱,2020-11-11,2200-01-01
SH688058,宝兰德,2019-11-01,2200-01-01
SH688059,华锐精密,2021-02-08,2200-01-01
SH688060,云涌科技,2020-07-10,2200-01-01
SH688061,灿瑞科技,2022-10-18,2200-01-01
SH688062,迈威生物,2022-01-18,2200-01-01
SH688063,派能科技,2020-12-30,2200-01-01
SH688065,凯赛生物,2020-08-12,2200-01-01
SH688066,*ST航图,2019-07-22,2200-01-01
SH688067,爱威科技,2021-06-16,2200-01-01
SH688068,热景生物,2019-09-30,2200-01-01
SH688069,德林海,2020-07-22,2200-01-01
SH688070,纵横股份,2021-02-10,2200-01-01
SH688071,华依科技,2021-07-29,2200-01-01
SH688072,拓荆科技,2022-04-20,2200-01-01
SH688073,毕得医药,2022-10-11,2200-01-01
SH688075,安旭生物,2021-11-18,2200-01-01
SH688076,ST诺泰,2021-05-20,2200-01-01
SH688077,大地熊,2020-07-22,2200-01-01
SH688078,龙软科技,2019-12-30,2200-01-01
SH688079,美迪凯,2021-03-02,2200-01-01
SH688080,映翰通,2020-02-12,2200-01-01
SH688081,兴图新科,2020-01-06,2200-01-01
SH688082,盛美上海,2021-11-18,2200-01-01
SH688083,中望软件,2021-03-11,2200-01-01
SH688084,晶品特装,2022-12-08,2200-01-01
SH688085,三友医疗,2020-04-09,2200-01-01
SH688086,退市紫晶,2020-02-26,2023-06-30
SH688087,英科再生,2021-07-09,2200-01-01
SH688088,虹软科技,2019-07-22,2200-01-01
SH688089,ST嘉必优,2019-12-19,2200-01-01
SH688090,瑞松科技,2020-02-17,2200-01-01
SH688091,上海谊众,2021-09-09,2200-01-01
SH688092,爱科科技,2021-03-19,2200-01-01
SH688093,世华科技,2020-09-30,2200-01-01
SH688095,福昕软件,2020-09-08,2200-01-01
SH688096,京源环保,2020-04-09,2200-01-01
SH688097,博众精工,2021-05-12,2200-01-01
SH688098,申联生物,2019-10-28,2200-01-01
SH688099,晶晨股份,2019-08-08,2200-01-01
SH688100,威胜信息,2020-01-21,2200-01-01
SH688101,三达膜,2019-11-15,2200-01-01
SH688102,斯瑞新材,2022-03-16,2200-01-01
SH688103,国力电子,2021-09-10,2200-01-01
SH688105,诺唯赞,2021-11-15,2200-01-01
SH688106,金宏气体,2020-06-16,2200-01-01
SH688107,安路科技,2021-11-12,2200-01-01
SH688108,赛诺医疗,2019-10-30,2200-01-01
SH688109,品茗科技,2021-03-30,2200-01-01
SH688110,东芯股份,2021-12-10,2200-01-01
SH688111,金山办公,2019-11-18,2200-01-01
SH688112,鼎阳科技,2021-12-01,2200-01-01
SH688113,联测科技,2021-05-06,2200-01-01
SH688114,华大智造,2022-09-09,2200-01-01
SH688115,思林杰,2022-03-14,2200-01-01
SH688116,天奈科技,2019-09-25,2200-01-01
SH688117,圣诺生物,2021-06-03,2200-01-01
SH688118,普元信息,2019-12-04,2200-01-01
SH688119,中钢洛耐,2022-06-06,2200-01-01
SH688120,华海清科,2022-06-08,2200-01-01
SH688121,*ST卓然,2021-09-06,2200-01-01
SH688122,西部超导,2019-07-22,2200-01-01
SH688123,聚辰股份,2019-12-23,2200-01-01
SH688125,安达智能,2022-04-15,2200-01-01
SH688126,沪硅产业,2020-04-20,2200-01-01
SH688127,蓝特光学,2020-09-21,2200-01-01
SH688128,中国电研,2019-11-05,2200-01-01
SH688129,东来技术,2020-10-23,2200-01-01
SH688130,晶华微,2022-07-29,2200-01-01
SH688131,皓元医药,2021-06-08,2200-01-01
SH688132,邦彦技术,2022-09-23,2200-01-01
SH688133,泰坦科技,2020-10-30,2200-01-01
SH688135,利扬芯片,2020-11-11,2200-01-01
SH688136,科兴制药,2020-12-14,2200-01-01
SH688137,近岸蛋白,2022-09-29,2200-01-01
SH688138,清溢光电,2019-11-20,2200-01-01
SH688139,海尔生物,2019-10-25,2200-01-01
SH688141,杰华特,2022-12-23,2200-01-01
SH688143,长盈通,2022-12-12,2200-01-01
SH688146,中船特气,2023-04-21,2200-01-01
SH688147,微导纳米,2022-12-23,2200-01-01
SH688148,芳源股份,2021-08-06,2200-01-01
SH688150,莱特光电,2022-03-18,2200-01-01
SH688151,华强科技,2021-12-06,2200-01-01
SH688152,麒麟信安,2022-10-28,2200-01-01
SH688153,唯捷创芯,2022-04-12,2200-01-01
SH688155,先惠技术,2020-08-11,2200-01-01
SH688156,路德科技,2020-09-22,2200-01-01
SH688157,松井股份,2020-06-09,2200-01-01
SH688158,优刻得,2020-01-20,2200-01-01
SH688159,有方科技,2020-01-23,2200-01-01
SH688160,步科股份,2020-11-12,2200-01-01
SH688161,威高骨科,2021-06-30,2200-01-01
SH688162,巨一科技,2021-11-10,2200-01-01
SH688163,赛伦生物,2022-03-11,2200-01-01
SH688165,埃夫特,2020-07-15,2200-01-01
SH688166,博瑞医药,2019-11-08,2200-01-01
SH688167,炬光科技,2021-12-24,2200-01-01
SH688168,安博通,2019-09-06,2200-01-01
SH688169,石头科技,2020-02-21,2200-01-01
SH688170,德龙激光,2022-04-29,2200-01-01
SH688171,纬德信息,2022-01-27,2200-01-01
SH688172,燕东微,2022-12-16,2200-01-01
SH688173,希荻微,2022-01-21,2200-01-01
SH688175,高凌信息,2022-03-15,2200-01-01
SH688176,亚虹医药,2022-01-07,2200-01-01
SH688177,百奥泰,2020-02-21,2200-01-01
SH688178,万德斯,2020-01-14,2200-01-01
SH688179,阿拉丁,2020-10-26,2200-01-01
SH688180,君实生物,2020-07-15,2200-01-01
SH688181,八亿时空,2020-01-06,2200-01-01
SH688182,灿勤科技,2021-11-16,2200-01-01
SH688183,生益电子,2021-02-25,2200-01-01
SH688184,ST帕瓦,2022-09-19,2200-01-01
SH688185,康希诺,2020-08-13,2200-01-01
SH688186,广大特材,2020-02-11,2200-01-01
SH688187,时代电气,2021-09-07,2200-01-01
SH688188,柏楚电子,2019-08-08,2200-01-01
SH688189,ST南新,2020-03-26,2200-01-01
SH688190,云路股份,2021-11-26,2200-01-01
SH688191,智洋创新,2021-04-08,2200-01-01
SH688192,迪哲医药,2021-12-10,2200-01-01
SH688193,仁度生物,2022-03-30,2200-01-01
SH688195,腾景科技,2021-03-26,2200-01-01
SH688196,卓越新能,2019-11-21,2200-01-01
SH688197,首药控股,2022-03-23,2200-01-01
SH688198,佰仁医疗,2019-12-09,2200-01-01
SH688199,久日新材,2019-11-05,2200-01-01
SH688200,华峰测控,2020-02-18,2200-01-01
SH688201,ST信安,2021-04-21,2200-01-01
SH688202,美迪西,2019-11-05,2200-01-01
SH688203,海正生材,2022-08-16,2200-01-01
SH688205,德科立,2022-08-09,2200-01-01
SH688206,概伦电子,2021-12-28,2200-01-01
SH688207,格灵深瞳,2022-03-17,2200-01-01
SH688208,道通科技,2020-02-13,2200-01-01
SH688209,英集芯,2022-04-19,2200-01-01
SH688210,统联精密,2021-12-27,2200-01-01
SH688211,中科微至,2021-10-26,2200-01-01
SH688212,澳华内镜,2021-11-15,2200-01-01
SH688213,思特威,2022-05-20,2200-01-01
SH688215,瑞晟智能,2020-08-28,2200-01-01
SH688216,气派科技,2021-06-23,2200-01-01
SH688217,睿昂基因,2021-05-17,2200-01-01
SH688218,江苏北人,2019-12-11,2200-01-01
SH688219,会通股份,2020-11-18,2200-01-01
SH688220,翱捷科技,2022-01-14,2200-01-01
SH688221,前沿生物,2020-10-28,2200-01-01
SH688222,成都先导,2020-04-16,2200-01-01
SH688223,晶科能源,2022-01-26,2200-01-01
SH688225,亚信安全,2022-02-09,2200-01-01
SH688226,威腾电气,2021-07-07,2200-01-01
SH688227,品高股份,2021-12-30,2200-01-01
SH688228,开普云,2020-03-27,2200-01-01
SH688229,博睿数据,2020-08-17,2200-01-01
SH688230,芯导科技,2021-12-01,2200-01-01
SH688231,隆达股份,2022-07-22,2200-01-01
SH688232,新点软件,2021-11-17,2200-01-01
SH688233,神工股份,2020-02-21,2200-01-01
SH688234,天岳先进,2022-01-12,2200-01-01
SH688235,百济神州,2021-12-15,2200-01-01
SH688236,春立医疗,2021-12-30,2200-01-01
SH688237,超卓航科,2022-07-01,2200-01-01
SH688238,和元生物,2022-03-22,2200-01-01
SH688239,航宇科技,2021-07-05,2200-01-01
SH688244,永信至诚,2022-10-19,2200-01-01
SH688246,嘉和美康,2021-12-14,2200-01-01
SH688247,宣泰医药,2022-08-25,2200-01-01
SH688248,南网科技,2021-12-22,2200-01-01
SH688249,晶合集成,2023-05-05,2200-01-01
SH688251,井松智能,2022-06-06,2200-01-01
SH688252,天德钰,2022-09-27,2200-01-01
SH688253,英诺特,2022-07-28,2200-01-01
SH688255,凯尔达,2021-10-25,2200-01-01
SH688256,寒武纪,2020-07-20,2200-01-01
SH688257,新锐股份,2021-10-27,2200-01-01
SH688258,卓易信息,2019-12-09,2200-01-01
SH688259,创耀科技,2022-01-12,2200-01-01
SH688260,昀冢科技,2021-04-06,2200-01-01
SH688261,东微半导,2022-02-10,2200-01-01
SH688262,国芯科技,2022-01-06,2200-01-01
SH688265,南模生物,2021-12-28,2200-01-01
SH688266,泽璟制药,2020-01-23,2200-01-01
SH688267,中触媒,2022-02-16,2200-01-01
SH688268,华特气体,2019-12-26,2200-01-01
SH688269,凯立新材,2021-06-09,2200-01-01
SH688270,ST臻镭,2022-01-27,2200-01-01
SH688271,联影医疗,2022-08-22,2200-01-01
SH688272,富吉瑞,2021-10-18,2200-01-01
SH688273,麦澜德,2022-08-11,2200-01-01
SH688275,万润新能,2022-09-29,2200-01-01
SH688276,百克生物,2021-06-25,2200-01-01
SH688277,天智航,2020-07-07,2200-01-01
SH688278,特宝生物,2020-01-17,2200-01-01
SH688279,峰岹科技,2022-04-20,2200-01-01
SH688280,精进电动,2021-10-27,2200-01-01
SH688281,华秦科技,2022-03-07,2200-01-01
SH688282,理工导航,2022-03-18,2200-01-01
SH688283,坤恒顺维,2022-02-15,2200-01-01
SH688285,高铁电气,2021-10-20,2200-01-01
SH688286,敏芯股份,2020-08-10,2200-01-01
SH688287,退市观典,2022-05-25,2026-06-09
SH688288,鸿泉技术,2019-11-06,2200-01-01
SH688289,圣湘生物,2020-08-28,2200-01-01
SH688290,景业智能,2022-04-29,2200-01-01
SH688291,金橙子,2022-10-26,2200-01-01
SH688292,浩瀚深度,2022-08-18,2200-01-01
SH688293,奥浦迈,2022-09-02,2200-01-01
SH688295,中复神鹰,2022-04-06,2200-01-01
SH688296,和达科技,2021-07-27,2200-01-01
SH688297,中无人机,2022-06-29,2200-01-01
SH688298,东方生物,2020-02-05,2200-01-01
SH688299,长阳科技,2019-11-06,2200-01-01
SH688300,联瑞新材,2019-11-15,2200-01-01
SH688301,奕瑞科技,2020-09-18,2200-01-01
SH688302,海创药业,2022-04-12,2200-01-01
SH688303,大全能源,2021-07-22,2200-01-01
SH688305,科德数控,2021-07-09,2200-01-01
SH688306,均普智能,2022-03-22,2200-01-01
SH688307,中润光学,2023-02-16,2200-01-01
SH688308,欧科亿,2020-12-10,2200-01-01
SH688309,恒誉科技,2020-07-14,2200-01-01
SH688310,迈得医疗,2019-12-03,2200-01-01
SH688311,盟升电子,2020-07-31,2200-01-01
SH688312,燕麦科技,2020-06-08,2200-01-01
SH688313,仕佳光子,2020-08-12,2200-01-01
SH688314,康拓医疗,2021-05-18,2200-01-01
SH688315,诺禾致源,2021-04-13,2200-01-01
SH688316,青云科技,2021-03-16,2200-01-01
SH688317,之江生物,2021-01-18,2200-01-01
SH688318,财富趋势,2020-04-27,2200-01-01
SH688319,欧林生物,2021-06-08,2200-01-01
SH688320,禾川科技,2022-04-28,2200-01-01
SH688321,微芯生物,2019-08-12,2200-01-01
SH688322,奥比中光,2022-07-07,2200-01-01
SH688323,瑞华泰,2021-04-28,2200-01-01
SH688325,赛微微电,2022-04-22,2200-01-01
SH688326,经纬恒润,2022-04-19,2200-01-01
SH688327,云从科技,2022-05-27,2200-01-01
SH688328,深科达,2021-03-09,2200-01-01
SH688329,艾隆科技,2021-03-29,2200-01-01
SH688330,宏力达,2020-10-15,2200-01-01
SH688331,荣昌生物,2022-03-31,2200-01-01
SH688332,中科蓝讯,2022-07-15,2200-01-01
SH688333,铂力特,2019-07-22,2200-01-01
SH688334,西高院,2023-06-19,2200-01-01
SH688335,复洁科技,2020-08-17,2200-01-01
SH688336,三生国健,2020-07-22,2200-01-01
SH688337,普源精电,2022-04-08,2200-01-01
SH688338,赛科希德,2020-08-06,2200-01-01
SH688339,亿华通,2020-08-10,2200-01-01
SH688343,云天励飞,2023-04-04,2200-01-01
SH688345,博力威,2021-06-11,2200-01-01
SH688347,华虹宏力,2023-08-07,2200-01-01
SH688348,昱能科技,2022-06-08,2200-01-01
SH688349,三一重能,2022-06-22,2200-01-01
SH688350,富淼科技,2021-01-28,2200-01-01
SH688351,微电生理,2022-08-31,2200-01-01
SH688352,颀中科技,2023-04-20,2200-01-01
SH688353,华盛锂电,2022-07-13,2200-01-01
SH688355,明志科技,2021-05-12,2200-01-01
SH688356,键凯科技,2020-08-26,2200-01-01
SH688357,建龙微纳,2019-12-04,2200-01-01
SH688358,祥生医疗,2019-12-03,2200-01-01
SH688359,三孚新科,2021-05-21,2200-01-01
SH688360,德马科技,2020-06-02,2200-01-01
SH688361,中科飞测,2023-05-19,2200-01-01
SH688362,甬矽电子,2022-11-16,2200-01-01
SH688363,华熙生物,2019-11-06,2200-01-01
SH688365,光云科技,2020-04-29,2200-01-01
SH688366,昊海生科,2019-10-30,2200-01-01
SH688367,工大高科,2021-06-28,2200-01-01
SH688368,晶丰明源,2019-10-14,2200-01-01
SH688369,致远互联,2019-10-31,2200-01-01
SH688370,丛麟科技,2022-08-25,2200-01-01
SH688371,菲沃泰,2022-08-02,2200-01-01
SH688372,伟测科技,2022-10-26,2200-01-01
SH688373,盟科药业,2022-08-05,2200-01-01
SH688375,国博电子,2022-07-22,2200-01-01
SH688376,美埃科技,2022-11-18,2200-01-01
SH688377,迪威尔,2020-07-08,2200-01-01
SH688378,奥来德,2020-09-03,2200-01-01
SH688379,华光新材,2020-08-19,2200-01-01
SH688380,中微半导,2022-08-05,2200-01-01
SH688381,帝奥微,2022-08-23,2200-01-01
SH688382,益方生物,2022-07-25,2200-01-01
SH688383,新益昌,2021-04-28,2200-01-01
SH688385,复旦微电,2021-08-04,2200-01-01
SH688386,泛亚微透,2020-10-16,2200-01-01
SH688387,信科移动,2022-09-26,2200-01-01
SH688388,嘉元科技,2019-07-22,2200-01-01
SH688389,普门科技,2019-11-05,2200-01-01
SH688390,固德威,2020-09-04,2200-01-01
SH688391,钜泉科技,2022-09-13,2200-01-01
SH688392,骄成超声,2022-09-27,2200-01-01
SH688393,安必平,2020-08-20,2200-01-01
SH688395,正弦电气,2021-04-29,2200-01-01
SH688396,华润微,2020-02-27,2200-01-01
SH688398,赛特新材,2020-02-11,2200-01-01
SH688399,硕世生物,2019-12-05,2200-01-01
SH688400,凌云光,2022-07-06,2200-01-01
SH688401,路维光电,2022-08-17,2200-01-01
SH688403,汇成股份,2022-08-18,2200-01-01
SH688408,中信博,2020-08-28,2200-01-01
SH688409,富创精密,2022-10-10,2200-01-01
SH688410,山外山,2022-12-26,2200-01-01
SH688411,海博思创,2025-01-27,2200-01-01
SH688416,恒烁股份,2022-08-29,2200-01-01
SH688418,震有科技,2020-07-22,2200-01-01
SH688419,耐科装备,2022-11-07,2200-01-01
SH688420,美腾科技,2022-12-09,2200-01-01
SH688425,铁建重工,2021-06-22,2200-01-01
SH688426,康为世纪,2022-10-25,2200-01-01
SH688428,诺诚健华,2022-09-21,2200-01-01
SH688429,时创能源,2023-06-29,2200-01-01
SH688432,有研硅,2022-11-10,2200-01-01
SH688433,华曙高科,2023-04-17,2200-01-01
SH688435,英方软件,2023-01-19,2200-01-01
SH688439,振华风光,2022-08-26,2200-01-01
SH688443,智翔金泰,2023-06-20,2200-01-01
SH688448,磁谷科技,2022-09-21,2200-01-01
SH688449,联芸科技,2024-11-29,2200-01-01
SH688450,光格科技,2023-07-24,2200-01-01
SH688455,科捷智能,2022-09-15,2200-01-01
SH688456,有研粉材,2021-03-17,2200-01-01
SH688458,美芯晟,2023-05-22,2200-01-01
SH688459,哈铁科技,2022-10-12,2200-01-01
SH688466,金科环境,2020-05-08,2200-01-01
SH688468,科美诊断,2021-04-09,2200-01-01
SH688469,芯联集成,2023-05-10,2200-01-01
SH688472,阿特斯,2023-06-09,2200-01-01
SH688475,萤石网络,2022-12-28,2200-01-01
SH688478,晶升股份,2023-04-24,2200-01-01
SH688479,友车科技,2023-05-11,2200-01-01
SH688480,赛恩斯,2022-11-25,2200-01-01
SH688484,南芯科技,2023-04-07,2200-01-01
SH688485,九州一轨,2023-01-18,2200-01-01
SH688486,龙迅股份,2023-02-21,2200-01-01
SH688488,艾迪药业,2020-07-20,2200-01-01
SH688489,三未信安,2022-12-02,2200-01-01
SH688496,*ST清越,2022-12-28,2200-01-01
SH688498,源杰科技,2022-12-21,2200-01-01
SH688499,利元亨,2021-07-01,2200-01-01
SH688500,慧辰股份,2020-07-16,2200-01-01
SH688501,青达环保,2021-07-16,2200-01-01
SH688502,茂莱光学,2023-03-09,2200-01-01
SH688503,聚和材料,2022-12-09,2200-01-01
SH688505,复旦张江,2020-06-19,2200-01-01
SH688506,百利天恒,2023-01-06,2200-01-01
SH688507,索辰科技,2023-04-18,2200-01-01
SH688508,芯朋微,2020-07-22,2200-01-01
SH688509,正元地信,2021-07-30,2200-01-01
SH688510,航亚科技,2020-12-16,2200-01-01
SH688511,天微电子,2021-07-30,2200-01-01
SH688512,慧智微,2023-05-16,2200-01-01
SH688513,苑东生物,2020-09-02,2200-01-01
SH688515,裕太微,2023-02-10,2200-01-01
SH688516,奥特维,2020-05-21,2200-01-01
SH688517,金冠电气,2021-06-18,2200-01-01
SH688518,联赢激光,2020-06-22,2200-01-01
SH688519,南亚新材,2020-08-18,2200-01-01
SH688520,神州细胞,2020-06-22,2200-01-01
SH688521,芯原股份,2020-08-18,2200-01-01
SH688522,纳睿雷达,2023-03-01,2200-01-01
SH688523,航天环宇,2023-06-02,2200-01-01
SH688525,佰维存储,2022-12-30,2200-01-01
SH688526,科前生物,2020-09-22,2200-01-01
SH688528,秦川物联,2020-07-01,2200-01-01
SH688529,豪森智能,2020-11-09,2200-01-01
SH688530,欧莱新材,2024-05-09,2200-01-01
SH688531,日联科技,2023-03-31,2200-01-01
SH688533,上声电子,2021-04-19,2200-01-01
SH688535,华海诚科,2023-04-04,2200-01-01
SH688536,思瑞浦,2020-09-21,2200-01-01
SH688538,和辉光电,2021-05-28,2200-01-01
SH688539,高华科技,2023-04-18,2200-01-01
SH688543,国科军工,2023-06-21,2200-01-01
SH688545,兴福电子,2025-01-22,2200-01-01
SH688548,广钢气体,2023-08-15,2200-01-01
SH688549,中巨芯,2023-09-08,2200-01-01
SH688550,瑞联新材,2020-09-02,2200-01-01
SH688551,科威尔,2020-09-10,2200-01-01
SH688552,航天南湖,2023-05-18,2200-01-01
SH688553,汇宇制药,2021-10-26,2200-01-01
SH688555,退市泽达,2020-06-23,2023-06-30
SH688556,高测股份,2020-08-07,2200-01-01
SH688557,兰剑智能,2020-12-02,2200-01-01
SH688558,国盛智科,2020-06-30,2200-01-01
SH688559,海目星,2020-09-09,2200-01-01
SH688560,明冠新材,2020-12-24,2200-01-01
SH688561,奇安信,2020-07-22,2200-01-01
SH688562,航天软件,2023-05-24,2200-01-01
SH688563,航材股份,2023-07-19,2200-01-01
SH688565,力源科技,2021-05-13,2200-01-01
SH688566,吉贝尔,2020-05-18,2200-01-01
SH688567,孚能科技,2020-07-17,2200-01-01
SH688568,中科星图,2020-07-08,2200-01-01
SH688569,铁科轨道,2020-08-31,2200-01-01
SH688570,天玛智控,2023-06-05,2200-01-01
SH688571,杭华股份,2020-12-11,2200-01-01
SH688573,信宇人,2023-08-17,2200-01-01
SH688575,亚辉龙,2021-05-17,2200-01-01
SH688576,西山科技,2023-06-06,2200-01-01
SH688577,浙海德曼,2020-09-16,2200-01-01
SH688578,艾力斯,2020-12-02,2200-01-01
SH688579,地纬智能,2020-07-17,2200-01-01
SH688580,伟思医疗,2020-07-21,2200-01-01
SH688581,安杰思,2023-05-19,2200-01-01
SH688582,芯动联科,2023-06-30,2200-01-01
SH688583,思看科技,2025-01-15,2200-01-01
SH688584,上海合晶,2024-02-08,2200-01-01
SH688585,上纬新材,2020-09-28,2200-01-01
SH688586,江航装备,2020-07-31,2200-01-01
SH688588,凌志软件,2020-05-11,2200-01-01
SH688589,力合微,2020-07-22,2200-01-01
SH688590,新致软件,2020-12-07,2200-01-01
SH688591,泰凌微,2023-08-25,2200-01-01
SH688592,司南导航,2023-08-16,2200-01-01
SH688593,新相微,2023-06-01,2200-01-01
SH688595,芯海科技,2020-09-28,2200-01-01
SH688596,正帆科技,2020-08-20,2200-01-01
SH688597,煜邦电力,2021-06-17,2200-01-01
SH688598,金博股份,2020-05-18,2200-01-01
SH688599,天合光能,2020-06-10,2200-01-01
SH688600,皖仪科技,2020-07-03,2200-01-01
SH688601,力芯微,2021-06-28,2200-01-01
SH688602,康鹏科技,2023-07-20,2200-01-01
SH688603,天承科技,2023-07-10,2200-01-01
SH688605,先锋精科,2024-12-12,2200-01-01
SH688606,奥泰生物,2021-03-25,2200-01-01
SH688607,康众科技,2021-02-01,2200-01-01
SH688608,恒玄科技,2020-12-16,2200-01-01
SH688609,九联科技,2021-03-23,2200-01-01
SH688610,埃科光电,2023-07-19,2200-01-01
SH688611,杭州柯林,2021-04-12,2200-01-01
SH688612,威迈斯,2023-07-26,2200-01-01
SH688613,奥精医疗,2021-05-21,2200-01-01
SH688615,合合信息,2024-09-26,2200-01-01
SH688616,西力科技,2021-03-18,2200-01-01
SH688617,惠泰医疗,2021-01-07,2200-01-01
SH688618,三旺通信,2020-12-30,2200-01-01
SH688619,罗普特,2021-02-23,2200-01-01
SH688620,安凯微,2023-06-27,2200-01-01
SH688621,阳光诺和,2021-06-21,2200-01-01
SH688622,*ST禾信,2021-09-13,2200-01-01
SH688623,双元科技,2023-06-08,2200-01-01
SH688625,呈和科技,2021-06-07,2200-01-01
SH688626,翔宇医疗,2021-03-31,2200-01-01
SH688627,精智达,2023-07-18,2200-01-01
SH688628,优利德,2021-02-01,2200-01-01
SH688629,华丰科技,2023-06-27,2200-01-01
SH688630,芯碁微装,2021-04-01,2200-01-01
SH688631,莱斯信息,2023-06-28,2200-01-01
SH688633,星球石墨,2021-03-24,2200-01-01
SH688635,长进光子,2026-05-27,2200-01-01
SH688636,智明达,2021-04-08,2200-01-01
SH688638,誉辰智能,2023-07-12,2200-01-01
SH688639,华恒生物,2021-04-22,2200-01-01
SH688646,逸飞激光,2023-07-28,2200-01-01
SH688648,中邮科技,2023-11-13,2200-01-01
SH688651,盛邦安全,2023-07-26,2200-01-01
SH688652,京仪装备,2023-11-29,2200-01-01
SH688653,康希通信,2023-11-17,2200-01-01
SH688655,迅捷兴,2021-05-11,2200-01-01
SH688656,浩欧博,2021-01-13,2200-01-01
SH688657,浩辰软件,2023-10-10,2200-01-01
SH688658,悦康药业,2020-12-24,2200-01-01
SH688659,元琛科技,2021-03-31,2200-01-01
SH688660,电气风电,2021-05-19,2200-01-01
SH688661,和林微纳,2021-03-29,2200-01-01
SH688662,富信科技,2021-04-01,2200-01-01
SH688663,新风光,2021-04-13,2200-01-01
SH688665,四方光电,2021-02-09,2200-01-01
SH688667,菱电电控,2021-03-12,2200-01-01
SH688668,鼎通科技,2020-12-21,2200-01-01
SH688669,聚石化学,2021-01-25,2200-01-01
SH688670,金迪克,2021-08-02,2200-01-01
SH688671,碧兴物联,2023-08-09,2200-01-01
SH688676,金盘科技,2021-03-09,2200-01-01
SH688677,海泰新光,2021-02-26,2200-01-01
SH688678,福立旺,2020-12-23,2200-01-01
SH688679,通源环境,2020-12-25,2200-01-01
SH688680,海优新材,2021-01-22,2200-01-01
SH688681,科汇股份,2021-06-16,2200-01-01
SH688682,霍莱沃,2021-04-20,2200-01-01
SH688683,莱尔科技,2021-04-12,2200-01-01
SH688685,迈信林,2021-05-13,2200-01-01
SH688686,奥普特,2020-12-31,2200-01-01
SH688687,凯因科技,2021-02-08,2200-01-01
SH688689,银河微电,2021-01-27,2200-01-01
SH688690,纳微科技,2021-06-23,2200-01-01
SH688691,灿芯股份,2024-04-11,2200-01-01
SH688692,达梦数据,2024-06-12,2200-01-01
SH688693,锴威特,2023-08-18,2200-01-01
SH688695,中创股份,2024-03-13,2200-01-01
SH688696,极米科技,2021-03-03,2200-01-01
SH688697,纽威数控,2021-09-17,2200-01-01
SH688698,伟创电气,2020-12-29,2200-01-01
SH688699,明微电子,2020-12-18,2200-01-01
SH688700,东威科技,2021-06-15,2200-01-01
SH688701,卓锦股份,2021-09-16,2200-01-01
SH688702,盛科通信,2023-09-14,2200-01-01
SH688707,振华新材,2021-09-14,2200-01-01
SH688708,佳驰科技,2024-12-05,2200-01-01
SH688709,成都华微,2024-02-07,2200-01-01
SH688710,益诺思,2024-09-03,2200-01-01
SH688711,宏微科技,2021-09-01,2200-01-01
SH688712,北芯生命,2026-02-05,2200-01-01
SH688716,中研股份,2023-09-20,2200-01-01
SH688717,艾罗能源,2024-01-03,2200-01-01
SH688718,唯赛勃,2021-07-28,2200-01-01
SH688719,爱科赛博,2023-09-28,2200-01-01
SH688720,艾森股份,2023-12-06,2200-01-01
SH688721,龙图光罩,2024-08-06,2200-01-01
SH688722,同益中,2021-10-19,2200-01-01
SH688726,拉普拉斯,2024-10-29,2200-01-01
SH688727,恒坤新材,2025-11-18,2200-01-01
SH688728,格科微,2021-08-18,2200-01-01
SH688729,屹唐股份,2025-07-08,2200-01-01
SH688733,壹石通,2021-08-17,2200-01-01
SH688737,中自科技,2021-10-22,2200-01-01
SH688739,成大生物,2021-10-28,2200-01-01
SH688750,金天钛业,2024-11-20,2200-01-01
SH688755,汉邦科技,2025-05-16,2200-01-01
SH688757,胜科纳米,2025-03-25,2200-01-01
SH688758,赛分科技,2025-01-10,2200-01-01
SH688759,必贝特,2025-10-28,2200-01-01
SH688765,禾元生物,2025-10-28,2200-01-01
SH688766,普冉股份,2021-08-23,2200-01-01
SH688767,博拓生物,2021-09-08,2200-01-01
SH688768,容知日新,2021-07-26,2200-01-01
SH688772,珠海冠宇,2021-10-15,2200-01-01
SH688775,影石创新,2025-06-11,2200-01-01
SH688776,国光电气,2021-08-31,2200-01-01
SH688777,中控技术,2020-11-24,2200-01-01
SH688778,厦钨新能,2021-08-05,2200-01-01
SH688779,五矿新能,2021-08-11,2200-01-01
SH688781,视涯科技,2026-03-25,2200-01-01
SH688783,西安奕材,2025-10-28,2200-01-01
SH688785,恒运昌,2026-01-28,2200-01-01
SH688786,悦安新材,2021-08-26,2200-01-01
SH688787,海天瑞声,2021-08-13,2200-01-01
SH688788,科思科技,2020-10-22,2200-01-01
SH688789,宏华数科,2021-07-08,2200-01-01
SH688790,昂瑞微,2025-12-16,2200-01-01
SH688793,倍轻松,2021-07-15,2200-01-01
SH688795,摩尔线程,2025-12-05,2200-01-01
SH688796,百奥赛图,2025-12-10,2200-01-01
SH688797,臻宝科技,2026-06-24,2200-01-01
SH688798,艾为电子,2021-08-16,2200-01-01
SH688799,华纳药厂,2021-07-13,2200-01-01
SH688800,瑞可达,2021-07-22,2200-01-01
SH688801,燧原科技,2026-09-11,2200-01-01
SH688802,沐曦股份,2025-12-17,2200-01-01
SH688805,健信超导,2025-12-24,2200-01-01
SH688806,泰诺麦博,2026-07-21,2200-01-01
SH688807,优迅股份,2025-12-19,2200-01-01
SH688808,联讯仪器,2026-04-24,2200-01-01
SH688809,强一股份,2025-12-30,2200-01-01
SH688811,有研复材,2026-04-10,2200-01-01
SH688813,泰金新能,2026-03-31,2200-01-01
SH688816,易思维,2026-02-11,2200-01-01
SH688818,电科蓝天,2026-02-10,2200-01-01
SH688819,天能股份,2021-01-18,2200-01-01
SH688820,盛合晶微,2026-04-21,2200-01-01
SH688825,长鑫科技,2026-07-27,2200-01-01
SH688826,频准激光,2026-08-18,2200-01-01
SH688828,国仪公司,2026-08-11,2200-01-01
SH688835,高凯技术,2026-08-25,2200-01-01
SH688836,宇树科技,2026-08-19,2200-01-01
SH688837,信诺维,2026-09-16,2200-01-01
SH688981,中芯国际,2020-07-16,2200-01-01
SH689009,九号公司,2020-10-29,2200-01-01
SZ000001,平安银行,1991-04-03,2200-01-01
SZ000002,万科A,1991-01-29,2200-01-01
SZ000004,国华退,1990-12-01,2026-07-13
SZ000005,ST星源,1990-12-10,2024-04-25
SZ000006,深振业A,1992-04-27,2200-01-01
SZ000007,全新好,1992-04-13,2200-01-01
SZ000008,神州高铁,1992-05-07,2200-01-01
SZ000009,中国宝安,1991-06-25,2200-01-01
SZ000010,*ST美丽,1995-10-27,2200-01-01
SZ000011,深物业A,1992-03-30,2200-01-01
SZ000012,南玻A,1992-02-28,2200-01-01
SZ000014,沙河股份,1992-06-02,2200-01-01
SZ000016,*ST康佳A,1992-03-27,2200-01-01
SZ000017,深中华A,1992-03-31,2200-01-01
SZ000019,深粮控股,1992-10-12,2200-01-01
SZ000020,深华发A,1992-04-28,2200-01-01
SZ000021,深科技,1994-02-02,2200-01-01
SZ000023,*ST深天,1993-04-29,2024-08-30
SZ000025,特力A,1993-06-21,2200-01-01
SZ000026,飞亚达,1993-06-03,2200-01-01
SZ000027,深圳能源,1993-09-03,2200-01-01
SZ000028,国药一致,1993-08-09,2200-01-01
SZ000029,深深房A,1993-09-15,2200-01-01
SZ000030,富奥股份,1993-09-29,2200-01-01
SZ000031,大悦城,1993-10-08,2200-01-01
SZ000032,深桑达A,1993-10-28,2200-01-01
SZ000034,神州数码,1994-05-09,2200-01-01
SZ000035,中国天楹,1994-04-08,2200-01-01
SZ000036,华联控股,1994-06-17,2200-01-01
SZ000037,深南电A,1994-07-01,2200-01-01
SZ000038,大通退,1994-08-08,2023-07-11
SZ000039,中集集团,1994-04-08,2200-01-01
SZ000040,*ST旭蓝,1994-08-08,2025-04-29
SZ000042,中洲控股,1994-09-21,2200-01-01
SZ000045,深纺织A,1994-08-15,2200-01-01
SZ000046,*ST泛海,1994-09-12,2024-02-06
SZ000048,京基智农,1994-11-01,2200-01-01
SZ000049,德赛电池,1995-03-20,2200-01-01
SZ000050,深天马A,1995-03-15,2200-01-01
SZ000055,方大集团,1996-04-15,2200-01-01
SZ000056,*ST皇庭,1996-07-08,2200-01-01
SZ000058,深赛格,1996-12-26,2200-01-01
SZ000059,华锦股份,1997-01-30,2200-01-01
SZ000060,中金岭南,1997-01-23,2200-01-01
SZ000061,农产品,1997-01-10,2200-01-01
SZ000062,深圳华强,1997-01-30,2200-01-01
SZ000063,中兴通讯,1997-11-18,2200-01-01
SZ000065,北方国际,1998-06-05,2200-01-01
SZ000066,中国长城,1997-06-26,2200-01-01
SZ000068,华控赛格,1997-06-11,2200-01-01
SZ000069,华侨城A,1997-09-10,2200-01-01
SZ000070,特发信息,2000-05-11,2200-01-01
SZ000078,ST海王,1998-12-18,2200-01-01
SZ000088,盐田港,1997-07-28,2200-01-01
SZ000089,深圳机场,1998-04-20,2200-01-01
SZ000090,天健集团,1999-07-21,2200-01-01
SZ000096,广聚能源,2000-07-24,2200-01-01
SZ000099,中信海直,2000-07-31,2200-01-01
SZ000100,TCL科技,2004-01-30,2200-01-01
SZ000150,*ST宜康,2000-08-07,2023-06-08
SZ000151,中成股份,2000-09-06,2200-01-01
SZ000153,丰原药业,2000-09-20,2200-01-01
SZ000155,川能动力,2000-09-26,2200-01-01
SZ000156,华数传媒,2000-09-06,2200-01-01
SZ000157,中联重科,2000-10-12,2200-01-01
SZ000158,常山北明,2000-07-24,2200-01-01
SZ000159,国际实业,2000-09-26,2200-01-01
SZ000166,申万宏源,2015-01-26,2200-01-01
SZ000301,东方盛虹,2000-05-29,2200-01-01
SZ000333,美的集团,2013-09-18,2200-01-01
SZ000338,潍柴动力,2007-04-30,2200-01-01
SZ000400,许继电气,1997-04-18,2200-01-01
SZ000401,金隅冀东,1996-06-14,2200-01-01
SZ000402,金融街,1996-06-26,2200-01-01
SZ000403,派林生物,1996-06-28,2200-01-01
SZ000404,长虹华意,1996-06-19,2200-01-01
SZ000407,胜利股份,1996-07-03,2200-01-01
SZ000408,藏格矿业,1996-06-28,2200-01-01
SZ000409,云鼎科技,1996-06-27,2200-01-01
SZ000410,沈阳机床,1996-07-18,2200-01-01
SZ000411,英特集团,1996-07-16,2200-01-01
SZ000413,ST旭电,1996-09-25,2024-10-10
SZ000415,渤海租赁,1996-07-16,2200-01-01
SZ000416,*ST民控,1996-07-19,2024-06-03
SZ000417,合百集团,1996-08-12,2200-01-01
SZ000419,通程控股,1996-08-16,2200-01-01
SZ000420,吉林化纤,1996-08-02,2200-01-01
SZ000421,南京公用,1996-08-06,2200-01-01
SZ000422,湖北宜化,1996-08-15,2200-01-01
SZ000423,东阿阿胶,1996-07-29,2200-01-01
SZ000425,徐工机械,1996-08-28,2200-01-01
SZ000426,兴业银锡,1996-08-28,2200-01-01
SZ000428,华天酒店,1996-08-08,2200-01-01
SZ000429,粤高速A,1998-02-20,2200-01-01
SZ000430,张家界,1996-08-29,2200-01-01
SZ000488,ST晨鸣,2000-11-20,2200-01-01
SZ000498,山东路桥,1997-06-09,2200-01-01
SZ000501,武商集团,1992-11-20,2200-01-01
SZ000502,绿景退,1992-11-23,2022-06-27
SZ000503,国新健康,1992-11-30,2200-01-01
SZ000504,南华生物,1992-12-08,2200-01-01
SZ000505,京粮控股,1992-12-21,2200-01-01
SZ000506,招金黄金,1993-03-12,2200-01-01
SZ000507,珠海港,1993-03-26,2200-01-01
SZ000509,华塑控股,1993-05-07,2200-01-01
SZ000510,新金路,1993-05-07,2200-01-01
SZ000513,丽珠集团,1993-10-28,2200-01-01
SZ000514,渝开发,1993-07-12,2200-01-01
SZ000516,国际医学,1993-08-09,2200-01-01
SZ000517,荣安地产,1993-08-06,2200-01-01
SZ000518,四环生物,1993-09-08,2200-01-01
SZ000519,中兵红箭,1993-10-08,2200-01-01
SZ000520,凤凰航运,1993-10-25,2200-01-01
SZ000521,长虹美菱,1993-10-18,2200-01-01
SZ000523,红棉股份,1993-11-08,2200-01-01
SZ000524,岭南控股,1993-11-18,2200-01-01
SZ000525,红太阳,1993-10-28,2200-01-01
SZ000526,学大教育,1993-11-01,2200-01-01
SZ000528,柳工,1993-11-18,2200-01-01
SZ000529,广弘控股,1993-11-18,2200-01-01
SZ000530,冰山冷热,1993-12-08,2200-01-01
SZ000531,穗恒运A,1994-01-06,2200-01-01
SZ000532,华金资本,1994-01-03,2200-01-01
SZ000533,顺钠股份,1994-01-03,2200-01-01
SZ000534,万泽股份,1994-01-10,2200-01-01
SZ000536,华映科技,1993-11-26,2200-01-01
SZ000537,绿发电力,1993-12-10,2200-01-01
SZ000538,云南白药,1993-12-15,2200-01-01
SZ000539,粤电力A,1993-11-26,2200-01-01
SZ000540,*ST中天,1994-02-02,2023-06-29
SZ000541,佛山照明,1993-11-23,2200-01-01
SZ000543,皖能电力,1993-12-20,2200-01-01
SZ000544,中原环保,1993-12-08,2200-01-01
SZ000545,金浦钛业,1993-12-15,2200-01-01
SZ000546,金圆股份,1993-12-15,2200-01-01
SZ000547,航天发展,1993-11-30,2200-01-01
SZ000548,湖南投资,1993-12-20,2200-01-01
SZ000550,江铃汽车,1993-12-01,2200-01-01
SZ000551,创元科技,1994-01-06,2200-01-01
SZ000552,甘肃能化,1994-01-06,2200-01-01
SZ000553,安道麦A,1993-12-03,2200-01-01
SZ000554,泰山石油,1993-12-15,2200-01-01
SZ000555,神州信息,1994-04-08,2200-01-01
SZ000557,西部创业,1994-06-17,2200-01-01
SZ000558,天府文旅,1994-05-09,2200-01-01
SZ000559,万向钱潮,1994-01-10,2200-01-01
SZ000560,我爱我家,1994-02-02,2200-01-01
SZ000561,烽火电子,1994-05-09,2200-01-01
SZ000563,陕国投A,1994-01-10,2200-01-01
SZ000564,供销大集,1994-01-10,2200-01-01
SZ000565,渝三峡A,1994-04-08,2200-01-01
SZ000566,海南海药,1994-05-25,2200-01-01
SZ000567,海德股份,1994-05-25,2200-01-01
SZ000568,泸州老窖,1994-05-09,2200-01-01
SZ000570,苏常柴A,1994-07-01,2200-01-01
SZ000571,新大洲A,1994-05-25,2200-01-01
SZ000572,海马汽车,1994-08-08,2200-01-01
SZ000573,粤宏远A,1994-08-15,2200-01-01
SZ000576,甘化科工,1994-09-07,2200-01-01
SZ000581,威孚高科,1998-09-24,2200-01-01
SZ000582,北部湾港,1995-11-02,2200-01-01
SZ000584,工智退,1995-11-28,2025-07-10
SZ000585,东电退,1995-12-13,2022-05-23
SZ000586,汇源通信,1995-12-20,2200-01-01
SZ000587,*ST金洲,1996-04-25,2023-03-31
SZ000589,贵州轮胎,1996-03-08,2200-01-01
SZ000590,古汉医药,1996-01-19,2200-01-01
SZ000591,太阳能,1996-02-08,2200-01-01
SZ000592,平潭发展,1996-03-27,2200-01-01
SZ000593,德龙汇能,1996-03-12,2200-01-01
SZ000595,新能股份,1996-04-19,2200-01-01
SZ000596,古井贡酒,1996-09-27,2200-01-01
SZ000597,东北制药,1996-05-23,2200-01-01
SZ000598,兴蓉环境,1996-05-29,2200-01-01
SZ000599,青岛双星,1996-04-30,2200-01-01
SZ000600,建投能源,1996-06-06,2200-01-01
SZ000601,韶能股份,1996-08-30,2200-01-01
SZ000603,盛达资源,1996-08-23,2200-01-01
SZ000605,渤海股份,1996-09-13,2200-01-01
SZ000606,顺利退,1996-10-04,2023-07-05
SZ000607,华媒控股,1996-08-30,2200-01-01
SZ000608,阳光股份,1996-09-19,2200-01-01
SZ000609,*ST中迪,1996-10-10,2200-01-01
SZ000610,*ST西旅,1996-09-26,2200-01-01
SZ000611,天首退,1996-10-08,2022-06-27
SZ000612,焦作万方,1996-09-26,2200-01-01
SZ000613,东海A退,1997-01-28,2022-06-28
SZ000615,*ST美谷,1996-10-16,2200-01-01
SZ000616,*ST海投,1996-11-08,2023-08-22
SZ000617,中油资本,1996-10-22,2200-01-01
SZ000619,海螺新材,1996-10-23,2200-01-01
SZ000620,盈新发展,1996-10-29,2200-01-01
SZ000622,恒立退,1996-11-07,2025-07-15
SZ000623,吉林敖东,1996-10-28,2200-01-01
SZ000625,长安汽车,1997-06-10,2200-01-01
SZ000626,远大控股,1996-11-28,2200-01-01
SZ000627,*ST天茂,1996-11-12,2025-09-29
SZ000628,高新发展,1996-11-18,2200-01-01
SZ000629,钒钛股份,1996-11-15,2200-01-01
SZ000630,铜陵有色,1996-11-20,2200-01-01
SZ000631,顺发恒能,1996-11-22,2200-01-01
SZ000632,ST三木,1996-11-21,2200-01-01
SZ000633,合金投资,1996-11-12,2200-01-01
SZ000635,英力特,1996-11-20,2200-01-01
SZ000636,风华高科,1996-11-29,2200-01-01
SZ000637,茂化实华,1996-11-14,2200-01-01
SZ000638,*ST万方,1996-11-26,2026-06-02
SZ000639,ST西王,1996-11-26,2200-01-01
SZ000650,仁和药业,1996-12-10,2200-01-01
SZ000651,格力电器,1996-11-18,2200-01-01
SZ000652,泰达股份,1996-11-28,2200-01-01
SZ000655,金岭矿业,1996-11-28,2200-01-01
SZ000656,金科股份,1996-11-28,2200-01-01
SZ000657,中钨高新,1996-12-05,2200-01-01
SZ000659,珠海中富,1996-12-03,2200-01-01
SZ000661,长春高新,1996-12-18,2200-01-01
SZ000662,天夏退,1996-12-16,2021-04-09
SZ000663,永安林业,1996-12-06,2200-01-01
SZ000665,湖北广电,1996-12-10,2200-01-01
SZ000666,经纬纺机,1996-12-10,2023-10-25
SZ000667,ST美置,1996-12-05,2023-07-13
SZ000668,荣丰控股,1996-12-10,2200-01-01
SZ000669,ST金鸿,1996-12-10,2200-01-01
SZ000670,盈方微,1996-12-17,2200-01-01
SZ000671,ST阳光城,1996-12-18,2023-08-15
SZ000672,上峰材料,1996-12-18,2200-01-01
SZ000673,当代退,1997-01-24,2022-07-01
SZ000676,智度股份,1996-12-24,2200-01-01
SZ000677,ST海龙,1996-12-26,2200-01-01
SZ000678,襄阳轴承,1997-01-06,2200-01-01
SZ000679,大连友谊,1997-01-24,2200-01-01
SZ000680,山推股份,1997-01-22,2200-01-01
SZ000681,视觉中国,1997-01-21,2200-01-01
SZ000682,东方电子,1997-01-21,2200-01-01
SZ000683,博源化工,1997-01-31,2200-01-01
SZ000685,中山公用,1997-01-23,2200-01-01
SZ000686,东北证券,1997-02-27,2200-01-01
SZ000687,华讯退,1997-02-21,2022-06-16
SZ000688,国城矿业,1997-01-20,2200-01-01
SZ000690,宝新能源,1997-01-28,2200-01-01
SZ000691,亚太实业,1997-02-28,2200-01-01
SZ000692,惠天热电,1997-02-27,2200-01-01
SZ000695,滨海能源,1997-02-18,2200-01-01
SZ000697,炼石航空,1997-03-25,2200-01-01
SZ000698,ST沈化,1997-02-20,2200-01-01
SZ000700,模塑科技,1997-02-28,2200-01-01
SZ000701,厦门信达,1997-02-26,2200-01-01
SZ000702,正虹科技,1997-03-18,2200-01-01
SZ000703,恒逸石化,1997-03-28,2200-01-01
SZ000705,浙江震元,1997-04-10,2200-01-01
SZ000707,双环科技,1997-04-15,2200-01-01
SZ000708,中信特钢,1997-03-26,2200-01-01
SZ000709,河钢股份,1997-04-16,2200-01-01
SZ000710,贝瑞基因,1997-04-22,2200-01-01
SZ000711,京蓝科技,1997-04-11,2200-01-01
SZ000712,锦龙股份,1997-04-15,2200-01-01
SZ000713,国投丰乐,1997-04-22,2200-01-01
SZ000715,中兴商业,1997-05-08,2200-01-01
SZ000716,黑芝麻,1997-04-18,2200-01-01
SZ000717,中南股份,1997-05-08,2200-01-01
SZ000718,苏宁环球,1997-04-08,2200-01-01
SZ000719,中原传媒,1997-03-31,2200-01-01
SZ000720,新能泰山,1997-05-09,2200-01-01
SZ000721,西安饮食,1997-04-30,2200-01-01
SZ000722,湖南发展,1997-05-22,2200-01-01
SZ000723,美锦能源,1997-05-15,2200-01-01
SZ000725,京东方A,2001-01-12,2200-01-01
SZ000726,鲁泰A,2000-12-25,2200-01-01
SZ000727,冠捷科技,1997-05-20,2200-01-01
SZ000728,国元证券,1997-06-16,2200-01-01
SZ000729,燕京啤酒,1997-07-16,2200-01-01
SZ000731,四川美丰,1997-06-17,2200-01-01
SZ000732,ST泰禾,1997-07-04,2023-08-03
SZ000733,振华科技,1997-07-03,2200-01-01
SZ000735,罗牛山,1997-06-11,2200-01-01
SZ000736,中交发展,1997-04-25,2200-01-01
SZ000737,北方铜业,1997-04-28,2200-01-01
SZ000738,航发控制,1997-06-26,2200-01-01
SZ000739,普洛药业,1997-05-09,2200-01-01
SZ000750,国海证券,1997-07-09,2200-01-01
SZ000751,锌业股份,1997-06-26,2200-01-01
SZ000752,*ST西发,1997-06-25,2200-01-01
SZ000753,漳州发展,1997-06-26,2200-01-01
SZ000755,山西高速,1997-06-27,2200-01-01
SZ000756,新华制药,1997-08-06,2200-01-01
SZ000757,浩物股份,1997-06-27,2200-01-01
SZ000758,中色股份,1997-04-16,2200-01-01
SZ000759,中百集团,1997-05-19,2200-01-01
SZ000760,斯太退,1997-06-27,2021-07-22
SZ000761,本钢板材,1998-01-15,2200-01-01
SZ000762,西藏矿业,1997-07-08,2200-01-01
SZ000766,通化金马,1997-04-30,2200-01-01
SZ000767,晋控电力,1997-06-09,2200-01-01
SZ000768,中航西飞,1997-06-26,2200-01-01
SZ000776,广发证券,1997-06-11,2200-01-01
SZ000777,中核科技,1997-07-10,2200-01-01
SZ000778,新兴铸管,1997-06-06,2200-01-01
SZ000779,甘咨询,1997-05-28,2200-01-01
SZ000780,ST平能,1997-06-06,2022-01-21
SZ000782,恒申新材,1997-06-19,2200-01-01
SZ000783,长江证券,1997-07-31,2200-01-01
SZ000785,居然智家,1997-07-11,2200-01-01
SZ000786,北新建材,1997-06-06,2200-01-01
SZ000788,北大医药,1997-06-16,2200-01-01
SZ000789,万年青,1997-09-23,2200-01-01
SZ000790,华神科技,1998-03-27,2200-01-01
SZ000791,甘肃能源,1997-10-14,2200-01-01
SZ000792,盐湖股份,1997-09-04,2200-01-01
SZ000793,ST华闻,1997-07-29,2200-01-01
SZ000795,英洛华,1997-08-08,2200-01-01
SZ000796,凯撒旅业,1997-07-03,2200-01-01
SZ000797,中国武夷,1997-07-15,2200-01-01
SZ000798,中水渔业,1998-02-12,2200-01-01
SZ000799,酒鬼酒,1997-07-18,2200-01-01
SZ000800,一汽解放,1997-06-18,2200-01-01
SZ000801,四川九洲,1998-05-06,2200-01-01
SZ000802,北京文化,1998-01-08,2200-01-01
SZ000803,山高环能,1998-03-03,2200-01-01
SZ000806,银河退,1998-04-16,2023-07-05
SZ000807,云铝股份,1998-04-08,2200-01-01
SZ000809,和展能源,1998-06-16,2200-01-01
SZ000810,创维数字,1998-06-02,2200-01-01
SZ000811,冰轮环境,1998-05-28,2200-01-01
SZ000812,陕西金叶,1998-06-23,2200-01-01
SZ000813,德展健康,1998-05-19,2200-01-01
SZ000815,美利云,1998-06-09,2200-01-01
SZ000816,智慧农业,1997-08-18,2200-01-01
SZ000818,航锦科技,1997-10-17,2200-01-01
SZ000819,岳阳兴长,1997-06-25,2200-01-01
SZ000820,神雾节能,1998-06-30,2200-01-01
SZ000821,ST京机,1998-06-26,2200-01-01
SZ000822,山东海化,1998-07-03,2200-01-01
SZ000823,超声电子,1997-10-08,2200-01-01
SZ000825,太钢不锈,1998-10-21,2200-01-01
SZ000826,*ST启环,1998-02-25,2200-01-01
SZ000828,东莞控股,1997-06-17,2200-01-01
SZ000829,天音控股,1997-12-02,2200-01-01
SZ000830,鲁西化工,1998-08-07,2200-01-01
SZ000831,中国稀土,1998-09-11,2200-01-01
SZ000833,粤桂股份,1998-11-11,2200-01-01
SZ000835,长动退,1999-06-25,2022-05-20
SZ000836,ST富通,1997-09-29,2024-08-09
SZ000837,秦川机床,1998-09-28,2200-01-01
SZ000838,*ST发展,1997-06-26,2200-01-01
SZ000839,国安股份,1997-10-31,2200-01-01
SZ000848,承德露露,1997-11-13,2200-01-01
SZ000850,华茂股份,1998-10-07,2200-01-01
SZ000851,*ST高鸿,1998-06-09,2025-11-10
SZ000852,石化机械,1998-11-26,2200-01-01
SZ000856,冀东装备,1998-08-13,2200-01-01
SZ000858,五粮液,1998-04-27,2200-01-01
SZ000859,国风新材,1998-11-19,2200-01-01
SZ000860,顺鑫农业,1998-11-04,2200-01-01
SZ000861,海印股份,1998-10-28,2024-09-13
SZ000862,银星能源,1998-09-15,2200-01-01
SZ000863,三湘印象,1997-09-25,2200-01-01
SZ000868,安凯客车,1997-07-25,2200-01-01
SZ000869,张裕A,2000-10-26,2200-01-01
SZ000875,电投绿能,2002-09-26,2200-01-01
SZ000876,新希望,1998-03-11,2200-01-01
SZ000877,天山股份,1999-01-07,2200-01-01
SZ000878,云南铜业,1998-06-02,2200-01-01
SZ000880,潍柴重机,1998-04-02,2200-01-01
SZ000881,中广核技,1998-09-02,2200-01-01
SZ000882,华联股份,1998-06-16,2200-01-01
SZ000883,湖北能源,1998-05-19,2200-01-01
SZ000885,城发环境,1999-03-19,2200-01-01
SZ000886,海南高速,1998-01-23,2200-01-01
SZ000887,中鼎股份,1998-12-03,2200-01-01
SZ000888,峨眉山A,1997-10-21,2200-01-01
SZ000889,中嘉博创,1997-12-18,2200-01-01
SZ000890,法尔胜,1999-01-19,2200-01-01
SZ000892,欢瑞世纪,1999-01-15,2200-01-01
SZ000893,亚钾国际,1998-12-24,2200-01-01
SZ000895,双汇发展,1998-12-10,2200-01-01
SZ000897,津滨发展,1999-04-22,2200-01-01
SZ000898,鞍钢股份,1997-12-25,2200-01-01
SZ000899,赣能股份,1997-11-26,2200-01-01
SZ000900,现代投资,1999-01-28,2200-01-01
SZ000901,航天科技,1999-04-01,2200-01-01
SZ000902,新洋丰,1999-04-08,2200-01-01
SZ000903,ST云动,1999-04-15,2200-01-01
SZ000905,厦门港务,1999-04-29,2200-01-01
SZ000906,浙商中拓,1999-07-07,2200-01-01
SZ000908,石药景峰,1999-02-03,2200-01-01
SZ000909,*ST数源,1999-05-07,2200-01-01
SZ000910,大亚圣象,1999-06-30,2200-01-01
SZ000911,*ST广糖,1999-05-27,2200-01-01
SZ000912,泸天化,1999-06-03,2200-01-01
SZ000913,钱江摩托,1999-05-14,2200-01-01
SZ000915,华特达因,1999-06-09,2200-01-01
SZ000917,电广传媒,1999-03-25,2200-01-01
SZ000918,*ST嘉凯,1999-07-20,2023-07-27
SZ000919,金陵药业,1999-11-18,2200-01-01
SZ000920,沃顿科技,1999-06-16,2200-01-01
SZ000921,海信家电,1999-07-13,2200-01-01
SZ000922,佳电股份,1999-06-18,2200-01-01
SZ000923,河钢资源,1999-07-14,2200-01-01
SZ000925,众合科技,1999-06-11,2200-01-01
SZ000926,福星股份,1999-06-18,2200-01-01
SZ000927,中国铁物,1999-07-27,2200-01-01
SZ000928,中钢国际,1999-03-12,2200-01-01
SZ000929,兰州黄河,1999-06-23,2200-01-01
SZ000930,中粮科技,1999-07-12,2200-01-01
SZ000931,中关村,1999-07-12,2200-01-01
SZ000932,华菱钢铁,1999-08-03,2200-01-01
SZ000933,神火股份,1999-08-31,2200-01-01
SZ000935,四川双马,1999-08-24,2200-01-01
SZ000936,华西股份,1999-08-10,2200-01-01
SZ000937,冀中能源,1999-09-09,2200-01-01
SZ000938,紫光股份,1999-11-04,2200-01-01
SZ000948,南天信息,1999-10-14,2200-01-01
SZ000949,新乡化纤,1999-10-21,2200-01-01
SZ000950,重药控股,1999-09-16,2200-01-01
SZ000951,中国重汽,1999-11-25,2200-01-01
SZ000952,广济药业,1999-11-12,2200-01-01
SZ000953,中哲精化,1999-12-02,2200-01-01
SZ000955,欣龙控股,1999-12-09,2200-01-01
SZ000957,中通客车,2000-01-13,2200-01-01
SZ000958,电投产融,1999-12-23,2200-01-01
SZ000959,首钢股份,1999-12-16,2200-01-01
SZ000960,锡业股份,2000-02-21,2200-01-01
SZ000961,ST中南,2000-03-01,2024-07-09
SZ000962,东方钽业,2000-01-20,2200-01-01
SZ000963,华东医药,2000-01-27,2200-01-01
SZ000965,天保基建,2000-04-06,2200-01-01
SZ000966,长源电力,2000-03-16,2200-01-01
SZ000967,盈峰环境,2000-03-30,2200-01-01
SZ000968,蓝焰控股,2000-06-22,2200-01-01
SZ000969,安泰科技,2000-05-29,2200-01-01
SZ000970,中科三环,2000-04-20,2200-01-01
SZ000971,*ST高升,2000-04-27,2024-07-23
SZ000972,中基健康,2000-09-26,2200-01-01
SZ000973,佛塑科技,2000-05-25,2200-01-01
SZ000975,山金国际,2000-06-08,2200-01-01
SZ000976,*ST华铁,2000-06-01,2024-08-26
SZ000977,浪潮信息,2000-06-08,2200-01-01
SZ000978,桂林旅游,2000-05-18,2200-01-01
SZ000980,众泰汽车,2000-06-16,2200-01-01
SZ000981,山子高科,2000-06-22,2200-01-01
SZ000982,中银绒业,2000-07-06,2024-08-09
SZ000983,山西焦煤,2000-07-26,2200-01-01
SZ000985,大庆华科,2000-07-26,2200-01-01
SZ000987,越秀资本,2000-07-18,2200-01-01
SZ000988,华工科技,2000-06-08,2200-01-01
SZ000989,九芝堂,2000-06-28,2200-01-01
SZ000990,诚志股份,2000-07-06,2200-01-01
SZ000993,闽东电力,2000-07-31,2200-01-01
SZ000995,皇台酒业,2000-08-07,2200-01-01
SZ000996,中期退,2000-07-18,2024-06-27
SZ000997,新大陆,2000-08-07,2200-01-01
SZ000998,隆平高科,2000-12-11,2200-01-01
SZ000999,华润三九,2000-03-09,2200-01-01
SZ001201,东瑞股份,2021-04-28,2200-01-01
SZ001202,炬申股份,2021-04-29,2200-01-01
SZ001203,大中矿业,2021-05-10,2200-01-01
SZ001205,盛航股份,2021-05-13,2200-01-01
SZ001206,依依股份,2021-05-18,2200-01-01
SZ001207,联科科技,2021-06-23,2200-01-01
SZ001208,华菱线缆,2021-06-24,2200-01-01
SZ001209,洪兴股份,2021-07-23,2200-01-01
SZ001210,金房能源,2021-07-29,2200-01-01
SZ001211,双枪科技,2021-08-05,2200-01-01
SZ001212,中旗新材,2021-08-23,2200-01-01
SZ001213,中铁特货,2021-09-08,2200-01-01
SZ001215,千味央厨,2021-09-06,2200-01-01
SZ001216,华瓷股份,2021-10-19,2200-01-01
SZ001217,华尔泰,2021-09-29,2200-01-01
SZ001218,丽臣实业,2021-10-15,2200-01-01
SZ001219,青岛食品,2021-10-21,2200-01-01
SZ001220,世盟股份,2026-02-03,2200-01-01
SZ001221,悍高集团,2025-07-30,2200-01-01
SZ001222,源飞宠物,2022-08-18,2200-01-01
SZ001223,欧克科技,2022-12-12,2200-01-01
SZ001225,和泰机电,2023-02-22,2200-01-01
SZ001226,拓山重工,2022-06-22,2200-01-01
SZ001227,兰州银行,2022-01-17,2200-01-01
SZ001228,永泰运,2022-04-29,2200-01-01
SZ001229,魅视科技,2022-08-08,2200-01-01
SZ001230,劲旅环境,2022-07-15,2200-01-01
SZ001231,农心科技,2022-08-19,2200-01-01
SZ001232,嘉立创,2026-08-04,2200-01-01
SZ001233,海安集团,2025-11-25,2200-01-01
SZ001234,泰慕士,2022-01-11,2200-01-01
SZ001236,弘业期货,2022-08-05,2200-01-01
SZ001237,惠康科技,2026-05-22,2200-01-01
SZ001238,浙江正特,2022-09-19,2200-01-01
SZ001239,永达股份,2023-12-12,2200-01-01
SZ001248,华润新能源,2026-07-02,2200-01-01
SZ001255,博菲电气,2022-09-30,2200-01-01
SZ001256,炜冈科技,2022-12-05,2200-01-01
SZ001257,盛龙股份,2026-03-31,2200-01-01
SZ001258,立新能源,2022-07-27,2200-01-01
SZ001259,利仁科技,2022-08-31,2200-01-01
SZ001260,坤泰股份,2023-02-16,2200-01-01
SZ001266,宏英智能,2022-02-28,2200-01-01
SZ001267,汇绿生态,2021-11-17,2200-01-01
SZ001268,联合精密,2022-06-30,2200-01-01
SZ001269,欧晶科技,2022-09-30,2200-01-01
SZ001270,铖昌科技,2022-06-06,2200-01-01
SZ001277,速达股份,2024-09-03,2200-01-01
SZ001278,一彬科技,2023-03-08,2200-01-01
SZ001279,强邦新材,2024-10-11,2200-01-01
SZ001280,中国铀业,2025-12-03,2200-01-01
SZ001282,三联锻造,2023-05-24,2200-01-01
SZ001283,豪鹏科技,2022-09-05,2200-01-01
SZ001285,瑞立科密,2025-09-30,2200-01-01
SZ001286,陕西能源,2023-04-10,2200-01-01
SZ001287,中电港,2023-04-10,2200-01-01
SZ001288,运机集团,2021-11-01,2200-01-01
SZ001289,龙源电力,2022-01-24,2200-01-01
SZ001296,长江材料,2021-12-24,2200-01-01
SZ001298,好上好,2022-10-31,2200-01-01
SZ001299,美能能源,2022-10-31,2200-01-01
SZ001300,三柏硕,2022-10-19,2200-01-01
SZ001301,尚太科技,2022-12-28,2200-01-01
SZ001306,夏厦精密,2023-11-16,2200-01-01
SZ001308,康冠科技,2022-03-18,2200-01-01
SZ001309,德明利,2022-07-01,2200-01-01
SZ001311,多利科技,2023-02-27,2200-01-01
SZ001312,福恩股份,2026-04-21,2200-01-01
SZ001313,粤海饲料,2022-02-16,2200-01-01
SZ001314,亿道信息,2023-02-14,2200-01-01
SZ001316,润贝航科,2022-06-24,2200-01-01
SZ001317,三羊马,2021-11-30,2200-01-01
SZ001318,阳光乳业,2022-05-20,2200-01-01
SZ001319,铭科精技,2022-05-12,2200-01-01
SZ001322,箭牌家居,2022-10-26,2200-01-01
SZ001323,慕思股份,2022-06-23,2200-01-01
SZ001324,长青科技,2023-05-22,2200-01-01
SZ001325,元创股份,2025-12-18,2200-01-01
SZ001326,联域股份,2023-11-09,2200-01-01
SZ001328,登康口腔,2023-04-10,2200-01-01
SZ001330,博纳影业,2022-08-18,2200-01-01
SZ001331,胜通能源,2022-09-08,2200-01-01
SZ001332,锡装股份,2022-09-20,2200-01-01
SZ001333,光华股份,2022-12-08,2200-01-01
SZ001335,信凯科技,2025-04-15,2200-01-01
SZ001336,楚环科技,2022-07-25,2200-01-01
SZ001337,四川黄金,2023-03-03,2200-01-01
SZ001338,永顺泰,2022-11-16,2200-01-01
SZ001339,智微智能,2022-08-15,2200-01-01
SZ001356,富岭股份,2025-01-23,2200-01-01
SZ001358,兴欣新材,2023-12-21,2200-01-01
SZ001359,平安电工,2024-03-28,2200-01-01
SZ001360,南矿集团,2023-04-10,2200-01-01
SZ001365,天海电子,2026-05-18,2200-01-01
SZ001366,播恩集团,2023-03-07,2200-01-01
SZ001367,海森药业,2023-04-10,2200-01-01
SZ001368,通达创智,2023-03-13,2200-01-01
SZ001369,双欣材料,2025-12-30,2200-01-01
SZ001373,翔腾新材,2023-06-01,2200-01-01
SZ001376,百通能源,2023-11-03,2200-01-01
SZ001378,德冠新材,2023-10-30,2200-01-01
SZ001379,腾达科技,2024-01-19,2200-01-01
SZ001380,华纬科技,2023-05-16,2200-01-01
SZ001382,新亚电缆,2025-03-21,2200-01-01
SZ001386,马可波罗,2025-10-22,2200-01-01
SZ001387,雪祺电气,2024-01-11,2200-01-01
SZ001388,信通电子,2025-07-01,2200-01-01
SZ001389,广合科技,2024-04-02,2200-01-01
SZ001390,古麒绒材,2025-05-29,2200-01-01
SZ001391,国货航,2024-12-30,2200-01-01
SZ001393,维通利,2026-05-15,2200-01-01
SZ001395,亚联机械,2025-01-27,2200-01-01
SZ001396,誉帆科技,2025-12-30,2200-01-01
SZ001399,惠科股份,2026-06-26,2200-01-01
SZ001400,江顺科技,2025-04-24,2200-01-01
SZ001696,宗申动力,1997-03-06,2200-01-01
SZ001872,招商港口,1993-05-05,2200-01-01
SZ001896,豫能控股,1998-01-22,2200-01-01
SZ001914,招商积余,1994-09-28,2200-01-01
SZ001965,招商公路,2017-12-25,2200-01-01
SZ001979,招商蛇口,2015-12-30,2200-01-01
SZ002001,新和成,2004-06-25,2200-01-01
SZ002002,ST鸿达,2004-06-25,2024-03-15
SZ002003,伟星股份,2004-06-25,2200-01-01
SZ002004,华邦健康,2004-06-25,2200-01-01
SZ002005,德豪润达,2004-06-25,2200-01-01
SZ002006,精工科技,2004-06-25,2200-01-01
SZ002007,华兰生物,2004-06-25,2200-01-01
SZ002008,大族激光,2004-06-25,2200-01-01
SZ002009,天奇股份,2004-06-29,2200-01-01
SZ002010,传化智联,2004-06-29,2200-01-01
SZ002011,盾安环境,2004-07-05,2200-01-01
SZ002012,凯恩股份,2004-07-05,2200-01-01
SZ002013,中航机电,2004-07-05,2023-03-16
SZ002014,永新股份,2004-07-08,2200-01-01
SZ002015,协鑫能科,2004-07-08,2200-01-01
SZ002016,世荣兆业,2004-07-08,2200-01-01
SZ002017,东信和平,2004-07-13,2200-01-01
SZ002019,亿帆医药,2004-07-13,2200-01-01
SZ002020,京新药业,2004-07-15,2200-01-01
SZ002021,中捷资源,2004-07-15,2200-01-01
SZ002022,科华生物,2004-07-21,2200-01-01
SZ002023,海特高新,2004-07-21,2200-01-01
SZ002024,ST易购,2004-07-21,2200-01-01
SZ002025,航天电器,2004-07-26,2200-01-01
SZ002026,山东威达,2004-07-27,2200-01-01
SZ002027,分众传媒,2004-08-04,2200-01-01
SZ002028,思源电气,2004-08-05,2200-01-01
SZ002029,七匹狼,2004-08-06,2200-01-01
SZ002030,达安基因,2004-08-09,2200-01-01
SZ002031,巨轮智能,2004-08-16,2200-01-01
SZ002032,苏泊尔,2004-08-17,2200-01-01
SZ002033,丽江股份,2004-08-25,2200-01-01
SZ002034,旺能环境,2004-08-26,2200-01-01
SZ002035,华帝股份,2004-09-01,2200-01-01
SZ002036,联创电子,2004-09-03,2200-01-01
SZ002037,保利联合,2004-09-08,2200-01-01
SZ002038,双鹭药业,2004-09-09,2200-01-01
SZ002039,黔源电力,2005-03-03,2200-01-01
SZ002040,南京港,2005-03-25,2200-01-01
SZ002041,登海种业,2005-04-18,2200-01-01
SZ002042,华孚时尚,2005-04-27,2200-01-01
SZ002043,兔宝宝,2005-05-10,2200-01-01
SZ002044,美年健康,2005-05-18,2200-01-01
SZ002045,国光电器,2005-05-23,2200-01-01
SZ002046,国机精工,2005-05-26,2200-01-01
SZ002047,宝鹰股份,2005-05-31,2200-01-01
SZ002048,宁波华翔,2005-06-03,2200-01-01
SZ002049,紫光国微,2005-06-06,2200-01-01
SZ002050,三花智控,2005-06-07,2200-01-01
SZ002051,中工国际,2006-06-19,2200-01-01
SZ002052,同洲电子,2006-06-27,2200-01-01
SZ002053,云南能投,2006-06-27,2200-01-01
SZ002054,德美化工,2006-07-25,2200-01-01
SZ002055,ST得润,2006-07-25,2200-01-01
SZ002056,横店东磁,2006-08-02,2200-01-01
SZ002057,中钢天源,2006-08-02,2200-01-01
SZ002058,紫竹高科,2006-08-02,2200-01-01
SZ002059,云南旅游,2006-08-10,2200-01-01
SZ002060,广东建工,2006-08-10,2200-01-01
SZ002061,浙江交科,2006-08-16,2200-01-01
SZ002062,宏润建设,2006-08-16,2200-01-01
SZ002063,远光软件,2006-08-23,2200-01-01
SZ002064,华峰化学,2006-08-23,2200-01-01
SZ002065,东华软件,2006-08-23,2200-01-01
SZ002066,瑞泰科技,2006-08-23,2200-01-01
SZ002067,景兴纸业,2006-09-15,2200-01-01
SZ002068,黑猫股份,2006-09-15,2200-01-01
SZ002069,獐子岛,2006-09-28,2200-01-01
SZ002071,长城退,2006-10-12,2021-05-06
SZ002072,凯瑞德,2006-10-18,2200-01-01
SZ002073,软控股份,2006-10-18,2200-01-01
SZ002074,国轩高科,2006-10-18,2200-01-01
SZ002075,沙钢股份,2006-10-25,2200-01-01
SZ002076,星光股份,2006-10-25,2200-01-01
SZ002077,大港股份,2006-11-16,2200-01-01
SZ002078,太阳纸业,2006-11-16,2200-01-01
SZ002079,苏州固锝,2006-11-16,2200-01-01
SZ002080,中材科技,2006-11-20,2200-01-01
SZ002081,金螳螂,2006-11-20,2200-01-01
SZ002082,ST万邦,2006-11-20,2200-01-01
SZ002083,孚日股份,2006-11-24,2200-01-01
SZ002084,海鸥住工,2006-11-24,2200-01-01
SZ002085,万丰奥威,2006-11-28,2200-01-01
SZ002086,东方海洋,2006-11-28,2200-01-01
SZ002087,新纺退,2006-11-30,2024-06-27
SZ002088,鲁阳节能,2006-11-30,2200-01-01
SZ002089,新海退,2006-11-30,2024-04-17
SZ002090,金智科技,2006-12-08,2200-01-01
SZ002091,江苏国泰,2006-12-08,2200-01-01
SZ002092,中泰化学,2006-12-08,2200-01-01
SZ002093,国脉科技,2006-12-15,2200-01-01
SZ002094,青岛金王,2006-12-15,2200-01-01
SZ002095,生意宝,2006-12-15,2200-01-01
SZ002096,易普力,2006-12-22,2200-01-01
SZ002097,山河智能,2006-12-22,2200-01-01
SZ002098,浔兴股份,2006-12-22,2200-01-01
SZ002099,海翔药业,2006-12-26,2200-01-01
SZ002100,天康生物,2006-12-26,2200-01-01
SZ002101,广东鸿图,2006-12-29,2200-01-01
SZ002102,ST能特,2006-12-29,2200-01-01
SZ002103,广博股份,2007-01-10,2200-01-01
SZ002104,恒宝股份,2007-01-10,2200-01-01
SZ002105,信隆健康,2007-01-12,2200-01-01
SZ002106,莱宝高科,2007-01-12,2200-01-01
SZ002107,沃华医药,2007-01-24,2200-01-01
SZ002108,沧州明珠,2007-01-24,2200-01-01
SZ002109,ST兴化,2007-01-26,2200-01-01
SZ002110,三钢闽光,2007-01-26,2200-01-01
SZ002111,威海广泰,2007-01-26,2200-01-01
SZ002112,三变科技,2007-02-08,2200-01-01
SZ002113,*ST天润,2007-02-08,2023-08-10
SZ002114,罗平锌电,2007-02-15,2200-01-01
SZ002115,三维通信,2007-02-15,2200-01-01
SZ002116,中国海诚,2007-02-15,2200-01-01
SZ002117,东港股份,2007-03-02,2200-01-01
SZ002118,*ST紫鑫,2007-03-02,2023-07-31
SZ002119,康强电子,2007-03-02,2200-01-01
SZ002120,韵达股份,2007-03-06,2200-01-01
SZ002121,科陆电子,2007-03-06,2200-01-01
SZ002122,ST汇洲,2007-03-28,2200-01-01
SZ002123,梦网科技,2007-03-28,2200-01-01
SZ002124,天邦食品,2007-04-03,2200-01-01
SZ002125,湘潭电化,2007-04-03,2200-01-01
SZ002126,银轮股份,2007-04-18,2200-01-01
SZ002127,南极电商,2007-04-18,2200-01-01
SZ002128,电投能源,2007-04-18,2200-01-01
SZ002129,TCL中环,2007-04-20,2200-01-01
SZ002130,沃尔核材,2007-04-20,2200-01-01
SZ002131,利欧股份,2007-04-27,2200-01-01
SZ002132,恒星科技,2007-04-27,2200-01-01
SZ002133,广宇集团,2007-04-27,2200-01-01
SZ002134,天津普林,2007-05-16,2200-01-01
SZ002135,东南网架,2007-05-30,2200-01-01
SZ002136,安纳达,2007-05-30,2200-01-01
SZ002137,实益达,2007-06-13,2200-01-01
SZ002138,顺络电子,2007-06-13,2200-01-01
SZ002139,拓邦股份,2007-06-29,2200-01-01
SZ002140,东华科技,2007-07-12,2200-01-01
SZ002141,贤丰控股,2007-07-20,2200-01-01
SZ002142,宁波银行,2007-07-19,2200-01-01
SZ002144,宏达高科,2007-08-03,2200-01-01
SZ002145,钛能化学,2007-08-03,2200-01-01
SZ002146,荣盛发展,2007-08-08,2200-01-01
SZ002147,新光退,2007-08-08,2022-06-22
SZ002148,北纬科技,2007-08-10,2200-01-01
SZ002149,西部材料,2007-08-10,2200-01-01
SZ002150,正泰电源,2007-08-10,2200-01-01
SZ002151,北斗星通,2007-08-13,2200-01-01
SZ002152,广电运通,2007-08-13,2200-01-01
SZ002153,石基信息,2007-08-13,2200-01-01
SZ002154,报喜鸟,2007-08-16,2200-01-01
SZ002155,湖南黄金,2007-08-16,2200-01-01
SZ002156,通富微电,2007-08-16,2200-01-01
SZ002157,正邦科技,2007-08-17,2200-01-01
SZ002158,汉钟精机,2007-08-17,2200-01-01
SZ002159,三特索道,2007-08-17,2200-01-01
SZ002160,常铝股份,2007-08-21,2200-01-01
SZ002161,远望谷,2007-08-21,2200-01-01
SZ002162,悦心健康,2007-08-23,2200-01-01
SZ002163,海南发展,2007-08-23,2200-01-01
SZ002164,宁波东力,2007-08-23,2200-01-01
SZ002165,红宝丽,2007-09-13,2200-01-01
SZ002166,莱茵生物,2007-09-13,2200-01-01
SZ002167,东方锆业,2007-09-13,2200-01-01
SZ002168,ST惠程,2007-09-19,2200-01-01
SZ002169,智光电气,2007-09-19,2200-01-01
SZ002170,芭田股份,2007-09-19,2200-01-01
SZ002171,楚江新材,2007-09-21,2200-01-01
SZ002172,澳洋健康,2007-09-21,2200-01-01
SZ002173,创新医疗,2007-09-25,2200-01-01
SZ002174,游族网络,2007-09-25,2200-01-01
SZ002175,*ST东智,2007-10-12,2200-01-01
SZ002176,江特电机,2007-10-12,2200-01-01
SZ002177,御银股份,2007-11-01,2200-01-01
SZ002178,延华智能,2007-11-01,2200-01-01
SZ002179,中航光电,2007-11-01,2200-01-01
SZ002180,奔图科技,2007-11-13,2200-01-01
SZ002181,粤传媒,2007-11-16,2200-01-01
SZ002182,宝武镁业,2007-11-13,2200-01-01
SZ002183,怡亚通,2007-11-13,2200-01-01
SZ002184,海得控制,2007-11-16,2200-01-01
SZ002185,华天科技,2007-11-20,2200-01-01
SZ002186,全聚德,2007-11-20,2200-01-01
SZ002187,广百股份,2007-11-22,2200-01-01
SZ002188,中天服务,2007-11-22,2200-01-01
SZ002189,中光学,2007-12-03,2200-01-01
SZ002190,成飞集成,2007-12-03,2200-01-01
SZ002191,劲嘉股份,2007-12-05,2200-01-01
SZ002192,融捷股份,2007-12-05,2200-01-01
SZ002193,ST如意,2007-12-07,2200-01-01
SZ002194,武汉凡谷,2007-12-07,2200-01-01
SZ002195,岩山科技,2007-12-12,2200-01-01
SZ002196,方正电机,2007-12-12,2200-01-01
SZ002197,证通电子,2007-12-18,2200-01-01
SZ002198,ST嘉应,2007-12-18,2200-01-01
SZ002199,东晶电子,2007-12-21,2200-01-01
SZ002200,交投生态,2007-12-21,2200-01-01
SZ002201,九鼎新材,2007-12-26,2200-01-01
SZ002202,金风科技,2007-12-26,2200-01-01
SZ002203,海亮股份,2008-01-16,2200-01-01
SZ002204,大连重工,2008-01-16,2200-01-01
SZ002205,国统股份,2008-01-23,2200-01-01
SZ002206,海利得,2008-01-23,2200-01-01
SZ002207,*ST准油,2008-01-28,2200-01-01
SZ002208,合肥城建,2008-01-28,2200-01-01
SZ002209,达意隆,2008-01-30,2200-01-01
SZ002210,飞马国际,2008-01-30,2200-01-01
SZ002211,ST宏达,2008-02-01,2200-01-01
SZ002212,天融信,2008-02-01,2200-01-01
SZ002213,大为股份,2008-02-01,2200-01-01
SZ002214,大立科技,2008-02-18,2200-01-01
SZ002215,诺普信,2008-02-18,2200-01-01
SZ002216,三全食品,2008-02-20,2200-01-01
SZ002217,ST合力泰,2008-02-20,2200-01-01
SZ002218,拓日新能,2008-02-28,2200-01-01
SZ002219,新里程,2008-03-06,2200-01-01
SZ002221,东华能源,2008-03-06,2200-01-01
SZ002222,福晶科技,2008-03-19,2200-01-01
SZ002223,鱼跃医疗,2008-04-18,2200-01-01
SZ002224,三力士,2008-04-25,2200-01-01
SZ002225,濮耐股份,2008-04-25,2200-01-01
SZ002226,江南化工,2008-05-06,2200-01-01
SZ002227,*ST特迅,2008-05-06,2200-01-01
SZ002228,合兴包装,2008-05-08,2200-01-01
SZ002229,鸿博股份,2008-05-08,2200-01-01
SZ002230,科大讯飞,2008-05-12,2200-01-01
SZ002231,*ST奥维,2008-05-12,2026-03-26
SZ002232,启明信息,2008-05-09,2200-01-01
SZ002233,塔牌集团,2008-05-16,2200-01-01
SZ002234,民和股份,2008-05-16,2200-01-01
SZ002235,安妮股份,2008-05-16,2200-01-01
SZ002236,大华股份,2008-05-20,2200-01-01
SZ002237,恒邦股份,2008-05-20,2200-01-01
SZ002238,天威视讯,2008-05-26,2200-01-01
SZ002239,奥特佳,2008-05-22,2200-01-01
SZ002240,盛新锂能,2008-05-23,2200-01-01
SZ002241,歌尔股份,2008-05-22,2200-01-01
SZ002242,九阳股份,2008-05-28,2200-01-01
SZ002243,力合科创,2008-05-28,2200-01-01
SZ002244,滨江集团,2008-05-29,2200-01-01
SZ002245,蔚蓝锂芯,2008-06-05,2200-01-01
SZ002246,北化股份,2008-06-05,2200-01-01
SZ002247,聚力文化,2008-06-12,2200-01-01
SZ002248,华东数控,2008-06-12,2200-01-01
SZ002249,大洋电机,2008-06-19,2200-01-01
SZ002250,联化科技,2008-06-19,2200-01-01
SZ002251,步步高,2008-06-19,2200-01-01
SZ002252,上海莱士,2008-06-23,2200-01-01
SZ002253,川大智胜,2008-06-23,2200-01-01
SZ002254,泰和新材,2008-06-25,2200-01-01
SZ002255,海陆重工,2008-06-25,2200-01-01
SZ002256,兆新股份,2008-06-25,2200-01-01
SZ002258,利尔化学,2008-07-08,2200-01-01
SZ002259,升达林业,2008-07-16,2200-01-01
SZ002260,德奥退,2008-07-16,2022-06-16
SZ002261,拓维信息,2008-07-23,2200-01-01
SZ002262,恩华药业,2008-07-23,2200-01-01
SZ002263,大东南,2008-07-28,2200-01-01
SZ002264,新华都,2008-07-31,2200-01-01
SZ002265,建设工业,2008-08-06,2200-01-01
SZ002266,浙富控股,2008-08-06,2200-01-01
SZ002267,陕天然气,2008-08-13,2200-01-01
SZ002268,电科网安,2008-08-11,2200-01-01
SZ002269,美邦服饰,2008-08-28,2200-01-01
SZ002270,华明装备,2008-09-05,2200-01-01
SZ002271,东方雨虹,2008-09-10,2200-01-01
SZ002272,川润股份,2008-09-19,2200-01-01
SZ002273,水晶光电,2008-09-19,2200-01-01
SZ002274,华昌化工,2008-09-25,2200-01-01
SZ002275,桂林三金,2009-07-10,2200-01-01
SZ002276,万马股份,2009-07-10,2200-01-01
SZ002277,友阿股份,2009-07-17,2200-01-01
SZ002278,神开股份,2009-08-11,2200-01-01
SZ002279,久其软件,2009-08-11,2200-01-01
SZ002280,ST联络,2009-08-21,2024-08-15
SZ002281,光迅科技,2009-08-21,2200-01-01
SZ002282,博深股份,2009-08-21,2200-01-01
SZ002283,天润工业,2009-08-21,2200-01-01
SZ002284,亚太股份,2009-08-28,2200-01-01
SZ002285,世联行,2009-08-28,2200-01-01
SZ002286,保龄宝,2009-08-28,2200-01-01
SZ002287,奇正藏药,2009-08-28,2200-01-01
SZ002288,*ST超华,2009-09-03,2024-08-16
SZ002289,宇顺电子,2009-09-03,2200-01-01
SZ002290,禾盛新材,2009-09-03,2200-01-01
SZ002291,遥望科技,2009-09-03,2200-01-01
SZ002292,奥飞娱乐,2009-09-10,2200-01-01
SZ002293,罗莱生活,2009-09-10,2200-01-01
SZ002294,信立泰,2009-09-10,2200-01-01
SZ002295,精艺股份,2009-09-29,2200-01-01
SZ002296,辉煌科技,2009-09-29,2200-01-01
SZ002297,博云新材,2009-09-29,2200-01-01
SZ002298,中电鑫龙,2009-09-29,2200-01-01
SZ002299,圣农发展,2009-10-21,2200-01-01
SZ002300,太阳电缆,2009-10-21,2200-01-01
SZ002301,齐心集团,2009-10-21,2200-01-01
SZ002302,西部建设,2009-11-03,2200-01-01
SZ002303,美盈森,2009-11-03,2200-01-01
SZ002304,洋河股份,2009-11-06,2200-01-01
SZ002305,*ST南置,2009-11-06,2200-01-01
SZ002306,ST云网,2009-11-11,2200-01-01
SZ002307,北新路桥,2009-11-11,2200-01-01
SZ002308,*ST威创,2009-11-27,2024-09-26
SZ002309,中利集团,2009-11-27,2200-01-01
SZ002310,东方新能,2009-11-27,2200-01-01
SZ002311,海大集团,2009-11-27,2200-01-01
SZ002312,川发龙蟒,2009-12-03,2200-01-01
SZ002313,日海智能,2009-12-03,2200-01-01
SZ002314,南山控股,2009-12-03,2200-01-01
SZ002315,焦点科技,2009-12-09,2200-01-01
SZ002316,亚联发展,2009-12-09,2200-01-01
SZ002317,众生药业,2009-12-11,2200-01-01
SZ002318,久立特材,2009-12-11,2200-01-01
SZ002319,乐通股份,2009-12-11,2200-01-01
SZ002320,海峡股份,2009-12-16,2200-01-01
SZ002321,华英农业,2009-12-16,2200-01-01
SZ002322,理工能科,2009-12-18,2200-01-01
SZ002323,*ST雅博,2009-12-18,2200-01-01
SZ002324,普利特,2009-12-18,2200-01-01
SZ002325,*ST洪涛,2009-12-22,2024-08-14
SZ002326,永太科技,2009-12-22,2200-01-01
SZ002327,富安娜,2009-12-30,2200-01-01
SZ002328,新朋股份,2009-12-30,2200-01-01
SZ002329,皇氏集团,2010-01-06,2200-01-01
SZ002330,得利斯,2010-01-06,2200-01-01
SZ002331,皖通科技,2010-01-06,2200-01-01
SZ002332,仙琚制药,2010-01-12,2200-01-01
SZ002333,罗普斯金,2010-01-12,2200-01-01
SZ002334,英威腾,2010-01-13,2200-01-01
SZ002335,科华数据,2010-01-13,2200-01-01
SZ002336,人乐退,2010-01-13,2025-07-03
SZ002337,赛象科技,2010-01-15,2200-01-01
SZ002338,奥普光电,2010-01-15,2200-01-01
SZ002339,积成电子,2010-01-22,2200-01-01
SZ002340,格林美,2010-01-22,2200-01-01
SZ002341,ST新纶,2010-01-22,2024-08-22
SZ002342,巨力索具,2010-01-26,2200-01-01
SZ002343,慈文传媒,2010-01-26,2200-01-01
SZ002344,海宁皮城,2010-01-26,2200-01-01
SZ002345,潮宏基,2010-01-28,2200-01-01
SZ002346,柘中股份,2010-01-28,2200-01-01
SZ002347,泰尔股份,2010-01-28,2200-01-01
SZ002348,高乐股份,2010-02-03,2200-01-01
SZ002349,精华制药,2010-02-03,2200-01-01
SZ002350,北京科锐,2010-02-03,2200-01-01
SZ002351,漫步者,2010-02-05,2200-01-01
SZ002352,顺丰控股,2010-02-05,2200-01-01
SZ002353,杰瑞股份,2010-02-05,2200-01-01
SZ002354,天娱数科,2010-02-09,2200-01-01
SZ002355,兴民智通,2010-02-09,2200-01-01
SZ002356,鹏飞绿能,2010-02-09,2200-01-01
SZ002357,富临运业,2010-02-10,2200-01-01
SZ002358,森源电气,2010-02-10,2200-01-01
SZ002359,北讯退,2010-02-10,2021-07-22
SZ002360,ST同德,2010-03-03,2200-01-01
SZ002361,神剑股份,2010-03-03,2200-01-01
SZ002362,汉王科技,2010-03-03,2200-01-01
SZ002363,隆基机械,2010-03-05,2200-01-01
SZ002364,中恒电气,2010-03-05,2200-01-01
SZ002365,永安药业,2010-03-05,2200-01-01
SZ002366,融发核电,2010-03-12,2200-01-01
SZ002367,康力电梯,2010-03-12,2200-01-01
SZ002368,太极股份,2010-03-12,2200-01-01
SZ002369,卓翼科技,2010-03-16,2200-01-01
SZ002370,亚太药业,2010-03-16,2200-01-01
SZ002371,北方华创,2010-03-16,2200-01-01
SZ002372,伟星新材,2010-03-18,2200-01-01
SZ002373,千方科技,2010-03-18,2200-01-01
SZ002374,中锐股份,2010-03-18,2200-01-01
SZ002375,亚厦股份,2010-03-23,2200-01-01
SZ002376,新北洋,2010-03-23,2200-01-01
SZ002377,国创高新,2010-03-23,2200-01-01
SZ002378,章源钨业,2010-03-31,2200-01-01
SZ002379,宏桥控股,2010-03-31,2200-01-01
SZ002380,科远智慧,2010-03-31,2200-01-01
SZ002381,双箭股份,2010-04-02,2200-01-01
SZ002382,蓝帆医疗,2010-04-02,2200-01-01
SZ002383,合众思壮,2010-04-02,2200-01-01
SZ002384,东山精密,2010-04-09,2200-01-01
SZ002385,大北农,2010-04-09,2200-01-01
SZ002386,天原股份,2010-04-09,2200-01-01
SZ002387,维信诺,2010-04-13,2200-01-01
SZ002388,新亚制程,2010-04-13,2200-01-01
SZ002389,航天彩虹,2010-04-13,2200-01-01
SZ002390,信邦制药,2010-04-16,2200-01-01
SZ002391,长青股份,2010-04-16,2200-01-01
SZ002392,北京利尔,2010-04-23,2200-01-01
SZ002393,力生制药,2010-04-23,2200-01-01
SZ002394,联发股份,2010-04-23,2200-01-01
SZ002395,双象股份,2010-04-29,2200-01-01
SZ002396,星网锐捷,2010-06-23,2200-01-01
SZ002397,梦洁股份,2010-04-29,2200-01-01
SZ002398,垒知集团,2010-05-06,2200-01-01
SZ002399,海普瑞,2010-05-06,2200-01-01
SZ002400,省广集团,2010-05-06,2200-01-01
SZ002401,中远海科,2010-05-06,2200-01-01
SZ002402,和而泰,2010-05-11,2200-01-01
SZ002403,爱仕达,2010-05-11,2200-01-01
SZ002404,嘉欣丝绸,2010-05-11,2200-01-01
SZ002405,四维图新,2010-05-18,2200-01-01
SZ002406,远东传动,2010-05-18,2200-01-01
SZ002407,多氟多,2010-05-18,2200-01-01
SZ002408,齐翔腾达,2010-05-18,2200-01-01
SZ002409,雅克科技,2010-05-25,2200-01-01
SZ002410,广联达,2010-05-25,2200-01-01
SZ002411,必康退,2010-05-25,2023-07-11
SZ002412,汉森制药,2010-05-25,2200-01-01
SZ002413,雷科防务,2010-05-28,2200-01-01
SZ002414,高德红外,2010-07-16,2200-01-01
SZ002415,海康威视,2010-05-28,2200-01-01
SZ002416,爱施德,2010-05-28,2200-01-01
SZ002417,深南退,2010-06-01,2023-07-07
SZ002418,康盛股份,2010-06-01,2200-01-01
SZ002419,天虹股份,2010-06-01,2200-01-01
SZ002420,毅昌科技,2010-06-01,2200-01-01
SZ002421,达实智能,2010-06-03,2200-01-01
SZ002422,科伦药业,2010-06-03,2200-01-01
SZ002423,中粮资本,2010-06-03,2200-01-01
SZ002424,ST百灵,2010-06-03,2200-01-01
SZ002425,凯撒文化,2010-06-08,2200-01-01
SZ002426,胜利精密,2010-06-08,2200-01-01
SZ002427,尤夫股份,2010-06-08,2200-01-01
SZ002428,云南锗业,2010-06-08,2200-01-01
SZ002429,兆驰股份,2010-06-10,2200-01-01
SZ002430,杭氧股份,2010-06-10,2200-01-01
SZ002431,ST棕榈,2010-06-10,2200-01-01
SZ002432,九安医疗,2010-06-10,2200-01-01
SZ002433,太安退,2010-06-18,2024-07-04
SZ002434,万里扬,2010-06-18,2200-01-01
SZ002435,ST长康,2010-06-18,2024-08-14
SZ002436,兴森科技,2010-06-18,2200-01-01
SZ002437,誉衡药业,2010-06-23,2200-01-01
SZ002438,江苏神通,2010-06-23,2200-01-01
SZ002439,启明星辰,2010-06-23,2200-01-01
SZ002440,闰土股份,2010-07-06,2200-01-01
SZ002441,众业达,2010-07-06,2200-01-01
SZ002442,龙星科技,2010-07-06,2200-01-01
SZ002443,金洲管道,2010-07-06,2200-01-01
SZ002444,巨星科技,2010-07-13,2200-01-01
SZ002445,中南文化,2010-07-13,2200-01-01
SZ002446,盛路通信,2010-07-13,2200-01-01
SZ002447,晨鑫退,2010-07-13,2022-06-27
SZ002448,中原内配,2010-07-16,2200-01-01
SZ002449,国星光电,2010-07-16,2200-01-01
SZ002450,康得退,2010-07-16,2021-05-28
SZ002451,摩恩电气,2010-07-20,2200-01-01
SZ002452,长高电气,2010-07-20,2200-01-01
SZ002453,华软科技,2010-07-20,2200-01-01
SZ002454,松芝股份,2010-07-20,2200-01-01
SZ002455,百川股份,2010-08-03,2200-01-01
SZ002456,欧菲光,2010-08-03,2200-01-01
SZ002457,青龙管业,2010-08-03,2200-01-01
SZ002458,益生股份,2010-08-10,2200-01-01
SZ002459,晶澳科技,2010-08-10,2200-01-01
SZ002460,赣锋锂业,2010-08-10,2200-01-01
SZ002461,珠江啤酒,2010-08-18,2200-01-01
SZ002462,嘉事堂,2010-08-18,2200-01-01
SZ002463,沪电股份,2010-08-18,2200-01-01
SZ002464,众应退,2010-08-31,2022-06-27
SZ002465,海格通信,2010-08-31,2200-01-01
SZ002466,天齐锂业,2010-08-31,2200-01-01
SZ002467,二六三,2010-09-08,2200-01-01
SZ002468,申通快递,2010-09-08,2200-01-01
SZ002469,三维化学,2010-09-08,2200-01-01
SZ002470,金正大,2010-09-08,2200-01-01
SZ002471,中超控股,2010-09-10,2200-01-01
SZ002472,双环传动,2010-09-10,2200-01-01
SZ002473,圣莱退,2010-09-10,2022-06-21
SZ002474,榕基软件,2010-09-15,2200-01-01
SZ002475,立讯精密,2010-09-15,2200-01-01
SZ002476,新叶股份,2010-09-15,2200-01-01
SZ002478,常宝股份,2010-09-21,2200-01-01
SZ002479,富春环保,2010-09-21,2200-01-01
SZ002480,新筑股份,2010-09-21,2200-01-01
SZ002481,双塔食品,2010-09-21,2200-01-01
SZ002482,广田集团,2010-09-29,2200-01-01
SZ002483,润邦股份,2010-09-29,2200-01-01
SZ002484,江海股份,2010-09-29,2200-01-01
SZ002485,ST雪发,2010-10-15,2200-01-01
SZ002486,嘉麟杰,2010-10-15,2200-01-01
SZ002487,大金重工,2010-10-15,2200-01-01
SZ002488,金固股份,2010-10-21,2200-01-01
SZ002489,浙江永强,2010-10-21,2200-01-01
SZ002490,山东墨龙,2010-10-21,2200-01-01
SZ002491,通鼎互联,2010-10-21,2200-01-01
SZ002492,恒基达鑫,2010-11-02,2200-01-01
SZ002493,荣盛石化,2010-11-02,2200-01-01
SZ002494,华斯股份,2010-11-02,2200-01-01
SZ002495,佳隆股份,2010-11-02,2200-01-01
SZ002496,辉丰股份,2010-11-09,2200-01-01
SZ002497,雅化集团,2010-11-09,2200-01-01
SZ002498,汉缆股份,2010-11-09,2200-01-01
SZ002499,科林退,2010-11-09,2023-04-17
SZ002500,山西证券,2010-11-15,2200-01-01
SZ002501,*ST利源,2010-11-17,2200-01-01
SZ002502,ST鼎龙,2010-11-17,2024-09-04
SZ002503,*ST搜特,2010-11-17,2023-08-10
SZ002504,*ST弘高,2010-11-18,2023-08-18
SZ002505,鹏都农牧,2010-11-18,2024-08-29
SZ002506,协鑫集成,2010-11-18,2200-01-01
SZ002507,涪陵榨菜,2010-11-23,2200-01-01
SZ002508,老板电器,2010-11-23,2200-01-01
SZ002510,天汽模,2010-11-25,2200-01-01
SZ002511,中顺洁柔,2010-11-25,2200-01-01
SZ002512,ST达华,2010-12-03,2200-01-01
SZ002513,蓝丰生化,2010-12-03,2200-01-01
SZ002514,*ST宝馨,2010-12-03,2200-01-01
SZ002515,金字火腿,2010-12-03,2200-01-01
SZ002516,旷达科技,2010-12-07,2200-01-01
SZ002517,恺英网络,2010-12-07,2200-01-01
SZ002518,科士达,2010-12-07,2200-01-01
SZ002519,银河电子,2010-12-07,2200-01-01
SZ002520,日发精机,2010-12-10,2200-01-01
SZ002521,齐峰新材,2010-12-10,2200-01-01
SZ002522,浙江众成,2010-12-10,2200-01-01
SZ002523,天桥起重,2010-12-10,2200-01-01
SZ002524,光正眼科,2010-12-17,2200-01-01
SZ002526,山东矿机,2010-12-17,2200-01-01
SZ002527,新时达,2010-12-24,2200-01-01
SZ002528,*ST英飞,2010-12-24,2200-01-01
SZ002529,海源复材,2010-12-24,2200-01-01
SZ002530,金财互联,2010-12-31,2200-01-01
SZ002531,天顺风能,2010-12-31,2200-01-01
SZ002532,天山铝业,2010-12-31,2200-01-01
SZ002533,金杯电工,2010-12-31,2200-01-01
SZ002534,西子洁能,2011-01-10,2200-01-01
SZ002535,林州重机,2011-01-11,2200-01-01
SZ002536,飞龙股份,2011-01-11,2200-01-01
SZ002537,海联金汇,2011-01-10,2200-01-01
SZ002538,ST司特,2011-01-18,2200-01-01
SZ002539,云图控股,2011-01-18,2200-01-01
SZ002540,亚太科技,2011-01-18,2200-01-01
SZ002541,鸿路钢构,2011-01-18,2200-01-01
SZ002542,*ST中岩,2011-01-28,2200-01-01
SZ002543,万和电气,2011-01-28,2200-01-01
SZ002544,普天科技,2011-01-28,2200-01-01
SZ002545,东方铁塔,2011-02-11,2200-01-01
SZ002546,新联电子,2011-02-11,2200-01-01
SZ002547,*ST春兴,2011-02-18,2200-01-01
SZ002548,金新农,2011-02-18,2200-01-01
SZ002549,凯美特气,2011-02-18,2200-01-01
SZ002550,千红制药,2011-02-18,2200-01-01
SZ002551,尚荣医疗,2011-02-25,2200-01-01
SZ002552,宝鼎科技,2011-02-25,2200-01-01
SZ002553,南方精工,2011-02-25,2200-01-01
SZ002554,惠博普,2011-02-25,2200-01-01
SZ002555,三七互娱,2011-03-02,2200-01-01
SZ002556,辉隆股份,2011-03-02,2200-01-01
SZ002557,洽洽食品,2011-03-02,2200-01-01
SZ002558,巨人网络,2011-03-02,2200-01-01
SZ002559,亚威股份,2011-03-03,2200-01-01
SZ002560,通达股份,2011-03-03,2200-01-01
SZ002561,徐家汇,2011-03-03,2200-01-01
SZ002562,兄弟科技,2011-03-10,2200-01-01
SZ002563,森马服饰,2011-03-11,2200-01-01
SZ002564,天沃科技,2011-03-10,2200-01-01
SZ002565,顺灏股份,2011-03-18,2200-01-01
SZ002566,益盛药业,2011-03-18,2200-01-01
SZ002567,唐人神,2011-03-25,2200-01-01
SZ002568,百润股份,2011-03-25,2200-01-01
SZ002569,*ST步森,2011-04-12,2200-01-01
SZ002570,贝因美,2011-04-12,2200-01-01
SZ002571,德力股份,2011-04-12,2200-01-01
SZ002572,索菲亚,2011-04-12,2200-01-01
SZ002573,清新环境,2011-04-22,2200-01-01
SZ002574,明牌珠宝,2011-04-22,2200-01-01
SZ002575,群兴玩具,2011-04-22,2200-01-01
SZ002576,通达动力,2011-04-28,2200-01-01
SZ002577,雷柏科技,2011-04-28,2200-01-01
SZ002578,闽发铝业,2011-04-28,2200-01-01
SZ002579,中京电子,2011-05-06,2200-01-01
SZ002580,圣阳股份,2011-05-06,2200-01-01
SZ002581,*ST未名,2011-05-20,2200-01-01
SZ002582,好想你,2011-05-20,2200-01-01
SZ002583,海能达,2011-05-27,2200-01-01
SZ002584,西陇科学,2011-06-02,2200-01-01
SZ002585,双星新材,2011-06-02,2200-01-01
SZ002586,围海股份,2011-06-02,2200-01-01
SZ002587,奥拓电子,2011-06-10,2200-01-01
SZ002588,史丹利,2011-06-10,2200-01-01
SZ002589,瑞康医药,2011-06-10,2200-01-01
SZ002590,万安科技,2011-06-10,2200-01-01
SZ002591,恒大高新,2011-06-21,2200-01-01
SZ002592,ST八菱,2011-11-11,2200-01-01
SZ002593,日上集团,2011-06-28,2200-01-01
SZ002594,比亚迪,2011-06-30,2200-01-01
SZ002595,豪迈科技,2011-06-28,2200-01-01
SZ002596,海南瑞泽,2011-07-07,2200-01-01
SZ002597,金禾实业,2011-07-07,2200-01-01
SZ002598,ST章鼓,2011-07-07,2200-01-01
SZ002599,盛通股份,2011-07-15,2200-01-01
SZ002600,领益智造,2011-07-15,2200-01-01
SZ002601,龙佰集团,2011-07-15,2200-01-01
SZ002602,世纪华通,2011-07-28,2200-01-01
SZ002603,以岭药业,2011-07-28,2200-01-01
SZ002605,姚记科技,2011-08-05,2200-01-01
SZ002606,大连电瓷,2011-08-05,2200-01-01
SZ002607,中公教育,2011-08-10,2200-01-01
SZ002608,江苏国信,2011-08-10,2200-01-01
SZ002609,捷顺科技,2011-08-15,2200-01-01
SZ002610,ST爱康,2011-08-15,2024-08-09
SZ002611,东方精工,2011-08-30,2200-01-01
SZ002612,朗姿股份,2011-08-30,2200-01-01
SZ002613,北玻股份,2011-08-30,2200-01-01
SZ002614,奥佳华,2011-09-09,2200-01-01
SZ002615,哈尔斯,2011-09-09,2200-01-01
SZ002616,长青集团,2011-09-20,2200-01-01
SZ002617,露笑科技,2011-09-20,2200-01-01
SZ002618,丹邦退,2011-09-20,2022-06-21
SZ002619,*ST艾格,2011-09-29,2022-04-27
SZ002620,*ST瑞和,2011-09-29,2200-01-01
SZ002621,*ST美吉,2011-09-29,2024-08-02
SZ002622,皓宸医疗,2011-10-18,2200-01-01
SZ002623,亚玛顿,2011-10-13,2200-01-01
SZ002624,完美世界,2011-10-28,2200-01-01
SZ002625,光启技术,2011-11-03,2200-01-01
SZ002626,金达威,2011-10-28,2200-01-01
SZ002627,三峡旅游,2011-11-03,2200-01-01
SZ002628,成都路桥,2011-11-03,2200-01-01
SZ002629,仁智股份,2011-11-03,2200-01-01
SZ002630,*ST华西,2011-11-11,2200-01-01
SZ002631,德尔未来,2011-11-11,2200-01-01
SZ002632,道明光学,2011-11-22,2200-01-01
SZ002633,申科股份,2011-11-22,2200-01-01
SZ002634,*ST棒杰,2011-12-05,2200-01-01
SZ002635,安洁科技,2011-11-25,2200-01-01
SZ002636,金安国纪,2011-11-25,2200-01-01
SZ002637,赞宇科技,2011-11-25,2200-01-01
SZ002638,勤上股份,2011-11-25,2200-01-01
SZ002639,雪人集团,2011-12-05,2200-01-01
SZ002640,跨境通,2011-12-08,2200-01-01
SZ002641,公元股份,2011-12-08,2200-01-01
SZ002642,荣联科技,2011-12-20,2200-01-01
SZ002643,万润股份,2011-12-20,2200-01-01
SZ002644,佛慈制药,2011-12-22,2200-01-01
SZ002645,华宏科技,2011-12-20,2200-01-01
SZ002646,天佑德酒,2011-12-22,2200-01-01
SZ002647,仁东控股,2011-12-28,2200-01-01
SZ002648,卫星化学,2011-12-28,2200-01-01
SZ002649,博彦科技,2012-01-06,2200-01-01
SZ002650,ST加加,2012-01-06,2200-01-01
SZ002651,利君股份,2012-01-06,2200-01-01
SZ002652,扬子新材,2012-01-19,2200-01-01
SZ002653,海思科,2012-01-17,2200-01-01
SZ002654,万润科技,2012-02-17,2200-01-01
SZ002655,共达电声,2012-02-17,2200-01-01
SZ002656,摩登大道,2012-02-28,2200-01-01
SZ002657,中科金财,2012-02-28,2200-01-01
SZ002658,雪迪龙,2012-03-09,2200-01-01
SZ002659,凯文教育,2012-03-09,2200-01-01
SZ002660,茂硕电源,2012-03-16,2200-01-01
SZ002661,克明食品,2012-03-16,2200-01-01
SZ002662,峰璟股份,2012-03-09,2200-01-01
SZ002663,普邦股份,2012-03-16,2200-01-01
SZ002664,信质集团,2012-03-16,2200-01-01
SZ002665,ST航高,2012-03-27,2024-08-23
SZ002666,德联集团,2012-03-27,2200-01-01
SZ002667,*ST威领,2012-03-29,2200-01-01
SZ002668,TCL智家,2012-04-16,2200-01-01
SZ002669,康达新材,2012-04-16,2200-01-01
SZ002670,国盛证券,2012-04-16,2200-01-01
SZ002671,龙泉股份,2012-04-26,2200-01-01
SZ002672,东江环保,2012-04-26,2200-01-01
SZ002673,西部证券,2012-05-03,2200-01-01
SZ002674,兴业科技,2012-05-07,2200-01-01
SZ002675,东诚药业,2012-05-25,2200-01-01
SZ002676,顺威股份,2012-05-25,2200-01-01
SZ002677,浙江美大,2012-05-25,2200-01-01
SZ002678,珠江钢琴,2012-05-30,2200-01-01
SZ002679,福建金森,2012-06-05,2200-01-01
SZ002681,奋达科技,2012-06-05,2200-01-01
SZ002682,龙洲股份,2012-06-12,2200-01-01
SZ002683,广东宏大,2012-06-12,2200-01-01
SZ002684,猛狮退,2012-06-12,2022-06-27
SZ002685,华东重机,2012-06-12,2200-01-01
SZ002686,亿利达,2012-07-03,2200-01-01
SZ002687,乔治白,2012-07-13,2200-01-01
SZ002688,金河生物,2012-07-13,2200-01-01
SZ002689,ST远智,2012-07-17,2200-01-01
SZ002690,美亚光电,2012-07-31,2200-01-01
SZ002691,*ST冀凯,2012-07-31,2200-01-01
SZ002692,远程股份,2012-08-08,2200-01-01
SZ002693,双成药业,2012-08-08,2200-01-01
SZ002694,*ST顾地,2012-08-16,2200-01-01
SZ002695,煌上煌,2012-09-05,2200-01-01
SZ002696,百洋股份,2012-09-05,2200-01-01
SZ002697,红旗连锁,2012-09-05,2200-01-01
SZ002698,博实股份,2012-09-11,2200-01-01
SZ002699,*ST美盛,2012-09-11,2024-06-03
SZ002700,万憬能源,2012-09-21,2200-01-01
SZ002701,奥瑞金,2012-10-11,2200-01-01
SZ002702,海欣食品,2012-10-11,2200-01-01
SZ002703,浙江世宝,2012-11-02,2200-01-01
SZ002705,新宝股份,2014-01-21,2200-01-01
SZ002706,良信股份,2014-01-21,2200-01-01
SZ002707,众信旅游,2014-01-23,2200-01-01
SZ002708,光洋股份,2014-01-21,2200-01-01
SZ002709,天赐材料,2014-01-23,2200-01-01
SZ002711,欧浦退,2014-01-27,2021-07-14
SZ002712,思美传媒,2014-01-23,2200-01-01
SZ002713,东易日盛,2014-02-19,2200-01-01
SZ002714,牧原股份,2014-01-28,2200-01-01
SZ002715,登云股份,2014-02-19,2200-01-01
SZ002716,湖南白银,2014-01-28,2200-01-01
SZ002717,*ST岭南,2014-02-19,2200-01-01
SZ002718,友邦吊顶,2014-01-28,2200-01-01
SZ002719,ST麦趣,2014-01-28,2200-01-01
SZ002721,金一文化,2014-01-27,2200-01-01
SZ002722,物产金轮,2014-01-28,2200-01-01
SZ002723,小崧股份,2014-01-29,2200-01-01
SZ002724,海洋王,2014-11-04,2200-01-01
SZ002725,跃岭股份,2014-01-29,2200-01-01
SZ002726,ST龙大,2014-06-26,2200-01-01
SZ002727,一心堂,2014-07-02,2200-01-01
SZ002728,特一药业,2014-07-31,2200-01-01
SZ002729,好利科技,2014-09-12,2200-01-01
SZ002730,电光科技,2014-10-09,2200-01-01
SZ002731,*ST萃华,2014-11-04,2200-01-01
SZ002732,燕塘乳业,2014-12-05,2200-01-01
SZ002733,雄韬股份,2014-12-03,2200-01-01
SZ002734,利民股份,2015-01-27,2200-01-01
SZ002735,王子新材,2014-12-03,2200-01-01
SZ002736,国信证券,2014-12-29,2200-01-01
SZ002737,葵花药业,2014-12-30,2200-01-01
SZ002738,中矿资源,2014-12-30,2200-01-01
SZ002739,儒意电影,2015-01-22,2200-01-01
SZ002740,*ST爱迪,2015-01-22,2024-03-01
SZ002741,光华科技,2015-02-16,2200-01-01
SZ002742,冀衡医药,2015-02-17,2200-01-01
SZ002743,ST富煌,2015-02-17,2200-01-01
SZ002745,木林森,2015-02-17,2200-01-01
SZ002746,仙坛股份,2015-02-16,2200-01-01
SZ002747,埃斯顿,2015-03-20,2200-01-01
SZ002748,世龙实业,2015-03-19,2200-01-01
SZ002749,国光股份,2015-03-20,2200-01-01
SZ002750,龙津退,2015-03-24,2025-06-26
SZ002751,易尚退,2015-04-24,2023-07-12
SZ002752,昇兴股份,2015-04-22,2200-01-01
SZ002753,永东股份,2015-05-19,2200-01-01
SZ002755,奥赛康,2015-05-15,2200-01-01
SZ002756,永兴材料,2015-05-15,2200-01-01
SZ002757,南兴股份,2015-05-27,2200-01-01
SZ002758,浙农股份,2015-05-27,2200-01-01
SZ002759,ST天际,2015-05-28,2200-01-01
SZ002760,凤形股份,2015-06-11,2200-01-01
SZ002761,浙江建投,2015-06-10,2200-01-01
SZ002762,金发拉比,2015-06-10,2200-01-01
SZ002763,汇洁股份,2015-06-10,2200-01-01
SZ002765,蓝黛科技,2015-06-12,2200-01-01
SZ002766,索菱股份,2015-06-11,2200-01-01
SZ002767,先锋电子,2015-06-12,2200-01-01
SZ002768,国恩股份,2015-06-30,2200-01-01
SZ002769,普路通,2015-06-29,2200-01-01
SZ002770,科迪退,2015-06-30,2022-06-22
SZ002771,真视通,2015-06-29,2200-01-01
SZ002772,众兴菌业,2015-06-26,2200-01-01
SZ002773,康弘药业,2015-06-26,2200-01-01
SZ002774,快意电梯,2017-03-24,2200-01-01
SZ002775,文科股份,2015-06-29,2200-01-01
SZ002776,*ST柏龙,2015-06-26,2024-01-23
SZ002777,久远银海,2015-12-31,2200-01-01
SZ002778,中晟高科,2016-01-06,2200-01-01
SZ002779,中坚科技,2015-12-09,2200-01-01
SZ002780,三夫户外,2015-12-09,2200-01-01
SZ002781,奇信退,2015-12-22,2023-07-04
SZ002782,可立克,2015-12-22,2200-01-01
SZ002783,凯龙股份,2015-12-09,2200-01-01
SZ002785,万里石,2015-12-23,2200-01-01
SZ002786,银宝山新,2015-12-23,2200-01-01
SZ002787,华源控股,2015-12-31,2200-01-01
SZ002788,鹭燕医药,2016-02-18,2200-01-01
SZ002789,*ST建艺,2016-03-11,2200-01-01
SZ002790,瑞尔特,2016-03-08,2200-01-01
SZ002791,坚朗五金,2016-03-29,2200-01-01
SZ002792,通宇通讯,2016-03-28,2200-01-01
SZ002793,罗欣药业,2016-04-15,2200-01-01
SZ002795,永和智控,2016-04-28,2200-01-01
SZ002796,世嘉科技,2016-05-10,2200-01-01
SZ002797,第一创业,2016-05-11,2200-01-01
SZ002798,帝欧水华,2016-05-25,2200-01-01
SZ002799,环球印务,2016-06-08,2200-01-01
SZ002800,天顺股份,2016-05-30,2200-01-01
SZ002801,微光股份,2016-06-22,2200-01-01
SZ002802,洪汇新材,2016-06-29,2200-01-01
SZ002803,吉宏股份,2016-07-12,2200-01-01
SZ002805,丰元股份,2016-07-07,2200-01-01
SZ002806,华锋股份,2016-07-26,2200-01-01
SZ002807,江阴银行,2016-09-02,2200-01-01
SZ002808,恒久退,2016-08-12,2026-07-13
SZ002809,红墙股份,2016-08-23,2200-01-01
SZ002810,山东赫达,2016-08-26,2200-01-01
SZ002811,郑中设计,2016-09-08,2200-01-01
SZ002812,恩捷股份,2016-09-14,2200-01-01
SZ002813,路畅科技,2016-10-12,2200-01-01
SZ002815,崇达技术,2016-10-12,2200-01-01
SZ002816,*ST和科,2016-10-25,2200-01-01
SZ002817,黄山胶囊,2016-10-25,2200-01-01
SZ002818,富森美,2016-11-09,2200-01-01
SZ002819,东方中科,2016-11-11,2200-01-01
SZ002820,桂发祥,2016-11-18,2200-01-01
SZ002821,凯莱英,2016-11-18,2200-01-01
SZ002822,ST中装,2016-11-29,2200-01-01
SZ002823,凯中精密,2016-11-24,2200-01-01
SZ002824,和胜股份,2017-01-12,2200-01-01
SZ002825,纳尔股份,2016-11-29,2200-01-01
SZ002826,易明医药,2016-12-09,2200-01-01
SZ002827,高争民爆,2016-12-09,2200-01-01
SZ002828,贝肯能源,2016-12-08,2200-01-01
SZ002829,星网宇达,2016-12-13,2200-01-01
SZ002830,名雕股份,2016-12-13,2200-01-01
SZ002831,裕同科技,2016-12-16,2200-01-01
SZ002832,比音勒芬,2016-12-23,2200-01-01
SZ002833,弘亚数控,2016-12-28,2200-01-01
SZ002835,同为股份,2016-12-28,2200-01-01
SZ002836,新宏泽,2016-12-29,2200-01-01
SZ002837,英维克,2016-12-29,2200-01-01
SZ002838,道恩股份,2017-01-06,2200-01-01
SZ002839,张家港行,2017-01-24,2200-01-01
SZ002840,华统股份,2017-01-10,2200-01-01
SZ002841,视源股份,2017-01-19,2200-01-01
SZ002842,翔鹭钨业,2017-01-19,2200-01-01
SZ002843,泰嘉股份,2017-01-20,2200-01-01
SZ002845,同兴达,2017-01-25,2200-01-01
SZ002846,英联股份,2017-02-07,2200-01-01
SZ002847,盐津铺子,2017-02-08,2200-01-01
SZ002848,高斯贝尔,2017-02-13,2200-01-01
SZ002849,威星智能,2017-02-17,2200-01-01
SZ002850,科达利,2017-03-02,2200-01-01
SZ002851,麦格米特,2017-03-06,2200-01-01
SZ002852,道道全,2017-03-10,2200-01-01
SZ002853,皮阿诺,2017-03-10,2200-01-01
SZ002855,捷荣技术,2017-03-21,2200-01-01
SZ002856,*ST美芝,2017-03-20,2200-01-01
SZ002857,三晖电气,2017-03-23,2200-01-01
SZ002858,力盛体育,2017-03-24,2200-01-01
SZ002859,洁美科技,2017-04-07,2200-01-01
SZ002860,星帅尔,2017-04-12,2200-01-01
SZ002861,瀛通通讯,2017-04-13,2200-01-01
SZ002862,实丰文化,2017-04-11,2200-01-01
SZ002863,今飞凯达,2017-04-18,2200-01-01
SZ002864,盘龙药业,2017-11-16,2200-01-01
SZ002865,钧达股份,2017-04-25,2200-01-01
SZ002866,传艺科技,2017-04-26,2200-01-01
SZ002867,周大生,2017-04-27,2200-01-01
SZ002868,绿康生化,2017-05-03,2200-01-01
SZ002869,金溢科技,2017-05-15,2200-01-01
SZ002870,香山股份,2017-05-15,2200-01-01
SZ002871,伟隆股份,2017-05-11,2200-01-01
SZ002872,ST天圣,2017-05-19,2200-01-01
SZ002873,新天药业,2017-05-19,2200-01-01
SZ002875,安奈儿,2017-06-01,2200-01-01
SZ002876,三利谱,2017-05-25,2200-01-01
SZ002877,智能自控,2017-06-05,2200-01-01
SZ002878,元隆雅图,2017-06-06,2200-01-01
SZ002879,长缆科技,2017-07-07,2200-01-01
SZ002880,卫光生物,2017-06-16,2200-01-01
SZ002881,美格智能,2017-06-22,2200-01-01
SZ002882,金龙羽,2017-07-17,2200-01-01
SZ002883,*ST中设,2017-06-20,2200-01-01
SZ002884,凌霄泵业,2017-07-11,2200-01-01
SZ002885,京泉华,2017-06-27,2200-01-01
SZ002886,沃特股份,2017-06-27,2200-01-01
SZ002887,绿茵生态,2017-08-01,2200-01-01
SZ002888,惠威科技,2017-07-21,2200-01-01
SZ002889,东方嘉盛,2017-07-31,2200-01-01
SZ002890,弘宇股份,2017-08-02,2200-01-01
SZ002891,中宠股份,2017-08-21,2200-01-01
SZ002892,科力尔,2017-08-17,2200-01-01
SZ002893,京能热力,2017-09-15,2200-01-01
SZ002895,川恒股份,2017-08-25,2200-01-01
SZ002896,中大力德,2017-08-29,2200-01-01
SZ002897,意华股份,2017-09-07,2200-01-01
SZ002898,赛隆退,2017-09-12,2026-07-16
SZ002899,英派斯,2017-09-15,2200-01-01
SZ002900,哈三联,2017-09-22,2200-01-01
SZ002901,大博医疗,2017-09-22,2200-01-01
SZ002902,铭普光磁,2017-09-29,2200-01-01
SZ002903,宇环数控,2017-10-13,2200-01-01
SZ002905,金逸影视,2017-10-16,2200-01-01
SZ002906,华阳集团,2017-10-13,2200-01-01
SZ002907,华森制药,2017-10-20,2200-01-01
SZ002908,德生科技,2017-10-20,2200-01-01
SZ002909,集泰股份,2017-10-26,2200-01-01
SZ002910,庄园牧场,2017-10-31,2200-01-01
SZ002911,佛燃能源,2017-11-22,2200-01-01
SZ002912,中新赛克,2017-11-21,2200-01-01
SZ002913,奥士康,2017-12-01,2200-01-01
SZ002915,中欣氟材,2017-12-05,2200-01-01
SZ002916,深南电路,2017-12-13,2200-01-01
SZ002917,金奥博,2017-12-08,2200-01-01
SZ002918,蒙娜丽莎,2017-12-19,2200-01-01
SZ002919,名臣健康,2017-12-18,2200-01-01
SZ002920,德赛西威,2017-12-26,2200-01-01
SZ002921,联诚精密,2017-12-27,2200-01-01
SZ002922,伊戈尔,2017-12-29,2200-01-01
SZ002923,润都股份,2018-01-05,2200-01-01
SZ002925,盈趣科技,2018-01-15,2200-01-01
SZ002926,华西证券,2018-02-05,2200-01-01
SZ002927,泰永长征,2018-02-23,2200-01-01
SZ002928,华夏航空,2018-03-02,2200-01-01
SZ002929,润建股份,2018-03-01,2200-01-01
SZ002930,宏川智慧,2018-03-28,2200-01-01
SZ002931,锋龙股份,2018-04-03,2200-01-01
SZ002932,*ST明德,2018-07-10,2200-01-01
SZ002933,新兴装备,2018-08-28,2200-01-01
SZ002935,天奥电子,2018-09-03,2200-01-01
SZ002936,郑州银行,2018-09-19,2200-01-01
SZ002937,兴瑞科技,2018-09-26,2200-01-01
SZ002938,鹏鼎控股,2018-09-18,2200-01-01
SZ002939,长城证券,2018-10-26,2200-01-01
SZ002940,昂利康,2018-10-23,2200-01-01
SZ002941,新疆交建,2018-11-28,2200-01-01
SZ002942,新农股份,2018-12-05,2200-01-01
SZ002943,宇晶股份,2018-11-29,2200-01-01
SZ002945,华林证券,2019-01-17,2200-01-01
SZ002946,新乳业,2019-01-25,2200-01-01
SZ002947,恒铭达,2019-02-01,2200-01-01
SZ002948,青岛银行,2019-01-16,2200-01-01
SZ002949,华阳国际,2019-02-26,2200-01-01
SZ002950,奥美医疗,2019-03-11,2200-01-01
SZ002951,金时科技,2019-03-15,2200-01-01
SZ002952,亚世光电,2019-03-28,2200-01-01
SZ002953,日丰股份,2019-05-09,2200-01-01
SZ002955,鸿合科技,2019-05-23,2200-01-01
SZ002956,西麦食品,2019-06-19,2200-01-01
SZ002957,科瑞技术,2019-07-26,2200-01-01
SZ002958,青农商行,2019-03-26,2200-01-01
SZ002959,小熊电器,2019-08-23,2200-01-01
SZ002960,青鸟智控,2019-08-09,2200-01-01
SZ002961,瑞达期货,2019-09-05,2200-01-01
SZ002962,五方光电,2019-09-17,2200-01-01
SZ002963,豪尔赛,2019-10-28,2200-01-01
SZ002965,祥鑫科技,2019-10-25,2200-01-01
SZ002966,苏州银行,2019-08-02,2200-01-01
SZ002967,广电计量,2019-11-08,2200-01-01
SZ002968,新大正,2019-12-03,2200-01-01
SZ002969,嘉美包装,2019-12-02,2200-01-01
SZ002970,锐明技术,2019-12-17,2200-01-01
SZ002971,和远气体,2020-01-13,2200-01-01
SZ002972,科安达,2019-12-27,2200-01-01
SZ002973,侨银股份,2020-01-06,2200-01-01
SZ002975,博杰股份,2020-02-05,2200-01-01
SZ002976,瑞玛精密,2020-03-06,2200-01-01
SZ002977,*ST天箭,2020-03-17,2200-01-01
SZ002978,安宁股份,2020-04-17,2200-01-01
SZ002979,雷赛智能,2020-04-08,2200-01-01
SZ002980,华盛昌,2020-04-15,2200-01-01
SZ002981,朝阳科技,2020-04-17,2200-01-01
SZ002982,湘佳股份,2020-04-24,2200-01-01
SZ002983,芯瑞达,2020-04-28,2200-01-01
SZ002984,森麒麟,2020-09-11,2200-01-01
SZ002985,北摩高科,2020-04-29,2200-01-01
SZ002986,宇新股份,2020-06-02,2200-01-01
SZ002987,京北方,2020-05-07,2200-01-01
SZ002988,豪美新材,2020-05-18,2200-01-01
SZ002989,中天精装,2020-06-10,2200-01-01
SZ002990,盛视科技,2020-05-25,2200-01-01
SZ002991,甘源食品,2020-07-31,2200-01-01
SZ002992,宝明科技,2020-08-03,2200-01-01
SZ002993,奥海科技,2020-08-17,2200-01-01
SZ002995,天地在线,2020-08-05,2200-01-01
SZ002996,顺博合金,2020-08-28,2200-01-01
SZ002997,瑞鹄模具,2020-09-03,2200-01-01
SZ002998,优彩资源,2020-09-25,2200-01-01
SZ002999,天禾股份,2020-09-03,2200-01-01
SZ003000,劲仔食品,2020-09-14,2200-01-01
SZ003001,中岩大地,2020-10-13,2200-01-01
SZ003002,壶化股份,2020-09-22,2200-01-01
SZ003003,天元股份,2020-09-21,2200-01-01
SZ003004,声迅股份,2020-11-26,2200-01-01
SZ003005,竞业达,2020-09-22,2200-01-01
SZ003006,百亚股份,2020-09-21,2200-01-01
SZ003007,直真科技,2020-09-23,2200-01-01
SZ003008,开普检测,2020-09-23,2200-01-01
SZ003009,中天火箭,2020-09-25,2200-01-01
SZ003010,若羽臣,2020-09-25,2200-01-01
SZ003011,海象新材,2020-09-30,2200-01-01
SZ003012,东鹏控股,2020-10-19,2200-01-01
SZ003013,地铁设计,2020-10-22,2200-01-01
SZ003015,日久光电,2020-10-21,2200-01-01
SZ003016,欣贺股份,2020-10-26,2200-01-01
SZ003017,大洋生物,2020-10-26,2200-01-01
SZ003018,金富科技,2020-11-06,2200-01-01
SZ003019,宸展光电,2020-11-17,2200-01-01
SZ003020,立方制药,2020-12-15,2200-01-01
SZ003021,兆威机电,2020-12-04,2200-01-01
SZ003022,联泓新科,2020-12-08,2200-01-01
SZ003023,彩虹集团,2020-12-11,2200-01-01
SZ003025,思进智能,2020-12-11,2200-01-01
SZ003026,中晶科技,2020-12-18,2200-01-01
SZ003027,同兴科技,2020-12-18,2200-01-01
SZ003028,振邦智能,2020-12-28,2200-01-01
SZ003029,吉大正元,2020-12-24,2200-01-01
SZ003030,祖名股份,2021-01-06,2200-01-01
SZ003031,中瓷电子,2021-01-04,2200-01-01
SZ003032,传智教育,2021-01-12,2200-01-01
SZ003033,征和工业,2021-01-11,2200-01-01
SZ003035,南网能源,2021-01-19,2200-01-01
SZ003036,泰坦股份,2021-01-28,2200-01-01
SZ003037,三和管桩,2021-02-04,2200-01-01
SZ003038,鑫铂股份,2021-02-10,2200-01-01
SZ003039,顺控发展,2021-03-08,2200-01-01
SZ003040,楚天龙,2021-03-22,2200-01-01
SZ003041,真爱美家,2021-04-06,2200-01-01
SZ003042,中农联合,2021-04-06,2200-01-01
SZ003043,华亚智能,2021-04-06,2200-01-01
SZ003816,中国广核,2019-08-26,2200-01-01
SZ300001,特锐德,2009-10-30,2200-01-01
SZ300002,神州泰岳,2009-10-30,2200-01-01
SZ300003,乐普医疗,2009-10-30,2200-01-01
SZ300004,南风股份,2009-10-30,2200-01-01
SZ300005,探路者,2009-10-30,2200-01-01
SZ300006,莱美药业,2009-10-30,2200-01-01
SZ300007,汉威科技,2009-10-30,2200-01-01
SZ300008,天海防务,2009-10-30,2200-01-01
SZ300009,安科生物,2009-10-30,2200-01-01
SZ300010,ST豆神,2009-10-30,2200-01-01
SZ300011,鼎汉技术,2009-10-30,2200-01-01
SZ300012,华测检测,2009-10-30,2200-01-01
SZ300013,新宁物流,2009-10-30,2200-01-01
SZ300014,亿纬锂能,2009-10-30,2200-01-01
SZ300015,爱尔眼科,2009-10-30,2200-01-01
SZ300016,北陆药业,2009-10-30,2200-01-01
SZ300017,网宿科技,2009-10-30,2200-01-01
SZ300018,中元股份,2009-10-30,2200-01-01
SZ300019,硅宝科技,2009-10-30,2200-01-01
SZ300020,ST银江,2009-10-30,2200-01-01
SZ300021,大禹节水,2009-10-30,2200-01-01
SZ300022,吉峰科技,2009-10-30,2200-01-01
SZ300023,宝德退,2009-10-30,2022-06-28
SZ300024,机器人,2009-10-30,2200-01-01
SZ300025,华星创业,2009-10-30,2200-01-01
SZ300026,红日药业,2009-10-30,2200-01-01
SZ300027,ST华谊,2009-10-30,2200-01-01
SZ300029,天龙退,2009-12-25,2026-07-09
SZ300030,阳普医疗,2009-12-25,2200-01-01
SZ300031,宝通科技,2009-12-25,2200-01-01
SZ300032,金龙机电,2009-12-25,2200-01-01
SZ300033,同花顺,2009-12-25,2200-01-01
SZ300034,钢研高纳,2009-12-25,2200-01-01
SZ300035,中科电气,2009-12-25,2200-01-01
SZ300036,超图软件,2009-12-25,2200-01-01
SZ300037,新宙邦,2010-01-08,2200-01-01
SZ300038,数知退,2010-01-08,2022-06-29
SZ300039,上海凯宝,2010-01-08,2200-01-01
SZ300040,九洲集团,2010-01-08,2200-01-01
SZ300041,回天新材,2010-01-08,2200-01-01
SZ300042,朗科科技,2010-01-08,2200-01-01
SZ300043,星辉娱乐,2010-01-20,2200-01-01
SZ300044,*ST赛为,2010-01-20,2200-01-01
SZ300045,华力创通,2010-01-20,2200-01-01
SZ300046,台基股份,2010-01-20,2200-01-01
SZ300047,天源迪科,2010-01-20,2200-01-01
SZ300048,合康新能,2010-01-20,2200-01-01
SZ300049,福瑞医科,2010-01-20,2200-01-01
SZ300050,世纪鼎利,2010-01-20,2200-01-01
SZ300051,琏升科技,2010-02-11,2200-01-01
SZ300052,中青宝,2010-02-11,2200-01-01
SZ300053,航宇微,2010-02-11,2200-01-01
SZ300054,鼎龙股份,2010-02-11,2200-01-01
SZ300055,万邦达,2010-02-26,2200-01-01
SZ300056,中创环保,2010-02-26,2200-01-01
SZ300057,万顺新材,2010-02-26,2200-01-01
SZ300058,蓝色光标,2010-02-26,2200-01-01
SZ300059,东方财富,2010-03-19,2200-01-01
SZ300061,旗天科技,2010-03-19,2200-01-01
SZ300062,中能电气,2010-03-19,2200-01-01
SZ300063,天龙集团,2010-03-26,2200-01-01
SZ300064,金刚退,2010-03-26,2022-06-27
SZ300065,海兰信,2010-03-26,2200-01-01
SZ300066,三川智慧,2010-03-26,2200-01-01
SZ300067,安诺其,2010-04-21,2200-01-01
SZ300068,ST南都,2010-04-21,2200-01-01
SZ300069,金利华电,2010-04-21,2200-01-01
SZ300070,碧水源,2010-04-21,2200-01-01
SZ300071,福石控股,2010-04-21,2200-01-01
SZ300072,海新能科,2010-04-27,2200-01-01
SZ300073,当升科技,2010-04-27,2200-01-01
SZ300074,华平股份,2010-04-27,2200-01-01
SZ300075,数字政通,2010-04-27,2200-01-01
SZ300076,*ST宁视,2010-04-30,2200-01-01
SZ300077,国民技术,2010-04-30,2200-01-01
SZ300078,思创智联,2010-04-30,2200-01-01
SZ300079,数码视讯,2010-04-30,2200-01-01
SZ300080,易成新能,2010-06-25,2200-01-01
SZ300081,ST恒信,2010-05-20,2200-01-01
SZ300082,奥克股份,2010-05-20,2200-01-01
SZ300083,创世纪,2010-05-20,2200-01-01
SZ300084,海默科技,2010-05-20,2200-01-01
SZ300085,银之杰,2010-05-26,2200-01-01
SZ300086,康芝药业,2010-05-26,2200-01-01
SZ300087,ST荃银,2010-05-26,2200-01-01
SZ300088,长信科技,2010-05-26,2200-01-01
SZ300089,文化退,2010-06-25,2023-07-12
SZ300091,*ST金灵,2010-06-25,2200-01-01
SZ300092,科新机电,2010-07-08,2200-01-01
SZ300093,金刚光伏,2010-07-08,2200-01-01
SZ300094,国联水产,2010-07-08,2200-01-01
SZ300095,华伍股份,2010-07-28,2200-01-01
SZ300096,ST易联众,2010-07-28,2200-01-01
SZ300097,智云股份,2010-07-28,2200-01-01
SZ300098,高新兴,2010-07-28,2200-01-01
SZ300099,尤洛卡,2010-08-06,2200-01-01
SZ300100,双林股份,2010-08-06,2200-01-01
SZ300101,振芯科技,2010-08-06,2200-01-01
SZ300102,乾照光电,2010-08-12,2200-01-01
SZ300103,达刚控股,2010-08-12,2200-01-01
SZ300105,龙源技术,2010-08-20,2200-01-01
SZ300106,西部牧业,2010-08-20,2200-01-01
SZ300107,建新股份,2010-08-20,2200-01-01
SZ300108,*ST吉药,2010-08-25,2025-05-28
SZ300109,新开源,2010-08-25,2200-01-01
SZ300110,华仁药业,2010-08-25,2200-01-01
SZ300111,向日葵,2010-08-27,2200-01-01
SZ300112,万讯自控,2010-08-27,2200-01-01
SZ300113,顺网科技,2010-08-27,2200-01-01
SZ300114,中航电测,2010-08-27,2025-02-14
SZ300115,长盈精密,2010-09-02,2200-01-01
SZ300116,*ST保力,2010-09-02,2024-07-23
SZ300117,*ST嘉寓,2010-09-02,2025-04-29
SZ300118,东方日升,2010-09-02,2200-01-01
SZ300119,瑞普生物,2010-09-17,2200-01-01
SZ300120,经纬辉开,2010-09-17,2200-01-01
SZ300121,阳谷华泰,2010-09-17,2200-01-01
SZ300122,智飞生物,2010-09-28,2200-01-01
SZ300123,ST亚光,2010-09-28,2200-01-01
SZ300124,汇川技术,2010-09-28,2200-01-01
SZ300125,聆达股份,2010-10-13,2200-01-01
SZ300126,锐奇股份,2010-10-13,2200-01-01
SZ300127,银河磁体,2010-10-13,2200-01-01
SZ300128,锦富技术,2010-10-13,2200-01-01
SZ300129,泰胜风能,2010-10-19,2200-01-01
SZ300130,新国都,2010-10-19,2200-01-01
SZ300131,英唐智控,2010-10-19,2200-01-01
SZ300132,诺斯贝尔,2010-10-26,2200-01-01
SZ300133,华策影视,2010-10-26,2200-01-01
SZ300134,大富科技,2010-10-26,2200-01-01
SZ300135,宝利国际,2010-10-26,2200-01-01
SZ300136,信维通信,2010-11-05,2200-01-01
SZ300137,先河环保,2010-11-05,2200-01-01
SZ300138,晨光生物,2010-11-05,2200-01-01
SZ300139,晓程科技,2010-11-12,2200-01-01
SZ300140,节能环境,2010-11-12,2200-01-01
SZ300141,和顺电气,2010-11-12,2200-01-01
SZ300142,沃森生物,2010-11-12,2200-01-01
SZ300143,盈康生命,2010-12-09,2200-01-01
SZ300144,宋城演艺,2010-12-09,2200-01-01
SZ300145,南方泵业,2010-12-09,2200-01-01
SZ300146,汤臣倍健,2010-12-15,2200-01-01
SZ300147,*ST香雪,2010-12-15,2200-01-01
SZ300148,天舟文化,2010-12-15,2200-01-01
SZ300149,睿智医药,2010-12-22,2200-01-01
SZ300150,世纪瑞尔,2010-12-22,2200-01-01
SZ300151,昌红科技,2010-12-22,2200-01-01
SZ300152,*ST动力,2010-12-29,2200-01-01
SZ300153,科泰电源,2010-12-29,2200-01-01
SZ300154,瑞凌股份,2010-12-29,2200-01-01
SZ300155,安居宝,2011-01-07,2200-01-01
SZ300157,新锦动力,2011-01-07,2200-01-01
SZ300158,振东制药,2011-01-07,2200-01-01
SZ300159,新研股份,2011-01-07,2200-01-01
SZ300160,秀强股份,2011-01-13,2200-01-01
SZ300161,华中数控,2011-01-13,2200-01-01
SZ300162,雷曼光电,2011-01-13,2200-01-01
SZ300163,先锋新材,2011-01-13,2200-01-01
SZ300164,通源石油,2011-01-13,2200-01-01
SZ300165,天瑞仪器,2011-01-25,2200-01-01
SZ300166,东方国信,2011-01-25,2200-01-01
SZ300167,ST迪威迅,2011-01-25,2200-01-01
SZ300168,万达信息,2011-01-25,2200-01-01
SZ300169,天晟新材,2011-01-25,2200-01-01
SZ300170,汉得信息,2011-02-01,2200-01-01
SZ300171,东富龙,2011-02-01,2200-01-01
SZ300172,中电环保,2011-02-01,2200-01-01
SZ300173,ST福能,2011-02-01,2200-01-01
SZ300174,元力股份,2011-02-01,2200-01-01
SZ300175,朗源股份,2011-02-15,2200-01-01
SZ300176,鸿特科技,2011-02-15,2200-01-01
SZ300177,中海达,2011-02-15,2200-01-01
SZ300178,腾邦退,2011-02-15,2022-06-21
SZ300179,四方达,2011-02-15,2200-01-01
SZ300180,华峰超纤,2011-02-22,2200-01-01
SZ300181,佐力药业,2011-02-22,2200-01-01
SZ300182,捷成股份,2011-02-22,2200-01-01
SZ300183,东软载波,2011-02-22,2200-01-01
SZ300184,力源信息,2011-02-22,2200-01-01
SZ300185,通裕重工,2011-03-08,2200-01-01
SZ300187,永清环保,2011-03-08,2200-01-01
SZ300188,国投智能,2011-03-16,2200-01-01
SZ300189,神农种业,2011-03-16,2200-01-01
SZ300190,维尔利,2011-03-16,2200-01-01
SZ300191,潜能恒信,2011-03-16,2200-01-01
SZ300192,科德教育,2011-03-22,2200-01-01
SZ300193,佳士科技,2011-03-22,2200-01-01
SZ300194,福安药业,2011-03-22,2200-01-01
SZ300195,长荣股份,2011-03-29,2200-01-01
SZ300196,长海股份,2011-03-29,2200-01-01
SZ300197,节能铁汉,2011-03-29,2200-01-01
SZ300198,*ST纳川,2011-04-07,2200-01-01
SZ300199,翰宇药业,2011-04-07,2200-01-01
SZ300200,高盟新材,2011-04-07,2200-01-01
SZ300201,海伦哲,2011-04-07,2200-01-01
SZ300202,聚龙退,2011-04-15,2022-07-01
SZ300203,聚光科技,2011-04-15,2200-01-01
SZ300204,舒泰神,2011-04-15,2200-01-01
SZ300205,*ST天喻,2011-04-21,2200-01-01
SZ300206,理邦仪器,2011-04-21,2200-01-01
SZ300207,欣旺达,2011-04-21,2200-01-01
SZ300208,中程退,2011-04-26,2025-07-18
SZ300209,行云科技,2011-04-26,2200-01-01
SZ300210,森远股份,2011-04-26,2200-01-01
SZ300211,*ST亿通,2011-05-05,2200-01-01
SZ300212,*ST易录,2011-05-05,2200-01-01
SZ300213,佳讯飞鸿,2011-05-05,2200-01-01
SZ300214,日科化学,2011-05-11,2200-01-01
SZ300215,电科院,2011-05-11,2200-01-01
SZ300217,东方电热,2011-05-18,2200-01-01
SZ300218,安利股份,2011-05-18,2200-01-01
SZ300219,鸿利智汇,2011-05-18,2200-01-01
SZ300220,金运激光,2011-05-25,2200-01-01
SZ300221,银禧科技,2011-05-25,2200-01-01
SZ300222,科大智能,2011-05-25,2200-01-01
SZ300223,君正股份,2011-05-31,2200-01-01
SZ300224,正海磁材,2011-05-31,2200-01-01
SZ300225,金力泰,2011-05-31,2200-01-01
SZ300226,上海钢联,2011-06-08,2200-01-01
SZ300227,光韵达,2011-06-08,2200-01-01
SZ300228,富瑞特装,2011-06-08,2200-01-01
SZ300229,拓尔思,2011-06-15,2200-01-01
SZ300230,永利股份,2011-06-15,2200-01-01
SZ300231,银信科技,2011-06-15,2200-01-01
SZ300232,洲明科技,2011-06-22,2200-01-01
SZ300233,金城医药,2011-06-22,2200-01-01
SZ300234,开尔新材,2011-06-22,2200-01-01
SZ300235,方直科技,2011-06-29,2200-01-01
SZ300236,上海新阳,2011-06-29,2200-01-01
SZ300237,ST美晨,2011-06-29,2200-01-01
SZ300238,冠昊生物,2011-07-06,2200-01-01
SZ300239,东宝生物,2011-07-06,2200-01-01
SZ300240,飞力达,2011-07-06,2200-01-01
SZ300241,瑞丰光电,2011-07-12,2200-01-01
SZ300242,佳云科技,2011-07-12,2200-01-01
SZ300243,瑞丰高材,2011-07-12,2200-01-01
SZ300244,迪安诊断,2011-07-19,2200-01-01
SZ300245,ST天玑,2011-07-19,2200-01-01
SZ300246,宝莱特,2011-07-19,2200-01-01
SZ300247,融捷健康,2011-07-29,2200-01-01
SZ300248,新开普,2011-07-29,2200-01-01
SZ300249,依米康,2011-08-03,2200-01-01
SZ300250,初灵信息,2011-08-03,2200-01-01
SZ300251,光线传媒,2011-08-03,2200-01-01
SZ300252,金信诺,2011-08-18,2200-01-01
SZ300253,卫宁健康,2011-08-18,2200-01-01
SZ300254,仟源医药,2011-08-19,2200-01-01
SZ300255,常山药业,2011-08-19,2200-01-01
SZ300256,星星科技,2011-08-19,2200-01-01
SZ300257,开山股份,2011-08-19,2200-01-01
SZ300258,精锻科技,2011-08-26,2200-01-01
SZ300259,新天科技,2011-08-31,2200-01-01
SZ300260,新莱应材,2011-09-06,2200-01-01
SZ300261,雅本化学,2011-09-06,2200-01-01
SZ300262,*ST巴安,2011-09-16,2024-08-16
SZ300263,隆华科技,2011-09-16,2200-01-01
SZ300264,佳创视讯,2011-09-16,2200-01-01
SZ300265,通光线缆,2011-09-16,2200-01-01
SZ300266,兴源环境,2011-09-27,2200-01-01
SZ300267,尔康制药,2011-09-27,2200-01-01
SZ300268,佳沃食品,2011-09-27,2200-01-01
SZ300269,联建光电,2011-10-12,2200-01-01
SZ300270,中威电子,2011-10-12,2200-01-01
SZ300271,华宇软件,2011-10-26,2200-01-01
SZ300272,开能健康,2011-11-02,2200-01-01
SZ300273,和佳退,2011-10-26,2023-07-05
SZ300274,阳光电源,2011-11-02,2200-01-01
SZ300275,梅安森,2011-11-02,2200-01-01
SZ300276,三丰智能,2011-11-15,2200-01-01
SZ300277,汽轮科技,2011-11-23,2200-01-01
SZ300278,华昌达,2011-12-16,2200-01-01
SZ300279,和晶科技,2011-12-29,2200-01-01
SZ300280,紫天退,2011-12-29,2025-10-13
SZ300281,金明精机,2011-12-29,2200-01-01
SZ300282,三盛退,2011-12-29,2024-07-17
SZ300283,温州宏丰,2012-01-10,2200-01-01
SZ300284,苏交科,2012-01-10,2200-01-01
SZ300285,国瓷材料,2012-01-13,2200-01-01
SZ300286,安科瑞,2012-01-13,2200-01-01
SZ300287,飞利信,2012-02-01,2200-01-01
SZ300288,朗玛信息,2012-02-16,2200-01-01
SZ300289,利德曼,2012-02-16,2200-01-01
SZ300290,ST荣科,2012-02-16,2200-01-01
SZ300291,百纳千成,2012-02-09,2200-01-01
SZ300292,吴通控股,2012-02-29,2200-01-01
SZ300293,蓝英装备,2012-03-08,2200-01-01
SZ300294,博雅生物,2012-03-08,2200-01-01
SZ300295,*ST三六五,2012-03-15,2200-01-01
SZ300296,利亚德,2012-03-15,2200-01-01
SZ300297,蓝盾退,2012-03-15,2023-07-28
SZ300298,三诺生物,2012-03-19,2200-01-01
SZ300299,富春股份,2012-03-19,2200-01-01
SZ300300,海峡创新,2012-03-19,2200-01-01
SZ300301,ST长方,2012-03-21,2200-01-01
SZ300302,同有科技,2012-03-21,2200-01-01
SZ300303,聚飞光电,2012-03-19,2200-01-01
SZ300304,云意电气,2012-03-21,2200-01-01
SZ300305,裕兴股份,2012-03-29,2200-01-01
SZ300306,远方信息,2012-03-29,2200-01-01
SZ300307,慈星股份,2012-03-29,2200-01-01
SZ300308,中际旭创,2012-04-10,2200-01-01
SZ300309,吉艾退,2012-04-10,2023-05-29
SZ300310,宜通世纪,2012-04-25,2200-01-01
SZ300311,任子行,2012-04-25,2200-01-01
SZ300312,邦讯退,2012-05-08,2022-07-01
SZ300313,天山生物,2012-04-25,2200-01-01
SZ300314,戴维医疗,2012-05-08,2200-01-01
SZ300315,掌趣科技,2012-05-11,2200-01-01
SZ300316,晶盛机电,2012-05-11,2200-01-01
SZ300317,珈伟新能,2012-05-11,2200-01-01
SZ300318,博晖创新,2012-05-23,2200-01-01
SZ300319,麦捷科技,2012-05-23,2200-01-01
SZ300320,海达股份,2012-06-01,2200-01-01
SZ300321,同大股份,2012-05-23,2200-01-01
SZ300322,硕贝德,2012-06-08,2200-01-01
SZ300323,华灿光电,2012-06-01,2200-01-01
SZ300324,旋极信息,2012-06-08,2200-01-01
SZ300325,德威退,2012-06-01,2022-06-27
SZ300326,ST凯利,2012-06-13,2200-01-01
SZ300327,中颖电子,2012-06-13,2200-01-01
SZ300328,宜安科技,2012-06-19,2200-01-01
SZ300329,海伦钢琴,2012-06-19,2200-01-01
SZ300330,计通退,2012-06-19,2023-05-23
SZ300331,苏大维格,2012-06-28,2200-01-01
SZ300332,天壕能源,2012-06-28,2200-01-01
SZ300333,兆日科技,2012-06-28,2200-01-01
SZ300334,津膜科技,2012-07-05,2200-01-01
SZ300335,迪森股份,2012-07-10,2200-01-01
SZ300336,新文退,2012-07-10,2023-07-04
SZ300337,银邦股份,2012-07-18,2200-01-01
SZ300338,*ST开元,2012-07-26,2200-01-01
SZ300339,润和软件,2012-07-18,2200-01-01
SZ300340,科恒股份,2012-07-26,2200-01-01
SZ300341,麦克奥迪,2012-07-26,2200-01-01
SZ300342,天银机电,2012-07-26,2200-01-01
SZ300343,联创股份,2012-08-01,2200-01-01
SZ300344,立方退,2012-08-01,2026-04-21
SZ300345,华民股份,2012-08-01,2200-01-01
SZ300346,南大光电,2012-08-07,2200-01-01
SZ300347,泰格医药,2012-08-17,2200-01-01
SZ300348,长亮科技,2012-08-17,2200-01-01
SZ300349,金卡智能,2012-08-17,2200-01-01
SZ300350,华鹏飞,2012-08-21,2200-01-01
SZ300351,永贵电器,2012-09-20,2200-01-01
SZ300352,ST信源,2012-09-12,2200-01-01
SZ300353,东土科技,2012-09-27,2200-01-01
SZ300354,东华测试,2012-09-20,2200-01-01
SZ300355,蒙草生态,2012-09-27,2200-01-01
SZ300356,光一退,2012-10-09,2023-07-12
SZ300357,我武生物,2014-01-21,2200-01-01
SZ300358,楚天科技,2014-01-21,2200-01-01
SZ300359,全通教育,2014-01-21,2200-01-01
SZ300360,炬华科技,2014-01-21,2200-01-01
SZ300362,天翔退,2014-01-21,2021-08-27
SZ300363,博腾股份,2014-01-29,2200-01-01
SZ300364,中文在线,2015-01-21,2200-01-01
SZ300365,恒华科技,2014-01-23,2200-01-01
SZ300366,ST创意,2014-01-27,2200-01-01
SZ300367,网力退,2014-01-29,2022-06-29
SZ300368,汇金股份,2014-01-23,2200-01-01
SZ300369,绿盟科技,2014-01-29,2200-01-01
SZ300370,安控科技,2014-01-23,2200-01-01
SZ300371,汇中股份,2014-01-23,2200-01-01
SZ300373,扬杰科技,2014-01-23,2200-01-01
SZ300374,中铁装配,2015-03-19,2200-01-01
SZ300375,鹏翎股份,2014-01-27,2200-01-01
SZ300376,易事特,2014-01-27,2200-01-01
SZ300377,赢时胜,2014-01-27,2200-01-01
SZ300378,鼎捷数智,2014-01-27,2200-01-01
SZ300379,东通退,2014-01-28,2026-01-21
SZ300380,安硕信息,2014-01-28,2200-01-01
SZ300381,溢多利,2014-01-28,2200-01-01
SZ300382,斯莱克,2014-01-29,2200-01-01
SZ300383,光环新网,2014-01-29,2200-01-01
SZ300384,三联虹普,2014-08-01,2200-01-01
SZ300385,ST雪浪,2014-06-26,2200-01-01
SZ300386,飞天诚信,2014-06-26,2200-01-01
SZ300387,富邦科技,2014-07-02,2200-01-01
SZ300388,节能国祯,2014-08-01,2200-01-01
SZ300389,艾比森,2014-08-01,2200-01-01
SZ300390,天华新能,2014-07-31,2200-01-01
SZ300391,长药退,2014-08-01,2026-04-10
SZ300392,腾信退,2014-09-10,2023-07-07
SZ300393,中来股份,2014-09-12,2200-01-01
SZ300394,天孚通信,2015-02-17,2200-01-01
SZ300395,菲利华,2014-09-10,2200-01-01
SZ300396,ST迪瑞,2014-09-10,2200-01-01
SZ300397,天和防务,2014-09-10,2200-01-01
SZ300398,飞凯材料,2014-10-09,2200-01-01
SZ300399,天利科技,2014-10-09,2200-01-01
SZ300400,劲拓股份,2014-10-10,2200-01-01
SZ300401,花园生物,2014-10-09,2200-01-01
SZ300402,宝色股份,2014-10-10,2200-01-01
SZ300403,汉宇集团,2014-10-30,2200-01-01
SZ300404,博济医药,2015-04-24,2200-01-01
SZ300405,科隆股份,2014-10-30,2200-01-01
SZ300406,九强生物,2014-10-30,2200-01-01
SZ300407,凯发电气,2014-12-03,2200-01-01
SZ300408,三环集团,2014-12-03,2200-01-01
SZ300409,道氏技术,2014-12-03,2200-01-01
SZ300410,正业科技,2014-12-31,2200-01-01
SZ300411,金盾股份,2014-12-31,2200-01-01
SZ300412,迦南科技,2014-12-31,2200-01-01
SZ300413,芒果超媒,2015-01-21,2200-01-01
SZ300414,中光防雷,2015-05-13,2200-01-01
SZ300415,伊之密,2015-01-23,2200-01-01
SZ300416,苏试试验,2015-01-22,2200-01-01
SZ300417,南华仪器,2015-01-23,2200-01-01
SZ300418,昆仑万维,2015-01-21,2200-01-01
SZ300419,ST浩丰,2015-01-22,2200-01-01
SZ300420,五洋自控,2015-02-17,2200-01-01
SZ300421,力星股份,2015-02-17,2200-01-01
SZ300422,博世科,2015-02-17,2200-01-01
SZ300423,昇辉科技,2015-02-17,2200-01-01
SZ300424,航新科技,2015-04-22,2200-01-01
SZ300425,中建环能,2015-02-16,2200-01-01
SZ300426,华智数媒,2015-02-17,2200-01-01
SZ300427,红相股份,2015-02-17,2200-01-01
SZ300428,立中集团,2015-03-19,2200-01-01
SZ300429,强力新材,2015-03-24,2200-01-01
SZ300430,*ST益通,2015-03-19,2200-01-01
SZ300432,富临精工,2015-03-19,2200-01-01
SZ300433,蓝思科技,2015-03-18,2200-01-01
SZ300434,金石亚药,2015-04-24,2200-01-01
SZ300435,中泰股份,2015-03-26,2200-01-01
SZ300436,广生堂,2015-04-22,2200-01-01
SZ300437,清水源,2015-04-23,2200-01-01
SZ300438,鹏辉能源,2015-04-24,2200-01-01
SZ300439,美康生物,2015-04-22,2200-01-01
SZ300440,运达科技,2015-04-23,2200-01-01
SZ300441,鲍斯股份,2015-04-23,2200-01-01
SZ300442,润泽科技,2015-04-24,2200-01-01
SZ300443,金雷股份,2015-04-22,2200-01-01
SZ300444,双杰电气,2015-04-23,2200-01-01
SZ300445,康斯特,2015-04-24,2200-01-01
SZ300446,航天智造,2015-04-23,2200-01-01
SZ300447,全信股份,2015-04-22,2200-01-01
SZ300448,浩云科技,2015-04-24,2200-01-01
SZ300449,汉邦高科,2015-04-22,2200-01-01
SZ300450,先导智能,2015-05-18,2200-01-01
SZ300451,创业慧康,2015-05-14,2200-01-01
SZ300452,山河药辅,2015-05-15,2200-01-01
SZ300453,三鑫医疗,2015-05-15,2200-01-01
SZ300454,深信服,2018-05-16,2200-01-01
SZ300455,航天智装,2015-05-15,2200-01-01
SZ300456,赛微电子,2015-05-14,2200-01-01
SZ300457,赢合科技,2015-05-14,2200-01-01
SZ300458,全志科技,2015-05-15,2200-01-01
SZ300459,汤姆猫,2015-05-15,2200-01-01
SZ300460,ST惠伦,2015-05-15,2200-01-01
SZ300461,田中精机,2015-05-19,2200-01-01
SZ300462,ST华铭,2015-05-27,2200-01-01
SZ300463,迈克生物,2015-05-28,2200-01-01
SZ300464,星徽股份,2015-06-10,2200-01-01
SZ300465,高伟达,2015-05-28,2200-01-01
SZ300466,赛摩智能,2015-05-28,2200-01-01
SZ300467,迅游科技,2015-05-27,2200-01-01
SZ300468,四方精创,2015-05-27,2200-01-01
SZ300469,信息发展,2015-06-11,2200-01-01
SZ300470,中密控股,2015-06-12,2200-01-01
SZ300471,厚普股份,2015-06-11,2200-01-01
SZ300472,ST新元,2015-06-11,2200-01-01
SZ300473,德尔股份,2015-06-12,2200-01-01
SZ300474,景嘉微,2016-03-31,2200-01-01
SZ300475,香农芯创,2015-06-10,2200-01-01
SZ300476,胜宏科技,2015-06-11,2200-01-01
SZ300477,ST合纵,2015-06-10,2200-01-01
SZ300478,杭州高新,2015-06-10,2200-01-01
SZ300479,神思电子,2015-06-12,2200-01-01
SZ300480,光力科技,2015-07-02,2200-01-01
SZ300481,濮阳惠成,2015-06-30,2200-01-01
SZ300482,万孚生物,2015-06-30,2200-01-01
SZ300483,首华燃气,2015-06-30,2200-01-01
SZ300484,蓝海华腾,2016-03-22,2200-01-01
SZ300485,赛升药业,2015-06-26,2200-01-01
SZ300486,东杰智能,2015-06-30,2200-01-01
SZ300487,蓝晓科技,2015-07-02,2200-01-01
SZ300488,恒锋工具,2015-07-01,2200-01-01
SZ300489,光智科技,2015-07-01,2200-01-01
SZ300490,华自科技,2015-12-31,2200-01-01
SZ300491,通合科技,2015-12-31,2200-01-01
SZ300492,华图山鼎,2015-12-23,2200-01-01
SZ300493,润欣科技,2015-12-10,2200-01-01
SZ300494,盛天网络,2015-12-31,2200-01-01
SZ300495,*ST美尚,2015-12-22,2024-09-19
SZ300496,中科创达,2015-12-10,2200-01-01
SZ300497,富祥股份,2015-12-22,2200-01-01
SZ300498,温氏股份,2015-11-02,2200-01-01
SZ300499,高澜股份,2016-02-02,2200-01-01
SZ300500,启迪设计,2016-02-04,2200-01-01
SZ300501,海顺新材,2016-02-04,2200-01-01
SZ300502,新易盛,2016-03-03,2200-01-01
SZ300503,昊志机电,2016-03-09,2200-01-01
SZ300504,天邑股份,2018-03-30,2200-01-01
SZ300505,川金诺,2016-03-15,2200-01-01
SZ300506,名家汇,2016-03-24,2200-01-01
SZ300507,苏奥传感,2016-04-29,2200-01-01
SZ300508,维宏股份,2016-04-19,2200-01-01
SZ300509,新美星,2016-04-25,2200-01-01
SZ300510,金冠股份,2016-05-06,2200-01-01
SZ300511,雪榕生物,2016-05-04,2200-01-01
SZ300512,中亚股份,2016-05-26,2200-01-01
SZ300513,恒实科技,2016-05-30,2200-01-01
SZ300514,友讯达,2017-04-26,2200-01-01
SZ300515,三德科技,2016-06-08,2200-01-01
SZ300516,久之洋,2016-06-02,2200-01-01
SZ300517,海波重科,2016-07-19,2200-01-01
SZ300518,新迅达,2016-06-24,2200-01-01
SZ300519,新光药业,2016-06-24,2200-01-01
SZ300520,科大国创,2016-07-08,2200-01-01
SZ300521,爱司凯,2016-07-05,2200-01-01
SZ300522,世名科技,2016-07-05,2200-01-01
SZ300523,辰安科技,2016-07-26,2200-01-01
SZ300525,博思软件,2016-07-26,2200-01-01
SZ300526,中潜退,2016-08-02,2023-07-11
SZ300527,ST应急,2016-08-05,2200-01-01
SZ300528,幸福蓝海,2016-08-08,2200-01-01
SZ300529,健帆生物,2016-08-02,2200-01-01
SZ300530,领湃科技,2016-08-09,2200-01-01
SZ300531,优博讯,2016-08-09,2200-01-01
SZ300532,今天国际,2016-08-18,2200-01-01
SZ300533,冰川网络,2016-08-18,2200-01-01
SZ300534,陇神戎发,2016-09-13,2200-01-01
SZ300535,达威股份,2016-08-12,2200-01-01
SZ300536,农尚环境,2016-09-20,2200-01-01
SZ300537,广信材料,2016-08-30,2200-01-01
SZ300538,同益股份,2016-08-26,2200-01-01
SZ300539,横河精密,2016-08-30,2200-01-01
SZ300540,蜀道装备,2016-08-23,2200-01-01
SZ300541,先进数通,2016-09-13,2200-01-01
SZ300542,新晨科技,2016-09-20,2200-01-01
SZ300543,朗科智能,2016-09-08,2200-01-01
SZ300545,联得装备,2016-09-28,2200-01-01
SZ300546,雄帝科技,2016-09-28,2200-01-01
SZ300547,川环科技,2016-09-30,2200-01-01
SZ300548,长芯博创,2016-10-12,2200-01-01
SZ300549,优德精密,2016-09-30,2200-01-01
SZ300550,和仁科技,2016-10-18,2200-01-01
SZ300551,古鳌科技,2016-10-18,2200-01-01
SZ300552,万集科技,2016-10-21,2200-01-01
SZ300553,集智股份,2016-10-21,2200-01-01
SZ300554,三超新材,2017-04-21,2200-01-01
SZ300555,ST路通,2016-10-18,2200-01-01
SZ300556,丝路视觉,2016-11-04,2200-01-01
SZ300557,理工光科,2016-11-01,2200-01-01
SZ300558,贝达药业,2016-11-07,2200-01-01
SZ300559,佳发教育,2016-11-01,2200-01-01
SZ300560,中富通,2016-11-01,2200-01-01
SZ300561,汇金科技,2016-11-17,2200-01-01
SZ300562,乐心股份,2016-11-16,2200-01-01
SZ300563,神宇股份,2016-11-14,2200-01-01
SZ300564,筑博设计,2019-11-08,2200-01-01
SZ300565,科信技术,2016-11-22,2200-01-01
SZ300566,激智科技,2016-11-15,2200-01-01
SZ300567,精测电子,2016-11-22,2200-01-01
SZ300568,星源材质,2016-12-01,2200-01-01
SZ300569,天能重工,2016-11-25,2200-01-01
SZ300570,太辰光,2016-12-06,2200-01-01
SZ300571,平治信息,2016-12-13,2200-01-01
SZ300572,安车检测,2016-12-06,2200-01-01
SZ300573,兴齐眼药,2016-12-08,2200-01-01
SZ300575,中旗股份,2016-12-20,2200-01-01
SZ300576,容大感光,2016-12-20,2200-01-01
SZ300577,开润股份,2016-12-21,2200-01-01
SZ300578,会畅科技,2017-01-25,2200-01-01
SZ300579,数字认证,2016-12-23,2200-01-01
SZ300580,贝斯特,2017-01-11,2200-01-01
SZ300581,晨曦航空,2016-12-20,2200-01-01
SZ300582,英飞特,2016-12-28,2200-01-01
SZ300583,赛托生物,2017-01-06,2200-01-01
SZ300584,海辰药业,2017-01-12,2200-01-01
SZ300585,奥联电子,2016-12-29,2200-01-01
SZ300586,美联新材,2017-01-04,2200-01-01
SZ300587,天铁科技,2017-01-05,2200-01-01
SZ300588,熙菱信息,2017-01-05,2200-01-01
SZ300589,江龙船艇,2017-01-13,2200-01-01
SZ300590,移为通信,2017-01-11,2200-01-01
SZ300591,万里马,2017-01-10,2200-01-01
SZ300592,华凯易佰,2017-01-20,2200-01-01
SZ300593,新雷能,2017-01-13,2200-01-01
SZ300594,ST朗进,2019-06-21,2200-01-01
SZ300595,欧普康视,2017-01-17,2200-01-01
SZ300596,利安隆,2017-01-19,2200-01-01
SZ300597,吉大通信,2017-01-23,2200-01-01
SZ300598,诚迈科技,2017-01-20,2200-01-01
SZ300599,雄塑科技,2017-01-23,2200-01-01
SZ300600,国瑞科技,2017-01-25,2200-01-01
SZ300601,康泰生物,2017-02-07,2200-01-01
SZ300602,飞荣达,2017-01-26,2200-01-01
SZ300603,立昂技术,2017-01-26,2200-01-01
SZ300604,长川科技,2017-04-17,2200-01-01
SZ300605,恒锋信息,2017-02-08,2200-01-01
SZ300606,金太阳,2017-02-08,2200-01-01
SZ300607,拓斯达,2017-02-09,2200-01-01
SZ300608,思特奇,2017-02-13,2200-01-01
SZ300609,汇纳科技,2017-02-15,2200-01-01
SZ300610,晨化股份,2017-02-13,2200-01-01
SZ300611,美力科技,2017-02-20,2200-01-01
SZ300612,宣亚国际,2017-02-15,2200-01-01
SZ300613,富瀚微,2017-02-20,2200-01-01
SZ300614,百川畅银,2021-05-25,2200-01-01
SZ300615,欣天科技,2017-02-15,2200-01-01
SZ300616,尚品宅配,2017-03-07,2200-01-01
SZ300617,安靠智电,2017-02-28,2200-01-01
SZ300618,寒锐钴业,2017-03-06,2200-01-01
SZ300619,金银河,2017-03-01,2200-01-01
SZ300620,光库科技,2017-03-10,2200-01-01
SZ300621,维业股份,2017-03-16,2200-01-01
SZ300622,博士眼镜,2017-03-15,2200-01-01
SZ300623,捷捷微电,2017-03-14,2200-01-01
SZ300624,万兴科技,2018-01-18,2200-01-01
SZ300625,三雄极光,2017-03-17,2200-01-01
SZ300626,华瑞股份,2017-03-20,2200-01-01
SZ300627,华测导航,2017-03-21,2200-01-01
SZ300628,亿联网络,2017-03-17,2200-01-01
SZ300629,新劲刚,2017-03-24,2200-01-01
SZ300630,普利退,2017-03-28,2025-05-21
SZ300631,久吾高科,2017-03-23,2200-01-01
SZ300632,光莆股份,2017-04-06,2200-01-01
SZ300633,开立医疗,2017-04-06,2200-01-01
SZ300634,彩讯股份,2018-03-23,2200-01-01
SZ300635,中达安,2017-03-31,2200-01-01
SZ300636,同和药业,2017-03-31,2200-01-01
SZ300637,扬帆新材,2017-04-12,2200-01-01
SZ300638,广和通,2017-04-13,2200-01-01
SZ300639,凯普生物,2017-04-12,2200-01-01
SZ300640,德艺文创,2017-04-17,2200-01-01
SZ300641,正丹股份,2017-04-18,2200-01-01
SZ300642,透景生命,2017-04-21,2200-01-01
SZ300643,万通智控,2017-05-05,2200-01-01
SZ300644,南京聚隆,2018-02-06,2200-01-01
SZ300645,正元智慧,2017-04-21,2200-01-01
SZ300647,超频三,2017-05-03,2200-01-01
SZ300648,星云股份,2017-04-25,2200-01-01
SZ300649,杭州园林,2017-05-05,2200-01-01
SZ300650,太龙股份,2017-05-03,2200-01-01
SZ300651,金陵体育,2017-05-09,2200-01-01
SZ300652,雷迪克,2017-05-16,2200-01-01
SZ300653,正海生物,2017-05-16,2200-01-01
SZ300654,世纪天鸿,2017-09-26,2200-01-01
SZ300655,晶瑞电材,2017-05-23,2200-01-01
SZ300656,民德电子,2017-05-19,2200-01-01
SZ300657,弘信电子,2017-05-23,2200-01-01
SZ300658,延江股份,2017-06-02,2200-01-01
SZ300659,中孚信息,2017-05-26,2200-01-01
SZ300660,江苏雷利,2017-06-02,2200-01-01
SZ300661,圣邦股份,2017-06-06,2200-01-01
SZ300662,科锐国际,2017-06-08,2200-01-01
SZ300663,科蓝软件,2017-06-08,2200-01-01
SZ300664,鹏鹞环保,2018-01-05,2200-01-01
SZ300665,飞鹿股份,2017-06-13,2200-01-01
SZ300666,江丰电子,2017-06-15,2200-01-01
SZ300667,必创科技,2017-06-19,2200-01-01
SZ300668,杰恩股份,2017-06-19,2200-01-01
SZ300669,沪宁股份,2017-06-29,2200-01-01
SZ300670,大烨智能,2017-07-03,2200-01-01
SZ300671,富满微,2017-07-05,2200-01-01
SZ300672,国科微,2017-07-12,2200-01-01
SZ300673,佩蒂股份,2017-07-11,2200-01-01
SZ300674,宇信科技,2018-11-07,2200-01-01
SZ300675,建科院,2017-07-19,2200-01-01
SZ300676,华大基因,2017-07-14,2200-01-01
SZ300677,英科医疗,2017-07-21,2200-01-01
SZ300678,中科信息,2017-07-28,2200-01-01
SZ300679,电连技术,2017-07-31,2200-01-01
SZ300680,隆盛科技,2017-07-25,2200-01-01
SZ300681,英搏尔,2017-07-25,2200-01-01
SZ300682,朗新科技,2017-08-01,2200-01-01
SZ300683,海特生物,2017-08-08,2200-01-01
SZ300684,中石科技,2017-12-27,2200-01-01
SZ300685,艾德生物,2017-08-02,2200-01-01
SZ300686,智动力,2017-08-04,2200-01-01
SZ300687,赛意信息,2017-08-03,2200-01-01
SZ300688,创业黑马,2017-08-10,2200-01-01
SZ300689,澄天伟业,2017-08-09,2200-01-01
SZ300690,双一科技,2017-08-08,2200-01-01
SZ300691,联合光电,2017-08-11,2200-01-01
SZ300692,中赋科技,2017-08-21,2200-01-01
SZ300693,盛弘股份,2017-08-22,2200-01-01
SZ300694,蠡湖股份,2018-10-15,2200-01-01
SZ300695,兆丰股份,2017-09-08,2200-01-01
SZ300696,爱乐达,2017-08-22,2200-01-01
SZ300697,电工合金,2017-09-07,2200-01-01
SZ300698,万马科技,2017-08-31,2200-01-01
SZ300699,光威复材,2017-09-01,2200-01-01
SZ300700,岱勒新材,2017-09-12,2200-01-01
SZ300701,森霸传感,2017-09-15,2200-01-01
SZ300702,天宇股份,2017-09-19,2200-01-01
SZ300703,创源股份,2017-09-19,2200-01-01
SZ300705,九典制药,2017-10-10,2200-01-01
SZ300706,阿石创,2017-09-26,2200-01-01
SZ300707,威唐工业,2017-10-10,2200-01-01
SZ300708,聚灿光电,2017-10-16,2200-01-01
SZ300709,精研科技,2017-10-19,2200-01-01
SZ300710,万隆光电,2017-10-19,2200-01-01
SZ300711,广哈通信,2017-11-01,2200-01-01
SZ300712,永福股份,2017-10-31,2200-01-01
SZ300713,英可瑞,2017-11-01,2200-01-01
SZ300715,凯伦股份,2017-10-26,2200-01-01
SZ300716,*ST泉为,2017-11-09,2200-01-01
SZ300717,华信新材,2017-11-06,2200-01-01
SZ300718,长盛轴承,2017-11-06,2200-01-01
SZ300719,安达维尔,2017-11-09,2200-01-01
SZ300720,海川智能,2017-11-06,2200-01-01
SZ300721,怡达股份,2017-11-15,2200-01-01
SZ300722,新余国科,2017-11-10,2200-01-01
SZ300723,一品红,2017-11-16,2200-01-01
SZ300724,捷佳伟创,2018-08-10,2200-01-01
SZ300725,药石科技,2017-11-10,2200-01-01
SZ300726,宏达电子,2017-11-21,2200-01-01
SZ300727,润禾材料,2017-11-27,2200-01-01
SZ300729,乐歌股份,2017-12-01,2200-01-01
SZ300730,科创信息,2017-12-05,2200-01-01
SZ300731,科创新源,2017-12-08,2200-01-01
SZ300732,设研院,2017-12-12,2200-01-01
SZ300733,西菱动力,2018-01-16,2200-01-01
SZ300735,光弘科技,2017-12-29,2200-01-01
SZ300736,百邦科技,2018-01-09,2200-01-01
SZ300737,科顺股份,2018-01-25,2200-01-01
SZ300738,奥飞数据,2018-01-19,2200-01-01
SZ300739,明阳电路,2018-02-01,2200-01-01
SZ300740,水羊股份,2018-02-08,2200-01-01
SZ300741,华宝股份,2018-03-01,2200-01-01
SZ300742,越博退,2018-05-08,2024-07-19
SZ300743,天地数码,2018-04-27,2200-01-01
SZ300745,欣锐科技,2018-05-23,2200-01-01
SZ300746,汉嘉数智,2018-05-25,2200-01-01
SZ300747,锐科激光,2018-06-25,2200-01-01
SZ300748,金力永磁,2018-09-21,2200-01-01
SZ300749,顶固集创,2018-09-25,2200-01-01
SZ300750,宁德时代,2018-06-11,2200-01-01
SZ300751,迈为股份,2018-11-09,2200-01-01
SZ300752,隆利科技,2018-11-30,2200-01-01
SZ300753,爱朋医疗,2018-12-13,2200-01-01
SZ300755,华致酒行,2019-01-29,2200-01-01
SZ300756,金马游乐,2018-12-28,2200-01-01
SZ300757,罗博特科,2019-01-08,2200-01-01
SZ300758,七彩化学,2019-02-22,2200-01-01
SZ300759,康龙化成,2019-01-28,2200-01-01
SZ300760,迈瑞医疗,2018-10-16,2200-01-01
SZ300761,立华股份,2019-02-18,2200-01-01
SZ300762,上海瀚讯,2019-03-14,2200-01-01
SZ300763,锦浪科技,2019-03-19,2200-01-01
SZ300765,石药创新,2019-03-22,2200-01-01
SZ300766,每日互动,2019-03-25,2200-01-01
SZ300767,震安科技,2019-03-29,2200-01-01
SZ300768,迪普科技,2019-04-12,2200-01-01
SZ300769,德方纳米,2019-04-15,2200-01-01
SZ300770,新媒股份,2019-04-19,2200-01-01
SZ300771,智莱科技,2019-04-22,2200-01-01
SZ300772,运达股份,2019-04-26,2200-01-01
SZ300773,拉卡拉,2019-04-25,2200-01-01
SZ300774,倍杰特,2021-08-04,2200-01-01
SZ300775,三角防务,2019-05-21,2200-01-01
SZ300776,帝尔激光,2019-05-17,2200-01-01
SZ300777,中简科技,2019-05-16,2200-01-01
SZ300778,新城市,2019-05-10,2200-01-01
SZ300779,惠城环保,2019-05-22,2200-01-01
SZ300780,德恩精工,2019-05-31,2200-01-01
SZ300781,因赛集团,2019-06-06,2200-01-01
SZ300782,卓胜微,2019-06-18,2200-01-01
SZ300783,三只松鼠,2019-07-12,2200-01-01
SZ300784,利安科技,2024-06-07,2200-01-01
SZ300785,值得买,2019-07-15,2200-01-01
SZ300786,国林科技,2019-07-23,2200-01-01
SZ300787,海能实业,2019-08-15,2200-01-01
SZ300788,中信出版,2019-07-05,2200-01-01
SZ300789,唐源电气,2019-08-28,2200-01-01
SZ300790,宇瞳光学,2019-09-20,2200-01-01
SZ300791,仙乐健康,2019-09-25,2200-01-01
SZ300792,壹网壹创,2019-09-27,2200-01-01
SZ300793,佳禾智能,2019-10-18,2200-01-01
SZ300795,米奥会展,2019-10-22,2200-01-01
SZ300796,贝斯美,2019-11-15,2200-01-01
SZ300797,钢研纳克,2019-11-01,2200-01-01
SZ300798,锦鸡股份,2019-11-22,2200-01-01
SZ300799,左江退,2019-10-29,2024-07-26
SZ300800,力合科技,2019-11-06,2200-01-01
SZ300801,泰和科技,2019-11-28,2200-01-01
SZ300802,矩子科技,2019-11-14,2200-01-01
SZ300803,指南针,2019-11-18,2200-01-01
SZ300804,广康生化,2023-06-27,2200-01-01
SZ300805,电声股份,2019-11-21,2200-01-01
SZ300806,斯迪克,2019-11-25,2200-01-01
SZ300807,天迈科技,2019-12-19,2200-01-01
SZ300808,久量股份,2019-11-29,2200-01-01
SZ300809,华辰装备,2019-12-04,2200-01-01
SZ300810,中科海讯,2019-12-06,2200-01-01
SZ300811,铂科新材,2019-12-30,2200-01-01
SZ300812,易天股份,2020-01-09,2200-01-01
SZ300813,泰林生物,2020-01-14,2200-01-01
SZ300814,中富电路,2021-08-12,2200-01-01
SZ300815,玉禾田,2020-01-23,2200-01-01
SZ300816,艾可蓝,2020-02-10,2200-01-01
SZ300817,双飞集团,2020-02-18,2200-01-01
SZ300818,耐普矿机,2020-02-12,2200-01-01
SZ300819,聚杰微纤,2020-03-12,2200-01-01
SZ300820,英杰电气,2020-02-13,2200-01-01
SZ300821,东岳硅材,2020-03-12,2200-01-01
SZ300822,贝仕达克,2020-03-13,2200-01-01
SZ300823,建科智能,2020-03-19,2200-01-01
SZ300824,北鼎股份,2020-06-19,2200-01-01
SZ300825,阿尔特,2020-03-27,2200-01-01
SZ300826,测绘股份,2020-04-03,2200-01-01
SZ300827,上能电气,2020-04-10,2200-01-01
SZ300828,锐新科技,2020-04-21,2200-01-01
SZ300829,金丹科技,2020-04-22,2200-01-01
SZ300830,金现代,2020-05-06,2200-01-01
SZ300831,ST派瑞,2020-05-07,2200-01-01
SZ300832,新产业,2020-05-12,2200-01-01
SZ300833,浩洋股份,2020-05-20,2200-01-01
SZ300834,星辉环材,2022-01-13,2200-01-01
SZ300835,龙磁科技,2020-05-25,2200-01-01
SZ300836,佰奥智能,2020-05-28,2200-01-01
SZ300837,浙矿股份,2020-06-05,2200-01-01
SZ300838,浙江力诺,2020-06-08,2200-01-01
SZ300839,博汇股份,2020-06-30,2200-01-01
SZ300840,酷特智能,2020-07-08,2200-01-01
SZ300841,康华生物,2020-06-16,2200-01-01
SZ300842,帝科股份,2020-06-18,2200-01-01
SZ300843,胜蓝股份,2020-07-02,2200-01-01
SZ300844,山水比德,2021-08-13,2200-01-01
SZ300845,捷安高科,2020-07-03,2200-01-01
SZ300846,首都在线,2020-07-01,2200-01-01
SZ300847,中船汉光,2020-07-09,2200-01-01
SZ300848,美瑞新材,2020-07-20,2200-01-01
SZ300849,锦盛新材,2020-07-10,2200-01-01
SZ300850,新强联,2020-07-13,2200-01-01
SZ300851,交大思诺,2020-07-17,2200-01-01
SZ300852,四会富仕,2020-07-13,2200-01-01
SZ300853,申昊科技,2020-07-24,2200-01-01
SZ300854,中兰环保,2021-09-16,2200-01-01
SZ300855,图南股份,2020-07-23,2200-01-01
SZ300856,科思股份,2020-07-22,2200-01-01
SZ300857,协创数据,2020-07-27,2200-01-01
SZ300858,科拓生物,2020-07-27,2200-01-01
SZ300859,西域旅游,2020-08-06,2200-01-01
SZ300860,锋尚文化,2020-08-24,2200-01-01
SZ300861,美畅股份,2020-08-24,2200-01-01
SZ300862,蓝盾光电,2020-08-24,2200-01-01
SZ300863,卡倍亿,2020-08-24,2200-01-01
SZ300864,南大环境,2020-08-24,2200-01-01
SZ300865,大宏立,2020-08-24,2200-01-01
SZ300866,安克创新,2020-08-24,2200-01-01
SZ300867,圣元环保,2020-08-24,2200-01-01
SZ300868,杰美特,2020-08-24,2200-01-01
SZ300869,康泰医学,2020-08-24,2200-01-01
SZ300870,欧陆通,2020-08-24,2200-01-01
SZ300871,回盛生物,2020-08-24,2200-01-01
SZ300872,天阳科技,2020-08-24,2200-01-01
SZ300873,海晨股份,2020-08-24,2200-01-01
SZ300875,捷强装备,2020-08-24,2200-01-01
SZ300876,蒙泰高新,2020-08-24,2200-01-01
SZ300877,金春股份,2020-08-24,2200-01-01
SZ300878,维康药业,2020-08-24,2200-01-01
SZ300879,大叶股份,2020-09-01,2200-01-01
SZ300880,迦南智能,2020-09-01,2200-01-01
SZ300881,盛德鑫泰,2020-09-01,2200-01-01
SZ300882,万胜智能,2020-09-10,2200-01-01
SZ300883,龙利得,2020-09-10,2200-01-01
SZ300884,狄耐克,2020-11-12,2200-01-01
SZ300885,海昌新材,2020-09-10,2200-01-01
SZ300886,华业香料,2020-09-16,2200-01-01
SZ300887,谱尼测试,2020-09-16,2200-01-01
SZ300888,稳健医疗,2020-09-17,2200-01-01
SZ300889,爱克股份,2020-09-16,2200-01-01
SZ300890,翔丰华,2020-09-17,2200-01-01
SZ300891,惠云钛业,2020-09-17,2200-01-01
SZ300892,品渥食品,2020-09-24,2200-01-01
SZ300893,松原安全,2020-09-24,2200-01-01
SZ300894,火星人,2020-12-31,2200-01-01
SZ300895,铜牛信息,2020-09-24,2200-01-01
SZ300896,爱美客,2020-09-28,2200-01-01
SZ300897,山科智能,2020-09-28,2200-01-01
SZ300898,熊猫乳品,2020-10-16,2200-01-01
SZ300899,上海凯鑫,2020-10-16,2200-01-01
SZ300900,广联航空,2020-10-29,2200-01-01
SZ300901,中胤时尚,2020-10-29,2200-01-01
SZ300902,国安达,2020-10-29,2200-01-01
SZ300903,科翔股份,2020-11-05,2200-01-01
SZ300904,威力传动,2023-08-09,2200-01-01
SZ300905,宝丽迪,2020-11-05,2200-01-01
SZ300906,日月明,2020-11-05,2200-01-01
SZ300907,康平科技,2020-11-18,2200-01-01
SZ300908,仲景食品,2020-11-23,2200-01-01
SZ300909,汇创达,2020-11-18,2200-01-01
SZ300910,瑞丰新材,2020-11-27,2200-01-01
SZ300911,亿田智能,2020-12-03,2200-01-01
SZ300912,凯龙高科,2020-12-07,2200-01-01
SZ300913,兆龙互连,2020-12-07,2200-01-01
SZ300915,海融科技,2020-12-02,2200-01-01
SZ300916,朗特智能,2020-12-02,2200-01-01
SZ300917,特发服务,2020-12-21,2200-01-01
SZ300918,南山智尚,2020-12-22,2200-01-01
SZ300919,中伟新材,2020-12-23,2200-01-01
SZ300920,润阳科技,2020-12-25,2200-01-01
SZ300921,南凌科技,2020-12-22,2200-01-01
SZ300922,天秦装备,2020-12-25,2200-01-01
SZ300923,研奥股份,2020-12-24,2200-01-01
SZ300925,法本信息,2020-12-30,2200-01-01
SZ300926,博俊科技,2021-01-07,2200-01-01
SZ300927,江天化学,2021-01-07,2200-01-01
SZ300928,华安鑫创,2021-01-06,2200-01-01
SZ300929,华骐环保,2021-01-20,2200-01-01
SZ300930,屹通新材,2021-01-21,2200-01-01
SZ300931,通用电梯,2021-01-21,2200-01-01
SZ300932,三友联众,2021-01-22,2200-01-01
SZ300933,中辰股份,2021-01-22,2200-01-01
SZ300935,盈建科,2021-01-20,2200-01-01
SZ300936,中英科技,2021-01-26,2200-01-01
SZ300937,药易购,2021-01-27,2200-01-01
SZ300938,信测标准,2021-01-27,2200-01-01
SZ300939,秋田微,2021-01-28,2200-01-01
SZ300940,南极光,2021-02-03,2200-01-01
SZ300941,创识科技,2021-02-09,2200-01-01
SZ300942,易瑞生物,2021-02-09,2200-01-01
SZ300943,春晖智控,2021-02-10,2200-01-01
SZ300945,曼卡龙,2021-02-10,2200-01-01
SZ300946,恒而达,2021-02-08,2200-01-01
SZ300947,德必集团,2021-02-10,2200-01-01
SZ300948,冠中生态,2021-02-25,2200-01-01
SZ300949,奥雅股份,2021-02-26,2200-01-01
SZ300950,德固特,2021-03-03,2200-01-01
SZ300951,博硕科技,2021-02-26,2200-01-01
SZ300952,恒辉安防,2021-03-11,2200-01-01
SZ300953,震裕科技,2021-03-18,2200-01-01
SZ300955,嘉亨家化,2021-03-24,2200-01-01
SZ300956,英力股份,2021-03-26,2200-01-01
SZ300957,贝泰妮,2021-03-25,2200-01-01
SZ300958,建工修复,2021-03-29,2200-01-01
SZ300959,线上线下,2021-03-22,2200-01-01
SZ300960,通业科技,2021-03-29,2200-01-01
SZ300961,深水海纳,2021-03-30,2200-01-01
SZ300962,中金辐照,2021-04-09,2200-01-01
SZ300963,中洲特材,2021-04-09,2200-01-01
SZ300964,本川智能,2021-08-05,2200-01-01
SZ300965,恒宇信通,2021-04-02,2200-01-01
SZ300966,共同药业,2021-04-09,2200-01-01
SZ300967,晓鸣股份,2021-04-13,2200-01-01
SZ300968,格林精密,2021-04-15,2200-01-01
SZ300969,恒帅股份,2021-04-12,2200-01-01
SZ300970,华绿生物,2021-04-12,2200-01-01
SZ300971,博亚精工,2021-04-15,2200-01-01
SZ300972,万辰集团,2021-04-19,2200-01-01
SZ300973,立高食品,2021-04-15,2200-01-01
SZ300975,商络电子,2021-04-21,2200-01-01
SZ300976,达瑞电子,2021-04-19,2200-01-01
SZ300977,深圳瑞捷,2021-04-20,2200-01-01
SZ300978,东箭科技,2021-04-26,2200-01-01
SZ300979,华利集团,2021-04-26,2200-01-01
SZ300980,祥源新材,2021-04-21,2200-01-01
SZ300981,中红医疗,2021-04-27,2200-01-01
SZ300982,苏文电能,2021-04-27,2200-01-01
SZ300983,尤安设计,2021-04-20,2200-01-01
SZ300984,金沃股份,2021-06-18,2200-01-01
SZ300985,致远新能,2021-04-29,2200-01-01
SZ300986,志特新材,2021-04-30,2200-01-01
SZ300987,川网传媒,2021-05-11,2200-01-01
SZ300988,津荣天宇,2021-05-12,2200-01-01
SZ300989,蕾奥规划,2021-05-07,2200-01-01
SZ300990,同飞股份,2021-05-12,2200-01-01
SZ300991,创益通,2021-05-20,2200-01-01
SZ300992,泰福泵业,2021-05-25,2200-01-01
SZ300993,玉马科技,2021-05-24,2200-01-01
SZ300994,久祺股份,2021-08-12,2200-01-01
SZ300995,奇德新材,2021-05-26,2200-01-01
SZ300996,普联软件,2021-06-03,2200-01-01
SZ300997,欢乐家,2021-06-02,2200-01-01
SZ300998,宁波方正,2021-06-02,2200-01-01
SZ300999,金龙鱼,2020-10-15,2200-01-01
SZ301000,肇民科技,2021-05-28,2200-01-01
SZ301001,凯淳股份,2021-05-28,2200-01-01
SZ301002,崧盛股份,2021-06-07,2200-01-01
SZ301003,江苏博云,2021-06-01,2200-01-01
SZ301004,嘉益股份,2021-06-25,2200-01-01
SZ301005,超捷股份,2021-06-01,2200-01-01
SZ301006,迈拓股份,2021-06-07,2200-01-01
SZ301007,德迈仕,2021-06-16,2200-01-01
SZ301008,宏昌科技,2021-06-11,2200-01-01
SZ301009,可靠股份,2021-06-17,2200-01-01
SZ301010,晶雪节能,2021-06-18,2200-01-01
SZ301011,华立科技,2021-06-17,2200-01-01
SZ301012,扬电科技,2021-06-22,2200-01-01
SZ301013,利和兴,2021-06-29,2200-01-01
SZ301015,百洋医药,2021-06-30,2200-01-01
SZ301016,雷尔伟,2021-06-30,2200-01-01
SZ301017,漱玉平民,2021-07-05,2200-01-01
SZ301018,申菱环境,2021-07-07,2200-01-01
SZ301019,宁波色母,2021-06-28,2200-01-01
SZ301020,密封科技,2021-07-06,2200-01-01
SZ301021,英诺激光,2021-07-06,2200-01-01
SZ301022,海泰科,2021-07-02,2200-01-01
SZ301023,奕帆传动,2021-07-07,2200-01-01
SZ301024,霍普股份,2021-07-28,2200-01-01
SZ301025,读客文化,2021-07-19,2200-01-01
SZ301026,浩通科技,2021-07-16,2200-01-01
SZ301027,华蓝集团,2021-07-15,2200-01-01
SZ301028,鼎熔岩,2021-07-20,2200-01-01
SZ301029,怡合达,2021-07-23,2200-01-01
SZ301030,*ST仕净,2021-07-22,2200-01-01
SZ301031,中熔电气,2021-07-15,2200-01-01
SZ301032,新柴股份,2021-07-22,2200-01-01
SZ301033,迈普医学,2021-07-26,2200-01-01
SZ301035,润丰股份,2021-07-28,2200-01-01
SZ301036,双乐股份,2021-07-29,2200-01-01
SZ301037,保立佳,2021-07-30,2200-01-01
SZ301038,深水规院,2021-08-04,2200-01-01
SZ301039,中集车辆,2021-07-08,2200-01-01
SZ301040,中环海陆,2021-08-03,2200-01-01
SZ301041,金百泽,2021-08-11,2200-01-01
SZ301042,安联锐视,2021-08-05,2200-01-01
SZ301043,绿岛风,2021-08-11,2200-01-01
SZ301045,天禄科技,2021-08-13,2200-01-01
SZ301046,能辉科技,2021-08-17,2200-01-01
SZ301047,义翘神州,2021-08-16,2200-01-01
SZ301048,金鹰重工,2021-08-18,2200-01-01
SZ301049,超越科技,2021-08-24,2200-01-01
SZ301050,雷电微力,2021-08-24,2200-01-01
SZ301051,信濠光电,2021-08-27,2200-01-01
SZ301052,果麦文化,2021-08-30,2200-01-01
SZ301053,远信工业,2021-09-01,2200-01-01
SZ301055,张小泉,2021-09-06,2200-01-01
SZ301056,森赫股份,2021-09-07,2200-01-01
SZ301057,汇隆新材,2021-09-09,2200-01-01
SZ301058,中粮科工,2021-09-09,2200-01-01
SZ301059,金三江,2021-09-13,2200-01-01
SZ301060,兰卫医学,2021-09-13,2200-01-01
SZ301061,匠心家居,2021-09-13,2200-01-01
SZ301062,上海艾录,2021-09-14,2200-01-01
SZ301063,海锅股份,2021-09-24,2200-01-01
SZ301065,本立科技,2021-09-14,2200-01-01
SZ301066,万事利,2021-09-22,2200-01-01
SZ301067,显盈科技,2021-09-22,2200-01-01
SZ301068,大地海洋,2021-09-28,2200-01-01
SZ301069,凯盛新材,2021-09-27,2200-01-01
SZ301070,开勒股份,2021-09-23,2200-01-01
SZ301071,力量钻石,2021-09-24,2200-01-01
SZ301072,中捷精工,2021-09-29,2200-01-01
SZ301073,君亭酒店,2021-09-30,2200-01-01
SZ301075,多瑞医药,2021-09-29,2200-01-01
SZ301076,新瀚新材,2021-10-11,2200-01-01
SZ301077,星华新材,2021-09-30,2200-01-01
SZ301078,孩子王,2021-10-14,2200-01-01
SZ301079,邵阳液压,2021-10-19,2200-01-01
SZ301080,百普赛斯,2021-10-18,2200-01-01
SZ301081,严牌股份,2021-10-20,2200-01-01
SZ301082,久盛电气,2021-10-27,2200-01-01
SZ301083,百胜智能,2021-10-21,2200-01-01
SZ301085,亚康股份,2021-10-18,2200-01-01
SZ301086,鸿富瀚,2021-10-20,2200-01-01
SZ301087,可孚医疗,2021-10-25,2200-01-01
SZ301088,戎美股份,2021-10-28,2200-01-01
SZ301089,拓新药业,2021-10-27,2200-01-01
SZ301090,华润材料,2021-10-26,2200-01-01
SZ301091,深城交,2021-10-29,2200-01-01
SZ301092,争光股份,2021-11-02,2200-01-01
SZ301093,华兰股份,2021-11-01,2200-01-01
SZ301095,广立微,2022-08-05,2200-01-01
SZ301096,百诚医药,2021-12-20,2200-01-01
SZ301097,天益医疗,2022-04-07,2200-01-01
SZ301098,金埔园林,2021-11-12,2200-01-01
SZ301099,雅创电子,2021-11-22,2200-01-01
SZ301100,风光股份,2021-12-17,2200-01-01
SZ301101,明月镜片,2021-12-16,2200-01-01
SZ301102,兆讯传媒,2022-03-28,2200-01-01
SZ301103,何氏眼科,2022-03-22,2200-01-01
SZ301105,鸿铭股份,2022-12-30,2200-01-01
SZ301106,骏成科技,2022-01-28,2200-01-01
SZ301107,瑜欣电子,2022-05-24,2200-01-01
SZ301108,洁雅股份,2021-12-03,2200-01-01
SZ301109,军信股份,2022-04-13,2200-01-01
SZ301110,青木科技,2022-03-11,2200-01-01
SZ301111,粤万年青,2021-12-07,2200-01-01
SZ301112,信邦智能,2022-06-29,2200-01-01
SZ301113,雅艺科技,2021-12-22,2200-01-01
SZ301115,联检科技,2022-08-31,2200-01-01
SZ301116,益客食品,2022-01-18,2200-01-01
SZ301117,ST佳缘,2022-01-17,2200-01-01
SZ301118,恒光股份,2021-11-18,2200-01-01
SZ301119,正强股份,2021-11-22,2200-01-01
SZ301120,新特电气,2022-04-19,2200-01-01
SZ301121,紫建电子,2022-08-08,2200-01-01
SZ301122,采纳股份,2022-01-26,2200-01-01
SZ301123,奕东电子,2022-01-25,2200-01-01
SZ301125,腾亚精工,2022-06-08,2200-01-01
SZ301126,达嘉维康,2021-12-07,2200-01-01
SZ301127,武汉天源,2021-12-30,2200-01-01
SZ301128,强瑞技术,2021-11-10,2200-01-01
SZ301129,瑞纳智能,2021-11-02,2200-01-01
SZ301130,西点药业,2022-02-23,2200-01-01
SZ301131,聚赛龙,2022-03-14,2200-01-01
SZ301132,满坤科技,2022-08-10,2200-01-01
SZ301133,金钟股份,2021-11-26,2200-01-01
SZ301135,瑞德智能,2022-04-12,2200-01-01
SZ301136,招标股份,2022-01-11,2200-01-01
SZ301137,哈焊华通,2022-03-22,2200-01-01
SZ301138,华研精机,2021-12-15,2200-01-01
SZ301139,*ST元道,2022-07-08,2200-01-01
SZ301141,中科磁业,2023-04-03,2200-01-01
SZ301148,嘉戎技术,2022-04-21,2200-01-01
SZ301149,隆华新材,2021-11-10,2200-01-01
SZ301150,中一科技,2022-04-21,2200-01-01
SZ301151,冠龙节能,2022-04-11,2200-01-01
SZ301152,天力锂能,2022-08-29,2200-01-01
SZ301153,中科江南,2022-05-18,2200-01-01
SZ301155,海力风电,2021-11-24,2200-01-01
SZ301156,美农生物,2022-06-17,2200-01-01
SZ301157,华塑科技,2023-03-09,2200-01-01
SZ301158,德石股份,2022-01-17,2200-01-01
SZ301159,三维天地,2022-01-07,2200-01-01
SZ301160,翔楼新材,2022-06-06,2200-01-01
SZ301161,唯万密封,2022-09-14,2200-01-01
SZ301162,国能日新,2022-04-29,2200-01-01
SZ301163,宏德股份,2022-04-19,2200-01-01
SZ301165,锐捷网络,2022-11-21,2200-01-01
SZ301166,优宁维,2021-12-28,2200-01-01
SZ301167,建研设计,2021-12-06,2200-01-01
SZ301168,通灵股份,2021-12-10,2200-01-01
SZ301169,零点有数,2021-11-03,2200-01-01
SZ301170,锡南科技,2023-06-27,2200-01-01
SZ301171,易点天下,2022-08-19,2200-01-01
SZ301172,君逸数码,2023-07-26,2200-01-01
SZ301173,毓恬冠佳,2025-03-03,2200-01-01
SZ301175,中科环保,2022-07-08,2200-01-01
SZ301176,逸豪新材,2022-09-28,2200-01-01
SZ301177,迪阿股份,2021-12-15,2200-01-01
SZ301178,天亿马,2021-11-12,2200-01-01
SZ301179,泽宇智能,2021-12-08,2200-01-01
SZ301180,万祥科技,2021-11-16,2200-01-01
SZ301181,标榜股份,2022-02-21,2200-01-01
SZ301182,凯旺科技,2021-12-23,2200-01-01
SZ301183,东田微,2022-05-24,2200-01-01
SZ301185,鸥玛软件,2021-11-19,2200-01-01
SZ301186,超达装备,2021-12-23,2200-01-01
SZ301187,欧圣电气,2022-04-22,2200-01-01
SZ301188,力诺药包,2021-11-11,2200-01-01
SZ301189,奥尼电子,2021-12-28,2200-01-01
SZ301190,善水科技,2021-12-24,2200-01-01
SZ301191,菲菱科思,2022-05-26,2200-01-01
SZ301192,泰祥股份,2022-08-11,2200-01-01
SZ301193,家联科技,2021-12-09,2200-01-01
SZ301195,北路智控,2022-08-01,2200-01-01
SZ301196,唯科科技,2022-01-11,2200-01-01
SZ301197,工大科雅,2022-08-08,2200-01-01
SZ301198,喜悦智行,2021-12-02,2200-01-01
SZ301199,迈赫股份,2021-12-07,2200-01-01
SZ301200,大族数控,2022-02-28,2200-01-01
SZ301201,诚达药业,2022-01-20,2200-01-01
SZ301202,朗威股份,2023-07-05,2200-01-01
SZ301203,国泰环保,2023-04-04,2200-01-01
SZ301205,联特科技,2022-09-13,2200-01-01
SZ301206,三元生物,2022-02-10,2200-01-01
SZ301207,华兰疫苗,2022-02-18,2200-01-01
SZ301208,中亦科技,2022-07-07,2200-01-01
SZ301209,联合化学,2022-08-25,2200-01-01
SZ301210,金杨精密,2023-06-30,2200-01-01
SZ301211,亨迪药业,2021-12-22,2200-01-01
SZ301212,联盛化学,2022-04-19,2200-01-01
SZ301213,观想科技,2021-12-06,2200-01-01
SZ301215,中汽股份,2022-03-08,2200-01-01
SZ301216,万凯新材,2022-03-29,2200-01-01
SZ301217,铜冠铜箔,2022-01-27,2200-01-01
SZ301218,华是科技,2022-03-07,2200-01-01
SZ301219,腾远钴业,2022-03-17,2200-01-01
SZ301220,亚香股份,2022-06-22,2200-01-01
SZ301221,光庭信息,2021-12-22,2200-01-01
SZ301222,浙江恒威,2022-03-09,2200-01-01
SZ301223,中荣股份,2022-10-26,2200-01-01
SZ301225,恒勃股份,2023-06-16,2200-01-01
SZ301226,祥明智能,2022-03-25,2200-01-01
SZ301227,森鹰窗业,2022-09-26,2200-01-01
SZ301228,实朴检测,2022-01-28,2200-01-01
SZ301229,纽泰格,2022-02-22,2200-01-01
SZ301230,泓博医药,2022-11-01,2200-01-01
SZ301231,荣信文化,2022-09-08,2200-01-01
SZ301232,飞沃科技,2023-06-15,2200-01-01
SZ301233,盛帮股份,2022-07-06,2200-01-01
SZ301234,五洲医疗,2022-07-05,2200-01-01
SZ301235,华康洁净,2022-01-28,2200-01-01
SZ301236,软通动力,2022-03-15,2200-01-01
SZ301237,和顺科技,2022-03-23,2200-01-01
SZ301238,瑞泰新材,2022-06-17,2200-01-01
SZ301239,普瑞眼科,2022-07-05,2200-01-01
SZ301246,宏源药业,2023-03-20,2200-01-01
SZ301248,杰创智能,2022-04-20,2200-01-01
SZ301251,威尔高,2023-09-06,2200-01-01
SZ301252,同星科技,2023-05-25,2200-01-01
SZ301255,通力科技,2022-12-27,2200-01-01
SZ301256,华融化学,2022-03-22,2200-01-01
SZ301257,普蕊斯,2022-05-17,2200-01-01
SZ301258,富士莱,2022-03-29,2200-01-01
SZ301259,艾布鲁,2022-04-26,2200-01-01
SZ301260,格力博,2023-02-08,2200-01-01
SZ301261,恒工精密,2023-07-10,2200-01-01
SZ301262,海看股份,2023-06-20,2200-01-01
SZ301263,泰恩康,2022-03-29,2200-01-01
SZ301265,华新科技,2022-12-16,2200-01-01
SZ301266,宇邦新材,2022-06-08,2200-01-01
SZ301267,华厦眼科,2022-11-07,2200-01-01
SZ301268,铭利达,2022-04-07,2200-01-01
SZ301269,华大九天,2022-07-29,2200-01-01
SZ301270,汉仪股份,2022-08-31,2200-01-01
SZ301272,英华特,2023-07-13,2200-01-01
SZ301273,瑞晨环保,2022-10-25,2200-01-01
SZ301275,汉朔科技,2025-03-11,2200-01-01
SZ301276,嘉曼服饰,2022-09-09,2200-01-01
SZ301277,新天地,2022-11-16,2200-01-01
SZ301278,快可电子,2022-08-04,2200-01-01
SZ301279,金道科技,2022-04-13,2200-01-01
SZ301280,珠城科技,2022-12-26,2200-01-01
SZ301281,科源制药,2023-04-04,2200-01-01
SZ301282,金禄电子,2022-08-26,2200-01-01
SZ301283,聚胶股份,2022-09-02,2200-01-01
SZ301285,鸿日达,2022-09-28,2200-01-01
SZ301286,侨源股份,2022-06-14,2200-01-01
SZ301287,康力源,2023-06-14,2200-01-01
SZ301288,清研环境,2022-04-22,2200-01-01
SZ301289,国缆检测,2022-06-22,2200-01-01
SZ301290,东星医疗,2022-11-30,2200-01-01
SZ301291,明阳电气,2023-06-30,2200-01-01
SZ301292,海科新源,2023-07-07,2200-01-01
SZ301293,三博脑科,2023-05-05,2200-01-01
SZ301295,美硕科技,2023-06-28,2200-01-01
SZ301296,新巨丰,2022-09-02,2200-01-01
SZ301297,富乐德,2022-12-30,2200-01-01
SZ301298,东利机械,2022-06-06,2200-01-01
SZ301299,卓创资讯,2022-10-19,2200-01-01
SZ301300,远翔新材,2022-08-19,2200-01-01
SZ301301,川宁生物,2022-12-27,2200-01-01
SZ301302,华如科技,2022-06-23,2200-01-01
SZ301303,真兰仪表,2023-02-20,2200-01-01
SZ301305,朗坤科技,2023-05-23,2200-01-01
SZ301306,西测测试,2022-07-26,2200-01-01
SZ301307,美利信,2023-04-24,2200-01-01
SZ301308,江波龙,2022-08-05,2200-01-01
SZ301309,万得凯,2022-09-19,2200-01-01
SZ301310,鑫宏业,2023-06-02,2200-01-01
SZ301311,昆船智能,2022-11-30,2200-01-01
SZ301312,智立方,2022-07-11,2200-01-01
SZ301313,凡拓数创,2022-09-30,2200-01-01
SZ301314,科瑞思,2023-03-28,2200-01-01
SZ301315,威士顿,2023-06-21,2200-01-01
SZ301316,慧博云通,2022-10-13,2200-01-01
SZ301317,鑫磊股份,2023-01-19,2200-01-01
SZ301318,维海德,2022-08-10,2200-01-01
SZ301319,唯特偶,2022-09-29,2200-01-01
SZ301320,豪江智能,2023-06-09,2200-01-01
SZ301321,翰博高新,2022-08-18,2200-01-01
SZ301322,绿通科技,2023-03-06,2200-01-01
SZ301323,新莱福,2023-06-06,2200-01-01
SZ301325,曼恩斯特,2023-05-12,2200-01-01
SZ301326,捷邦科技,2022-09-21,2200-01-01
SZ301327,华宝新能,2022-09-19,2200-01-01
SZ301328,维峰电子,2022-09-08,2200-01-01
SZ301329,信音电子,2023-07-17,2200-01-01
SZ301330,熵基科技,2022-08-17,2200-01-01
SZ301331,恩威医药,2022-09-21,2200-01-01
SZ301332,德尔玛,2023-05-18,2200-01-01
SZ301333,诺思格,2022-08-02,2200-01-01
SZ301335,天元宠物,2022-11-18,2200-01-01
SZ301336,趣睡科技,2022-08-12,2200-01-01
SZ301337,亚华电子,2023-05-26,2200-01-01
SZ301338,凯格精机,2022-08-16,2200-01-01
SZ301339,通行宝,2022-09-09,2200-01-01
SZ301345,涛涛车业,2023-03-21,2200-01-01
SZ301348,蓝箭电子,2023-08-10,2200-01-01
SZ301349,信德新材,2022-09-09,2200-01-01
SZ301353,普莱得,2023-05-30,2200-01-01
SZ301355,南王科技,2023-06-12,2200-01-01
SZ301356,天振股份,2022-11-14,2200-01-01
SZ301357,北方长龙,2023-04-18,2200-01-01
SZ301358,湖南裕能,2023-02-09,2200-01-01
SZ301359,东南电子,2022-11-09,2200-01-01
SZ301360,荣旗科技,2023-04-25,2200-01-01
SZ301361,众智科技,2022-11-16,2200-01-01
SZ301362,民爆光电,2023-08-04,2200-01-01
SZ301363,美好医疗,2022-10-12,2200-01-01
SZ301365,矩阵股份,2022-11-22,2200-01-01
SZ301366,一博科技,2022-09-26,2200-01-01
SZ301367,瑞迈特,2022-11-01,2200-01-01
SZ301368,丰立智能,2022-12-15,2200-01-01
SZ301369,联动科技,2022-09-22,2200-01-01
SZ301370,国科恒泰,2023-07-12,2200-01-01
SZ301371,敷尔佳,2023-08-01,2200-01-01
SZ301372,科净源,2023-08-11,2200-01-01
SZ301373,凌玮科技,2023-02-08,2200-01-01
SZ301376,致欧科技,2023-06-21,2200-01-01
SZ301377,鼎泰高科,2022-11-22,2200-01-01
SZ301378,通达海,2023-03-20,2200-01-01
SZ301379,天山电子,2022-11-01,2200-01-01
SZ301380,挖金客,2022-10-25,2200-01-01
SZ301381,赛维时代,2023-07-12,2200-01-01
SZ301382,蜂助手,2023-05-17,2200-01-01
SZ301383,天键股份,2023-06-09,2200-01-01
SZ301386,未来电器,2023-03-29,2200-01-01
SZ301387,光大同创,2023-04-18,2200-01-01
SZ301388,欣灵电气,2022-11-09,2200-01-01
SZ301389,隆扬电子,2022-10-31,2200-01-01
SZ301390,经纬股份,2023-05-08,2200-01-01
SZ301391,卡莱特,2022-12-01,2200-01-01
SZ301392,汇成真空,2024-06-05,2200-01-01
SZ301393,昊帆生物,2023-07-12,2200-01-01
SZ301395,仁信新材,2023-07-03,2200-01-01
SZ301396,宏景科技,2022-11-11,2200-01-01
SZ301397,溯联股份,2023-06-28,2200-01-01
SZ301398,星源卓镁,2022-12-15,2200-01-01
SZ301399,英特科技,2023-05-23,2200-01-01
SZ301408,华人健康,2023-03-01,2200-01-01
SZ301413,安培龙,2023-12-18,2200-01-01
SZ301418,协昌科技,2023-08-21,2200-01-01
SZ301419,阿莱德,2023-02-09,2200-01-01
SZ301421,波长光电,2023-08-23,2200-01-01
SZ301428,世纪恒通,2023-05-19,2200-01-01
SZ301429,森泰股份,2023-04-17,2200-01-01
SZ301439,泓淋电力,2023-03-17,2200-01-01
SZ301446,福事特,2023-07-25,2200-01-01
SZ301448,开创电气,2023-06-19,2200-01-01
SZ301449,天溯计量,2025-12-23,2200-01-01
SZ301456,盘古智能,2023-07-14,2200-01-01
SZ301458,钧崴电子,2025-01-10,2200-01-01
SZ301459,丰茂股份,2023-12-13,2200-01-01
SZ301468,博盈特焊,2023-07-24,2200-01-01
SZ301469,恒达新材,2023-08-22,2200-01-01
SZ301479,弘景光电,2025-03-18,2200-01-01
SZ301486,致尚科技,2023-07-07,2200-01-01
SZ301487,盟固利,2023-08-09,2200-01-01
SZ301488,豪恩汽电,2023-07-04,2200-01-01
SZ301489,思泉新材,2023-10-24,2200-01-01
SZ301491,汉桑科技,2025-08-06,2200-01-01
SZ301498,乖宝宠物,2023-08-16,2200-01-01
SZ301499,维科精密,2023-07-21,2200-01-01
SZ301500,飞南资源,2023-09-21,2200-01-01
SZ301501,恒鑫生活,2025-03-19,2200-01-01
SZ301502,华阳智能,2024-02-02,2200-01-01
SZ301503,智迪科技,2023-07-17,2200-01-01
SZ301505,苏州规划,2023-07-19,2200-01-01
SZ301507,民生健康,2023-09-05,2200-01-01
SZ301508,中机认检,2023-12-01,2200-01-01
SZ301509,金凯生科,2023-08-03,2200-01-01
SZ301510,固高科技,2023-08-15,2200-01-01
SZ301511,德福科技,2023-08-17,2200-01-01
SZ301512,智信精密,2023-07-20,2200-01-01
SZ301513,尚水智能,2026-04-17,2200-01-01
SZ301515,港通医疗,2023-07-25,2200-01-01
SZ301516,中远通,2023-12-08,2200-01-01
SZ301517,陕西华达,2023-10-17,2200-01-01
SZ301518,长华化学,2023-08-03,2200-01-01
SZ301519,舜禹股份,2023-07-27,2200-01-01
SZ301520,万邦医药,2023-09-25,2200-01-01
SZ301522,上大股份,2024-10-16,2200-01-01
SZ301525,儒竞科技,2023-08-30,2200-01-01
SZ301526,国际复材,2023-12-26,2200-01-01
SZ301528,多浦乐,2023-08-28,2200-01-01
SZ301529,福赛科技,2023-09-11,2200-01-01
SZ301531,春光集团,2026-05-11,2200-01-01
SZ301533,威马农机,2023-08-18,2200-01-01
SZ301535,浙江华远,2025-03-27,2200-01-01
SZ301536,星宸科技,2024-03-28,2200-01-01
SZ301538,骏鼎达,2024-03-20,2200-01-01
SZ301539,宏鑫科技,2024-04-15,2200-01-01
SZ301548,崇德科技,2023-09-20,2200-01-01
SZ301550,斯菱智驱,2023-09-15,2200-01-01
SZ301551,无线传媒,2024-09-26,2200-01-01
SZ301552,科力装备,2024-07-22,2200-01-01
SZ301555,惠柏新材,2023-10-31,2200-01-01
SZ301556,托普云农,2024-10-17,2200-01-01
SZ301557,常友科技,2025-03-04,2200-01-01
SZ301558,三态股份,2023-09-28,2200-01-01
SZ301559,中集环科,2023-10-11,2200-01-01
SZ301560,众捷股份,2025-04-25,2200-01-01
SZ301563,云汉芯城,2025-09-30,2200-01-01
SZ301565,中仑新材,2024-06-20,2200-01-01
SZ301566,达利凯普,2023-12-29,2200-01-01
SZ301567,贝隆精密,2024-01-16,2200-01-01
SZ301568,思泰克,2023-11-28,2200-01-01
SZ301571,国科天成,2024-08-21,2200-01-01
SZ301575,艾芬达,2025-09-10,2200-01-01
SZ301577,美信科技,2024-01-24,2200-01-01
SZ301578,辰奕智能,2023-12-28,2200-01-01
SZ301580,爱迪特,2024-06-26,2200-01-01
SZ301581,黄山谷捷,2025-01-03,2200-01-01
SZ301583,托伦斯,2026-07-10,2200-01-01
SZ301584,建发致新,2025-09-25,2200-01-01
SZ301585,蓝宇股份,2024-12-20,2200-01-01
SZ301586,佳力奇,2024-08-28,2200-01-01
SZ301587,中瑞股份,2024-04-08,2200-01-01
SZ301588,美新科技,2024-03-13,2200-01-01
SZ301589,诺瓦星云,2024-02-08,2200-01-01
SZ301590,优优绿能,2025-06-05,2200-01-01
SZ301591,肯特股份,2024-02-28,2200-01-01
SZ301592,六九一二,2024-10-24,2200-01-01
SZ301595,太力科技,2025-05-19,2200-01-01
SZ301596,瑞迪智驱,2024-05-13,2200-01-01
SZ301598,博科测试,2024-12-20,2200-01-01
SZ301599,理奇智能,2026-04-30,2200-01-01
SZ301600,慧翰股份,2024-09-11,2200-01-01
SZ301601,惠通科技,2025-01-15,2200-01-01
SZ301602,超研股份,2025-01-22,2200-01-01
SZ301603,乔锋智能,2024-07-10,2200-01-01
SZ301606,绿联科技,2024-07-26,2200-01-01
SZ301607,富特科技,2024-09-04,2200-01-01
SZ301608,博实结,2024-08-01,2200-01-01
SZ301609,山大电力,2025-07-23,2200-01-01
SZ301611,珂玛科技,2024-08-16,2200-01-01
SZ301613,新铝时代,2024-10-25,2200-01-01
SZ301616,浙江华业,2025-03-27,2200-01-01
SZ301617,博苑新材,2024-12-11,2200-01-01
SZ301618,长联科技,2024-09-30,2200-01-01
SZ301622,英思特,2024-12-04,2200-01-01
SZ301626,苏州天脉,2024-10-24,2200-01-01
SZ301628,强达电路,2024-10-31,2200-01-01
SZ301629,矽电股份,2025-03-24,2200-01-01
SZ301630,同宇新材,2025-07-10,2200-01-01
SZ301631,壹连科技,2024-11-22,2200-01-01
SZ301632,广东建科,2025-08-12,2200-01-01
SZ301633,港迪技术,2024-11-07,2200-01-01
SZ301636,泽润新能,2025-05-16,2200-01-01
SZ301638,南网数字,2025-11-18,2200-01-01
SZ301655,绿控传动,2026-08-20,2200-01-01
SZ301656,联合动力,2025-09-25,2200-01-01
SZ301658,首航新能,2025-04-02,2200-01-01
SZ301662,宏工科技,2025-04-17,2200-01-01
SZ301665,泰禾股份,2025-04-11,2200-01-01
SZ301666,大普微,2026-04-16,2200-01-01
SZ301667,纳百川,2025-12-23,2200-01-01
SZ301668,昊创瑞通,2025-09-26,2200-01-01
SZ301669,高特电子,2026-06-09,2200-01-01
SZ301677,欣兴工具,2026-07-30,2200-01-01
SZ301678,新恒汇,2025-06-20,2200-01-01
SZ301680,固德电材,2026-03-06,2200-01-01
SZ301682,宏明电子,2026-03-25,2200-01-01
SZ301683,慧谷新材,2026-04-01,2200-01-01
SZ301686,中塑股份,2026-09-22,2200-01-01
SZ301687,新广益,2025-12-31,2200-01-01
SZ301688,格林生物,2026-09-02,2200-01-01
SZ301689,电科思仪,2026-09-10,2200-01-01
SZ301696,三瑞智能,2026-04-10,2200-01-01
SZ301697,贝特利,2026-09-01,2200-01-01
SZ301699,洛轴股份,2026-09-09,2200-01-01
SZ301707,江苏展芯,2026-08-07,2200-01-01
SZ301717,超纯股份,2026-08-11,2200-01-01
SZ302132,中航成飞,2025-02-17,2200-01-01
