index,symbol,name,opt-in,opt-out
csi1000,SH600006,东风股份,2023-06-12,
csi1000,SH600007,中国国贸,2021-12-13,2024-12-16
csi1000,SH600012,皖通高速,2020-01-02,2020-06-15
csi1000,SH600012,皖通高速,2023-12-11,
csi1000,SH600017,日照港,2021-06-15,
csi1000,SH600020,中原高速,2020-01-02,2021-06-15
csi1000,SH600020,中原高速,2024-12-16,2026-06-15
csi1000,SH600022,山东钢铁,2025-12-15,
csi1000,SH600032,浙江新能,2021-12-13,2022-12-12
csi1000,SH600033,福建高速,2024-06-17,
csi1000,SH600035,楚天高速,2020-01-02,2021-06-15
csi1000,SH600037,歌华有线,2022-12-12,
csi1000,SH600054,黄山旅游,2020-01-02,2022-06-13
csi1000,SH600055,万东医疗,2020-01-02,
csi1000,SH600056,中国医药,2025-12-15,
csi1000,SH600057,厦门象屿,2020-01-02,
csi1000,SH600058,五矿发展,2022-12-12,
csi1000,SH600059,古越龙山,2020-01-02,
csi1000,SH600063,皖维高新,2020-01-02,
csi1000,SH600064,南京高科,2023-06-12,
csi1000,SH600067,冠城新材,2020-01-02,2020-06-15
csi1000,SH600069,退市银鸽,2020-01-02,2020-06-15
csi1000,SH600072,中船科技,2020-01-02,
csi1000,SH600073,光明肉业,2021-06-15,2025-12-15
csi1000,SH600075,新疆天业,2020-01-02,
csi1000,SH600076,康欣新材,2020-01-02,2020-12-14
csi1000,SH600090,退市济堂,2020-01-02,2020-07-13
csi1000,SH600093,退市易见,2020-01-02,2021-06-15
csi1000,SH600094,大名城,2024-12-16,
csi1000,SH600095,湘财股份,2020-12-14,2021-06-15
csi1000,SH600096,云天化,2020-01-02,2022-06-13
csi1000,SH600098,广州发展,2021-12-13,2024-06-17
csi1000,SH600100,同方股份,2021-06-15,2026-06-15
csi1000,SH600103,青山纸业,2020-01-02,2023-06-12
csi1000,SH600105,永鼎股份,2020-01-02,2023-06-12
csi1000,SH600105,永鼎股份,2025-12-15,2026-06-15
csi1000,SH600106,重庆路桥,2020-01-02,2020-06-15
csi1000,SH600108,亚盛集团,2020-01-02,2023-12-11
csi1000,SH600110,诺德股份,2020-01-02,2025-06-16
csi1000,SH600113,浙江东日,2025-12-15,
csi1000,SH600114,东睦股份,2020-01-02,2023-06-12
csi1000,SH600114,东睦股份,2024-12-16,
csi1000,SH600116,三峡水利,2020-01-02,
csi1000,SH600120,浙江东方,2022-12-12,
csi1000,SH600123,兰花科创,2020-01-02,
csi1000,SH600125,铁龙物流,2020-12-14,2026-06-15
csi1000,SH600129,太极集团,2020-01-02,2023-12-11
csi1000,SH600129,太极集团,2025-06-16,
csi1000,SH600131,国网信通,2020-01-02,2020-12-14
csi1000,SH600133,东湖高新,2020-01-02,2021-12-13
csi1000,SH600133,东湖高新,2024-12-16,
csi1000,SH600136,ST明诚,2020-01-02,2021-06-15
csi1000,SH600138,中青旅,2023-12-11,2025-12-15
csi1000,SH600146,退市环球,2020-01-02,2020-06-15
csi1000,SH600151,航天机电,2021-06-15,
csi1000,SH600155,华创云信,2025-12-15,
csi1000,SH600158,中体产业,2022-06-13,
csi1000,SH600162,香江控股,2020-01-02,2021-06-15
csi1000,SH600163,中闽能源,2022-06-13,
csi1000,SH600167,联美控股,2025-12-15,
csi1000,SH600169,ST太重,2020-01-02,2025-12-15
csi1000,SH600171,上海贝岭,2024-12-16,2025-06-16
csi1000,SH600172,黄河旋风,2020-01-02,2020-06-15
csi1000,SH600172,黄河旋风,2022-06-13,2024-06-17
csi1000,SH600175,退市美都,2020-01-02,2020-06-15
csi1000,SH600179,安通控股,2021-12-13,
csi1000,SH600180,*ST瑞茂,2020-01-02,2020-06-15
csi1000,SH600184,光电股份,2020-01-02,2023-12-11
csi1000,SH600184,光电股份,2026-06-15,
csi1000,SH600185,珠免集团,2020-01-02,
csi1000,SH600186,莲花控股,2024-12-16,
csi1000,SH600195,中牧股份,2023-12-11,2025-12-15
csi1000,SH600197,伊力特,2020-01-02,2026-06-15
csi1000,SH600200,退市苏吴,2020-01-02,2021-06-15
csi1000,SH600201,生物股份,2023-06-12,
csi1000,SH600206,有研新材,2020-01-02,
csi1000,SH600207,安彩高科,2020-01-02,2020-12-14
csi1000,SH600210,紫江企业,2020-01-02,
csi1000,SH600211,西藏药业,2020-01-02,
csi1000,SH600216,浙江医药,2023-06-12,
csi1000,SH600217,中再资环,2020-01-02,2026-06-15
csi1000,SH600223,福瑞达,2020-07-13,2026-06-15
csi1000,SH600225,退市卓朗,2023-06-12,2024-12-16
csi1000,SH600226,亨通股份,2020-01-02,2020-08-17
csi1000,SH600226,亨通股份,2026-05-11,
csi1000,SH600227,赤天化,2020-01-02,2020-06-15
csi1000,SH600229,城市传媒,2020-01-02,2021-06-15
csi1000,SH600230,沧州大化,2020-01-02,2020-12-14
csi1000,SH600231,凌钢股份,2020-01-02,2020-06-15
csi1000,SH600239,ST云城,2020-01-02,2021-06-15
csi1000,SH600242,退市中昌,2020-01-02,2020-08-17
csi1000,SH600246,万通发展,2020-06-15,
csi1000,SH600248,陕建股份,2021-12-13,
csi1000,SH600252,中恒集团,2020-01-02,
csi1000,SH600255,鑫科材料,2020-01-02,2020-06-15
csi1000,SH600258,首旅酒店,2025-12-15,
csi1000,SH600259,中稀有色,2023-12-11,
csi1000,SH600261,阳光照明,2020-01-02,2022-12-12
csi1000,SH600266,城建发展,2022-06-13,
csi1000,SH600267,海正药业,2020-06-15,
csi1000,SH600268,国电南自,2026-06-15,
csi1000,SH600269,赣粤高速,2020-01-02,2020-12-14
csi1000,SH600269,赣粤高速,2024-06-17,
csi1000,SH600273,嘉化能源,2021-12-13,
csi1000,SH600277,ST亿利,2021-06-15,2024-06-17
csi1000,SH600278,东方创业,2020-01-02,2021-06-15
csi1000,SH600283,钱江水利,2020-01-02,2020-12-14
csi1000,SH600284,浦东建设,2020-01-02,2024-06-17
csi1000,SH600285,羚锐制药,2020-01-02,
csi1000,SH600290,*ST华仪,2020-01-02,2020-01-13
csi1000,SH600292,电投水电,2025-12-15,2026-06-15
csi1000,SH600295,鄂尔多斯,2020-01-02,2024-12-16
csi1000,SH600297,广汇汽车,2021-06-15,2021-09-13
csi1000,SH600297,广汇汽车,2024-06-17,2024-08-26
csi1000,SH600300,维维股份,2020-01-02,2021-06-15
csi1000,SH600301,华锡有色,2024-06-17,
csi1000,SH600305,恒顺醋业,2020-01-02,
csi1000,SH600308,华泰股份,2020-01-02,2023-12-11
csi1000,SH600310,广西能源,2020-01-02,2020-12-14
csi1000,SH600312,平高电气,2022-12-12,2024-12-16
csi1000,SH600313,农发种业,2023-06-12,2025-12-15
csi1000,SH600315,上海家化,2024-12-16,
csi1000,SH600318,新力金融,2020-01-02,2021-12-13
csi1000,SH600320,振华重工,2020-01-02,2020-12-14
csi1000,SH600320,振华重工,2021-06-15,
csi1000,SH600322,津投城开,2020-01-02,2020-12-14
csi1000,SH600323,瀚蓝环境,2020-01-02,
csi1000,SH600325,华发股份,2025-12-15,
csi1000,SH600326,西藏天路,2020-01-02,2022-12-12
csi1000,SH600328,中盐化工,2021-12-13,
csi1000,SH600330,天通股份,2020-01-02,
csi1000,SH600331,宏达股份,2020-01-02,
csi1000,SH600335,国机汽车,2020-12-14,
csi1000,SH600337,ST美克,2020-01-02,2022-12-12
csi1000,SH600338,西藏珠峰,2021-06-15,
csi1000,SH600340,*ST华幸,2023-06-12,2024-12-16
csi1000,SH600343,航天动力,2020-01-02,2022-12-12
csi1000,SH600345,长江通信,2026-06-15,
csi1000,SH600351,亚宝药业,2020-01-02,2021-06-15
csi1000,SH600353,旭光电子,2025-12-15,
csi1000,SH600360,华微电子,2020-01-02,2024-06-17
csi1000,SH600361,创新新材,2023-12-11,2024-06-17
csi1000,SH600361,创新新材,2025-12-15,
csi1000,SH600363,联创光电,2020-01-02,2025-06-16
csi1000,SH600366,宁波韵升,2020-01-02,
csi1000,SH600370,*ST三房,2022-12-12,2023-12-11
csi1000,SH600373,中文传媒,2025-12-15,
csi1000,SH600378,昊华科技,2020-01-02,2022-12-12
csi1000,SH600382,广东明珠,2020-01-02,2020-06-15
csi1000,SH600388,紫金龙净,2024-12-16,
csi1000,SH600389,江山股份,2020-01-02,
csi1000,SH600391,航发科技,2020-01-02,2024-12-16
csi1000,SH600391,航发科技,2026-06-15,
csi1000,SH600395,盘江股份,2020-12-14,
csi1000,SH600399,抚顺特钢,2024-12-16,
csi1000,SH600400,红豆股份,2020-01-02,2021-06-15
csi1000,SH600400,红豆股份,2022-12-12,2024-12-16
csi1000,SH600403,大有能源,2022-12-12,
csi1000,SH600409,三友化工,2023-12-11,
csi1000,SH600416,湘电股份,2021-12-13,2023-06-12
csi1000,SH600416,湘电股份,2025-06-16,
csi1000,SH600420,国药现代,2020-01-02,
csi1000,SH600422,昆药集团,2020-01-02,
csi1000,SH600428,中远海特,2021-09-13,
csi1000,SH600446,金证股份,2022-12-12,
csi1000,SH600449,宁夏建材,2020-01-02,2025-12-15
csi1000,SH600452,涪陵电力,2020-10-12,
csi1000,SH600456,宝钛股份,2020-01-02,
csi1000,SH600458,时代新材,2020-01-02,
csi1000,SH600459,贵研铂业,2020-01-02,
csi1000,SH600461,洪城环境,2024-06-17,
csi1000,SH600467,好当家,2020-01-02,2020-12-14
csi1000,SH600475,华光环能,2023-12-11,
csi1000,SH600477,杭萧钢构,2020-01-02,2025-12-15
csi1000,SH600478,科力远,2022-12-12,
csi1000,SH600480,凌云股份,2020-01-02,
csi1000,SH600481,双良节能,2020-01-02,2020-06-15
csi1000,SH600481,双良节能,2021-12-13,2023-06-12
csi1000,SH600483,福能股份,2020-01-02,2024-06-17
csi1000,SH600490,鹏欣资源,2020-01-02,
csi1000,SH600491,ST龙元,2020-01-02,2024-12-16
csi1000,SH600495,晋西车轴,2020-01-02,2021-12-13
csi1000,SH600496,精工钢构,2020-01-02,2024-12-16
csi1000,SH600499,科达制造,2020-06-15,2022-06-13
csi1000,SH600502,安徽建工,2020-01-02,
csi1000,SH600503,华丽家族,2020-01-02,2022-06-13
csi1000,SH600507,方大特钢,2023-12-11,
csi1000,SH600508,上海能源,2020-01-02,2020-06-15
csi1000,SH600508,上海能源,2022-12-12,
csi1000,SH600509,天富能源,2024-06-17,
csi1000,SH600510,黑牡丹,2020-06-15,2024-06-17
csi1000,SH600512,腾达建设,2020-01-02,2022-12-12
csi1000,SH600517,国网英大,2020-01-02,2020-12-14
csi1000,SH600523,贵航股份,2020-01-02,2023-12-11
csi1000,SH600528,中铁工业,2026-06-15,
csi1000,SH600529,山东药玻,2020-01-02,2020-06-15
csi1000,SH600529,山东药玻,2025-12-15,
csi1000,SH600531,豫光金铅,2020-01-02,
csi1000,SH600533,栖霞建设,2020-01-02,2020-12-14
csi1000,SH600546,山煤国际,2020-01-02,2020-12-14
csi1000,SH600548,深高速,2020-01-02,2021-06-15
csi1000,SH600548,深高速,2021-12-13,2023-06-12
csi1000,SH600548,深高速,2024-12-16,2025-12-15
csi1000,SH600550,保变电气,2020-01-02,
csi1000,SH600552,凯盛科技,2020-01-02,
csi1000,SH600556,天下秀,2023-12-11,
csi1000,SH600557,康缘药业,2020-12-14,
csi1000,SH600559,老白干酒,2020-01-02,
csi1000,SH600562,国睿科技,2020-01-02,2025-06-16
csi1000,SH600565,ST迪马,2020-12-14,2023-06-12
csi1000,SH600568,ST中珠,2020-01-02,2020-06-15
csi1000,SH600569,安阳钢铁,2020-01-02,2023-12-11
csi1000,SH600571,信雅达,2020-01-02,2021-06-15
csi1000,SH600572,康恩贝,2022-12-12,
csi1000,SH600575,淮河能源,2021-06-15,
csi1000,SH600577,精达股份,2020-01-02,
csi1000,SH600578,京能电力,2021-06-15,2024-06-17
csi1000,SH600581,*ST八钢,2020-01-02,2023-12-11
csi1000,SH600583,海油工程,2021-06-15,2023-12-11
csi1000,SH600586,金晶科技,2021-12-13,2026-06-15
csi1000,SH600587,新华医疗,2020-01-02,
csi1000,SH600590,泰豪科技,2020-01-02,2023-06-12
csi1000,SH600592,龙溪股份,2020-08-17,2021-12-13
csi1000,SH600595,中孚实业,2023-12-11,2026-06-15
csi1000,SH600596,新安股份,2020-01-02,
csi1000,SH600597,光明乳业,2024-06-17,
csi1000,SH600601,方正科技,2020-01-02,2021-06-15
csi1000,SH600601,方正科技,2023-12-11,2025-12-15
csi1000,SH600602,云赛智联,2020-01-02,2025-12-15
csi1000,SH600603,广汇物流,2020-01-02,2021-12-13
csi1000,SH600604,市北高新,2020-01-02,2025-12-15
csi1000,SH600610,中毅达,2022-06-13,2024-12-16
csi1000,SH600611,大众交通,2020-01-02,2020-12-14
csi1000,SH600612,老凤祥,2020-01-02,2024-06-17
csi1000,SH600612,老凤祥,2025-12-15,
csi1000,SH600618,氯碱化工,2020-01-02,
csi1000,SH600619,海立股份,2020-01-02,2020-06-15
csi1000,SH600619,海立股份,2025-12-15,
csi1000,SH600621,华鑫股份,2020-01-02,
csi1000,SH600622,光大嘉宝,2020-01-02,2022-06-13
csi1000,SH600623,华谊集团,2023-12-11,
csi1000,SH600624,ST复华,2020-01-02,2022-06-13
csi1000,SH600626,申达股份,2020-01-02,2021-06-15
csi1000,SH600629,华建集团,2025-12-15,
csi1000,SH600633,浙数文化,2023-06-12,
csi1000,SH600635,大众公用,2020-01-02,
csi1000,SH600636,退市国化,2020-01-02,2022-06-13
csi1000,SH600638,新黄浦,2020-01-02,2020-06-15
csi1000,SH600639,浦东金桥,2022-06-13,
csi1000,SH600640,国脉文化,2024-12-16,
csi1000,SH600641,先导基电,2020-01-02,
csi1000,SH600643,爱建集团,2022-06-13,
csi1000,SH600645,中源协和,2022-06-13,
csi1000,SH600648,外高桥,2023-06-12,2025-12-15
csi1000,SH600649,城投控股,2022-06-13,
csi1000,SH600650,锦江在线,2020-01-02,2020-06-15
csi1000,SH600651,飞乐音响,2024-05-13,
csi1000,SH600654,中安科,2025-12-15,
csi1000,SH600657,信达地产,2022-06-13,
csi1000,SH600658,电子城,2020-01-02,2020-06-15
csi1000,SH600662,外服控股,2020-01-02,
csi1000,SH600664,哈药股份,2024-12-16,
csi1000,SH600667,太极实业,2020-01-02,2020-06-15
csi1000,SH600667,太极实业,2023-12-11,
csi1000,SH600668,尖峰集团,2020-01-02,2021-12-13
csi1000,SH600675,中华企业,2022-06-13,
csi1000,SH600676,久事动娱,2020-01-02,2021-12-13
csi1000,SH600677,*ST航通,2020-01-02,2020-02-17
csi1000,SH600681,百川能源,2020-01-02,2020-12-14
csi1000,SH600682,南京新百,2021-06-15,
csi1000,SH600684,珠江股份,2020-01-02,2020-06-15
csi1000,SH600685,中船防务,2020-01-02,2024-12-16
csi1000,SH600686,金龙汽车,2020-01-02,2022-06-13
csi1000,SH600686,金龙汽车,2025-12-15,
csi1000,SH600688,上海石化,2021-06-15,2024-12-16
csi1000,SH600691,潞化科技,2020-01-02,2020-12-14
csi1000,SH600691,潞化科技,2022-06-13,2024-12-16
csi1000,SH600694,大商股份,2020-12-14,2022-12-12
csi1000,SH600696,退市岩石,2022-06-13,2024-06-17
csi1000,SH600702,舍得酒业,2020-01-02,2020-10-12
csi1000,SH600708,光明地产,2020-01-02,2021-06-15
csi1000,SH600710,苏美达,2020-01-02,
csi1000,SH600711,盛屯矿业,2020-01-02,2024-09-18
csi1000,SH600715,文投控股,2020-01-02,2022-12-12
csi1000,SH600717,天津港,2022-12-12,
csi1000,SH600718,东软集团,2023-12-11,
csi1000,SH600720,中交设计,2020-01-02,2024-12-16
csi1000,SH600726,华电能源,2025-12-15,
csi1000,SH600728,佳都科技,2023-12-11,
csi1000,SH600729,重百集团,2022-06-13,
csi1000,SH600732,爱旭股份,2020-12-14,2021-06-15
csi1000,SH600734,ST实达,2020-01-02,2020-06-15
csi1000,SH600736,苏州高新,2020-01-02,2021-12-13
csi1000,SH600738,丽尚国潮,2020-01-02,2022-06-13
csi1000,SH600739,辽宁成大,2026-06-15,
csi1000,SH600740,山西焦化,2020-01-02,
csi1000,SH600742,富维股份,2020-01-02,2023-12-11
csi1000,SH600744,华银电力,2025-12-15,
csi1000,SH600746,江苏索普,2021-06-15,2023-12-11
csi1000,SH600746,江苏索普,2025-06-16,
csi1000,SH600748,上实发展,2021-06-15,2023-06-12
csi1000,SH600750,华润江中,2020-01-02,
csi1000,SH600751,海航科技,2020-12-14,
csi1000,SH600756,浪潮软件,2020-01-02,2021-12-13
csi1000,SH600757,长江传媒,2024-06-17,
csi1000,SH600758,辽宁能源,2020-01-02,2021-06-15
csi1000,SH600759,ST洲际,2020-06-15,2020-12-14
csi1000,SH600759,ST洲际,2024-12-16,2026-05-11
csi1000,SH600761,安徽合力,2020-01-02,
csi1000,SH600764,中国海防,2020-01-02,2021-03-15
csi1000,SH600770,综艺股份,2020-12-14,2024-06-17
csi1000,SH600771,广誉远,2020-01-02,
csi1000,SH600773,西藏城投,2020-01-02,
csi1000,SH600775,南京熊猫,2020-01-02,2025-12-15
csi1000,SH600776,东方通信,2022-06-13,
csi1000,SH600777,新潮能源,2021-12-13,2024-05-13
csi1000,SH600780,通宝能源,2023-12-11,2025-12-15
csi1000,SH600782,新钢股份,2023-12-11,
csi1000,SH600783,鲁信创投,2020-01-02,
csi1000,SH600787,中储股份,2023-06-12,
csi1000,SH600789,鲁抗医药,2020-01-02,2023-12-11
csi1000,SH600789,鲁抗医药,2025-06-16,
csi1000,SH600790,轻纺城,2020-01-02,2020-06-15
csi1000,SH600797,浙大网新,2020-01-02,2024-12-16
csi1000,SH600798,宁波海运,2020-01-02,2020-12-14
csi1000,SH600800,渤海化学,2020-01-02,2022-12-12
csi1000,SH600803,新奥股份,2020-01-02,2021-06-15
csi1000,SH600810,神马股份,2020-01-02,2026-06-15
csi1000,SH600811,*ST东方,2022-12-12,2024-12-16
csi1000,SH600812,华北制药,2020-01-02,
csi1000,SH600821,金开新能,2022-06-13,
csi1000,SH600825,新华传媒,2020-01-02,2022-06-13
csi1000,SH600827,百联股份,2024-12-16,
csi1000,SH600831,广电网络,2020-01-02,2021-12-13
csi1000,SH600835,上海机电,2022-12-12,
csi1000,SH600841,动力新科,2022-06-13,2023-12-11
csi1000,SH600846,同济科技,2020-01-02,2022-06-13
csi1000,SH600850,电科数字,2020-01-02,
csi1000,SH600851,海欣股份,2020-01-02,2021-06-15
csi1000,SH600855,航天长峰,2020-01-02,2022-12-12
csi1000,SH600859,王府井,2025-12-15,
csi1000,SH600861,北京人力,2023-12-11,2026-06-15
csi1000,SH600864,哈投股份,2020-01-02,
csi1000,SH600866,星湖科技,2024-12-16,
csi1000,SH600867,通化东宝,2025-12-15,
csi1000,SH600868,梅雁吉祥,2020-01-02,2021-06-15
csi1000,SH600869,远东股份,2022-06-13,
csi1000,SH600872,中炬高新,2022-06-13,2024-06-17
csi1000,SH600872,中炬高新,2025-12-15,
csi1000,SH600873,梅花生物,2020-01-02,2022-12-12
csi1000,SH600874,创业环保,2020-12-14,2025-12-15
csi1000,SH600876,凯盛新能,2020-01-02,2024-06-17
csi1000,SH600877,电科芯片,2021-12-13,
csi1000,SH600882,妙可蓝多,2020-06-15,
csi1000,SH600888,新疆众和,2022-06-13,
csi1000,SH600894,广日股份,2020-01-02,2022-06-13
csi1000,SH600894,广日股份,2024-12-16,2026-06-15
csi1000,SH600897,厦门空港,2020-01-02,2020-12-14
csi1000,SH600903,贵州燃气,2022-06-13,2026-06-15
csi1000,SH600908,无锡银行,2022-06-13,
csi1000,SH600916,中国黄金,2021-12-13,
csi1000,SH600928,西安银行,2025-12-15,
csi1000,SH600929,雪天盐业,2020-01-02,
csi1000,SH600933,爱柯迪,2020-01-02,
csi1000,SH600935,华塑股份,2022-06-13,2023-12-11
csi1000,SH600936,北投科技,2020-01-02,2021-06-15
csi1000,SH600955,维远股份,2022-06-13,2024-06-17
csi1000,SH600956,新天绿能,2020-12-14,2021-03-15
csi1000,SH600956,新天绿能,2026-06-15,
csi1000,SH600961,株冶集团,2024-06-17,
csi1000,SH600963,岳阳林纸,2020-01-02,
csi1000,SH600965,*ST福成,2020-06-15,2021-06-15
csi1000,SH600966,博汇纸业,2020-01-02,2025-12-15
csi1000,SH600967,内蒙一机,2024-12-16,2025-12-15
csi1000,SH600971,恒源煤电,2020-01-02,
csi1000,SH600975,新五丰,2020-01-02,2022-06-13
csi1000,SH600975,新五丰,2025-06-16,2026-06-15
csi1000,SH600976,健民集团,2023-12-11,2025-12-15
csi1000,SH600977,中国电影,2021-12-13,2023-12-11
csi1000,SH600978,*ST宜生,2020-01-02,2020-06-15
csi1000,SH600981,苏豪汇鸿,2020-01-02,2021-12-13
csi1000,SH600984,建设机械,2020-01-02,2023-12-11
csi1000,SH600986,浙文互联,2020-01-02,
csi1000,SH600987,航民股份,2020-01-02,2021-06-15
csi1000,SH600987,航民股份,2024-12-16,2025-12-15
csi1000,SH600988,赤峰黄金,2020-01-02,2021-06-15
csi1000,SH600990,四创电子,2020-01-02,2023-12-11
csi1000,SH600993,马应龙,2020-01-02,
csi1000,SH600995,南网储能,2020-01-02,2020-12-14
csi1000,SH600995,南网储能,2022-12-12,2023-06-12
csi1000,SH600996,贵广网络,2020-12-14,
csi1000,SH600997,开滦股份,2020-01-02,
csi1000,SH601001,晋控煤业,2020-06-15,2024-12-16
csi1000,SH601003,柳钢股份,2025-12-15,
csi1000,SH601010,ST文峰,2020-01-02,2021-06-15
csi1000,SH601011,宝泰隆,2020-01-02,2024-12-16
csi1000,SH601015,陕西黑猫,2020-01-02,2020-12-14
csi1000,SH601015,陕西黑猫,2021-12-13,2025-12-15
csi1000,SH601019,山东出版,2023-06-12,2024-06-17
csi1000,SH601020,华钰矿业,2020-01-02,2021-06-15
csi1000,SH601020,华钰矿业,2024-12-16,
csi1000,SH601022,宁波远洋,2023-06-12,
csi1000,SH601026,道生天合,2026-06-15,
csi1000,SH601028,玉龙股份,2021-06-15,2025-04-14
csi1000,SH601033,永兴股份,2024-06-17,
csi1000,SH601038,一拖股份,2024-06-17,
csi1000,SH601058,赛轮轮胎,2020-01-02,2022-06-13
csi1000,SH601068,中铝国际,2022-12-12,
csi1000,SH601069,西部黄金,2020-01-02,
csi1000,SH601083,锦江航运,2024-06-17,
csi1000,SH601089,福元医药,2025-05-12,
csi1000,SH601096,宏盛华源,2024-06-17,
csi1000,SH601099,太平洋,2022-06-13,2024-12-16
csi1000,SH601101,昊华能源,2020-01-02,2020-12-14
csi1000,SH601101,昊华能源,2023-06-12,
csi1000,SH601107,四川成渝,2020-01-02,2020-12-14
csi1000,SH601107,四川成渝,2024-06-17,
csi1000,SH601116,三江购物,2020-01-02,2021-12-13
csi1000,SH601126,四方股份,2020-01-02,
csi1000,SH601137,博威合金,2020-01-02,
csi1000,SH601158,重庆水务,2021-12-13,2022-12-12
csi1000,SH601163,三角轮胎,2020-01-02,2022-06-13
csi1000,SH601163,三角轮胎,2023-12-11,2026-06-15
csi1000,SH601187,厦门银行,2024-06-17,
csi1000,SH601200,上海环境,2022-12-12,
csi1000,SH601208,东材科技,2021-12-13,
csi1000,SH601212,白银有色,2021-06-15,2024-06-17
csi1000,SH601222,林洋能源,2020-01-02,
csi1000,SH601231,环旭电子,2022-06-13,2022-12-12
csi1000,SH601258,*ST庞大,2021-12-13,2023-06-12
csi1000,SH601279,英利汽车,2021-12-13,2025-12-15
csi1000,SH601311,骆驼股份,2020-12-14,
csi1000,SH601326,秦港股份,2023-12-11,
csi1000,SH601330,绿色动力,2020-01-02,2024-06-17
csi1000,SH601333,广深铁路,2023-12-11,2025-06-16
csi1000,SH601333,广深铁路,2026-06-15,
csi1000,SH601366,利群股份,2020-01-02,2021-12-13
csi1000,SH601369,陕鼓动力,2020-01-02,
csi1000,SH601375,中原证券,2020-01-02,
csi1000,SH601399,国机重装,2021-12-13,2024-06-17
csi1000,SH601500,通用股份,2024-12-16,2026-06-15
csi1000,SH601515,衢州东峰,2020-01-02,2025-12-15
csi1000,SH601519,大智慧,2020-01-02,
csi1000,SH601528,瑞丰银行,2021-12-13,
csi1000,SH601566,九牧王,2020-01-02,2020-06-15
csi1000,SH601567,三星电气,2020-01-02,2024-06-17
csi1000,SH601568,北元化工,2026-06-15,
csi1000,SH601588,北辰实业,2020-01-02,2023-06-12
csi1000,SH601595,上海电影,2020-01-13,2022-06-13
csi1000,SH601595,上海电影,2024-06-17,
csi1000,SH601606,长城军工,2020-01-02,
csi1000,SH601609,金田股份,2020-12-14,
csi1000,SH601619,嘉泽新能,2020-01-02,
csi1000,SH601636,旗滨集团,2020-01-02,2021-06-15
csi1000,SH601636,旗滨集团,2025-12-15,
csi1000,SH601666,平煤股份,2020-01-02,2022-12-12
csi1000,SH601677,明泰铝业,2020-01-02,
csi1000,SH601678,滨化股份,2020-12-14,
csi1000,SH601686,友发集团,2021-06-15,2023-06-12
csi1000,SH601700,风范股份,2020-01-02,2023-12-11
csi1000,SH601702,华峰铝业,2022-06-13,
csi1000,SH601718,ST际华,2023-12-11,2026-05-11
csi1000,SH601777,千里科技,2021-12-13,
csi1000,SH601778,晶科科技,2024-06-17,
csi1000,SH601789,宁波建工,2020-01-02,2021-06-15
csi1000,SH601801,皖新传媒,2023-06-12,
csi1000,SH601811,新华文轩,2023-12-11,2026-06-15
csi1000,SH601827,三峰环境,2020-12-14,2023-06-12
csi1000,SH601827,三峰环境,2024-12-16,2025-12-15
csi1000,SH601858,中国科传,2020-01-02,2022-06-13
csi1000,SH601858,中国科传,2023-12-11,2024-06-17
csi1000,SH601858,中国科传,2025-12-15,
csi1000,SH601860,紫金银行,2022-12-12,
csi1000,SH601869,长飞光纤,2023-12-11,2026-06-15
csi1000,SH601882,海天精工,2022-06-13,
csi1000,SH601886,江河集团,2020-01-02,2025-06-16
csi1000,SH601890,亚星锚链,2020-01-02,
csi1000,SH601898,中煤能源,2021-06-15,2021-12-13
csi1000,SH601900,南方传媒,2020-06-15,2021-06-15
csi1000,SH601900,南方传媒,2024-12-16,
csi1000,SH601908,京运通,2020-01-02,
csi1000,SH601918,新集能源,2020-01-02,2024-12-16
csi1000,SH601918,新集能源,2026-06-15,
csi1000,SH601921,浙版传媒,2021-12-13,2025-06-16
csi1000,SH601921,浙版传媒,2026-06-15,
csi1000,SH601929,吉视传媒,2020-01-02,2023-12-11
csi1000,SH601949,中国出版,2020-01-02,
csi1000,SH601952,苏垦农发,2020-01-02,
csi1000,SH601963,重庆银行,2021-12-13,
csi1000,SH601965,中国汽研,2020-06-15,2024-06-17
csi1000,SH601965,中国汽研,2026-06-15,
csi1000,SH601969,海南矿业,2023-12-11,
csi1000,SH601975,招商南油,2022-12-12,
csi1000,SH603005,晶方科技,2020-06-15,
csi1000,SH603008,ST喜临门,2020-01-02,2025-12-15
csi1000,SH603009,北特科技,2025-06-16,
csi1000,SH603010,万盛股份,2022-06-13,2024-06-17
csi1000,SH603012,创力集团,2020-01-02,2021-12-13
csi1000,SH603013,亚普股份,2020-01-02,
csi1000,SH603014,威高血净,2025-12-15,
csi1000,SH603018,华设集团,2020-01-02,2023-12-11
csi1000,SH603025,大豪科技,2020-12-14,
csi1000,SH603026,石大胜华,2020-01-02,2022-06-13
csi1000,SH603026,石大胜华,2024-06-17,
csi1000,SH603027,千禾味业,2020-01-02,
csi1000,SH603032,德新科技,2022-12-12,2024-06-17
csi1000,SH603033,三维股份,2021-12-13,
csi1000,SH603039,泛微网络,2020-01-02,2022-06-13
csi1000,SH603039,泛微网络,2024-06-17,
csi1000,SH603043,广州酒家,2020-01-02,
csi1000,SH603053,成都燃气,2020-06-15,2023-12-11
csi1000,SH603055,台华新材,2022-06-13,
csi1000,SH603056,德邦股份,2025-06-16,2026-02-05
csi1000,SH603057,紫燕食品,2023-06-12,
csi1000,SH603058,永吉股份,2020-01-02,2020-06-15
csi1000,SH603060,国检集团,2020-06-15,2023-12-11
csi1000,SH603063,禾望电气,2020-01-02,2020-12-14
csi1000,SH603063,禾望电气,2022-06-13,
csi1000,SH603068,博通集成,2020-01-02,2023-06-12
csi1000,SH603071,物产环能,2022-06-13,2024-12-16
csi1000,SH603072,天和磁材,2025-06-16,
csi1000,SH603075,热威股份,2024-06-17,2025-06-16
csi1000,SH603081,大丰实业,2020-01-02,2021-06-15
csi1000,SH603083,剑桥科技,2023-12-11,
csi1000,SH603087,甘李药业,2023-12-11,2024-06-17
csi1000,SH603093,南华期货,2020-06-15,
csi1000,SH603096,新经典,2020-01-02,2020-06-15
csi1000,SH603098,森特股份,2020-01-02,2020-06-15
csi1000,SH603098,森特股份,2021-12-13,2024-12-16
csi1000,SH603099,长白山,2025-06-16,
csi1000,SH603100,川仪股份,2023-06-12,
csi1000,SH603103,横店影视,2020-01-02,
csi1000,SH603105,芯能科技,2020-01-02,2024-12-16
csi1000,SH603108,润达医疗,2020-01-02,
csi1000,SH603111,康尼机电,2020-01-02,2021-12-13
csi1000,SH603113,金能科技,2020-01-02,2024-12-16
csi1000,SH603118,共进股份,2020-01-02,
csi1000,SH603119,浙江荣泰,2025-06-16,2026-06-15
csi1000,SH603123,翠微股份,2022-12-12,2025-06-16
csi1000,SH603124,江南新材,2026-06-15,
csi1000,SH603127,昭衍新药,2020-01-02,2021-12-13
csi1000,SH603127,昭衍新药,2025-06-16,
csi1000,SH603128,华贸物流,2020-01-02,2026-06-15
csi1000,SH603129,春风动力,2020-12-14,2024-12-16
csi1000,SH603132,金徽股份,2022-12-12,2025-12-15
csi1000,SH603132,金徽股份,2026-06-15,
csi1000,SH603162,海通发展,2023-12-11,
csi1000,SH603166,福达股份,2026-06-15,
csi1000,SH603169,兰石重装,2020-01-02,
csi1000,SH603170,宝立食品,2022-12-12,2024-12-16
csi1000,SH603171,税友股份,2021-12-13,
csi1000,SH603179,新泉股份,2021-06-15,2024-06-17
csi1000,SH603180,金牌家居,2020-01-02,2022-12-12
csi1000,SH603185,弘元绿能,2020-01-02,2021-12-13
csi1000,SH603187,海容冷链,2021-06-15,2024-12-16
csi1000,SH603193,润本股份,2025-06-16,
csi1000,SH603194,中力股份,2025-06-16,
csi1000,SH603197,保隆科技,2022-12-12,2026-06-15
csi1000,SH603202,天有为,2025-12-15,
csi1000,SH603208,江山欧派,2020-12-14,2024-06-17
csi1000,SH603212,赛伍技术,2020-12-14,2024-12-16
csi1000,SH603218,日月股份,2020-01-02,2021-12-13
csi1000,SH603218,日月股份,2024-12-16,
csi1000,SH603219,富佳股份,2024-12-16,
csi1000,SH603220,中贝通信,2020-01-02,2021-12-13
csi1000,SH603220,中贝通信,2024-06-17,
csi1000,SH603222,济民健康,2020-01-02,2022-12-12
csi1000,SH603227,雪峰科技,2025-05-12,
csi1000,SH603229,奥翔药业,2021-06-15,2026-06-15
csi1000,SH603235,天新药业,2022-12-12,2023-12-11
csi1000,SH603236,移远通信,2020-01-02,
csi1000,SH603248,锡华科技,2026-06-15,
csi1000,SH603256,宏和科技,2025-12-15,2026-06-15
csi1000,SH603258,电魂网络,2020-06-15,2023-06-12
csi1000,SH603262,技源集团,2025-12-15,2026-06-15
csi1000,SH603267,鸿远电子,2020-01-02,2021-12-13
csi1000,SH603267,鸿远电子,2024-06-17,
csi1000,SH603279,景津装备,2020-01-02,
csi1000,SH603281,江瀚新材,2023-06-12,2025-06-16
csi1000,SH603283,赛腾股份,2020-12-14,2022-06-13
csi1000,SH603283,赛腾股份,2024-06-17,
csi1000,SH603297,永新光学,2022-12-12,
csi1000,SH603298,杭叉集团,2020-01-02,2024-06-17
csi1000,SH603299,苏盐井神,2020-01-02,
csi1000,SH603300,海南华铁,2022-12-12,
csi1000,SH603301,振德医疗,2020-12-14,2025-06-16
csi1000,SH603301,振德医疗,2026-06-15,
csi1000,SH603305,旭升集团,2020-01-02,2023-12-11
csi1000,SH603305,旭升集团,2024-12-16,
csi1000,SH603306,华懋科技,2022-06-13,
csi1000,SH603308,应流股份,2020-01-02,2026-06-15
csi1000,SH603313,梦百合,2020-01-02,2023-06-12
csi1000,SH603317,天味食品,2024-12-16,
csi1000,SH603318,水发燃气,2020-01-02,2020-12-14
csi1000,SH603319,美湖股份,2026-06-15,
csi1000,SH603323,苏农银行,2020-01-02,
csi1000,SH603327,福蓉科技,2020-01-02,2022-06-13
csi1000,SH603327,福蓉科技,2024-06-17,
csi1000,SH603328,依顿电子,2021-06-15,
csi1000,SH603337,杰克科技,2020-01-02,2023-06-12
csi1000,SH603337,杰克科技,2024-12-16,
csi1000,SH603338,浙江鼎力,2022-06-13,2023-06-12
csi1000,SH603345,安井食品,2020-01-02,2020-12-14
csi1000,SH603345,安井食品,2021-06-15,2021-12-13
csi1000,SH603345,安井食品,2023-06-12,2023-12-11
csi1000,SH603348,文灿股份,2020-01-02,2025-12-15
csi1000,SH603355,莱克电气,2024-12-16,
csi1000,SH603357,设计总院,2020-01-02,2021-06-15
csi1000,SH603358,华达科技,2024-06-17,
csi1000,SH603359,*ST东珠,2020-01-02,2022-12-12
csi1000,SH603360,百傲化学,2020-06-15,2021-12-13
csi1000,SH603360,百傲化学,2025-06-16,
csi1000,SH603363,傲农生物,2020-01-02,2024-06-17
csi1000,SH603367,辰欣药业,2020-01-02,2021-12-13
csi1000,SH603368,柳药集团,2020-01-02,2025-12-15
csi1000,SH603376,大明电子,2026-06-15,
csi1000,SH603378,*ST亚士,2020-12-14,2022-12-12
csi1000,SH603383,顶点软件,2020-01-02,2022-06-13
csi1000,SH603383,顶点软件,2024-06-17,2026-06-15
csi1000,SH603387,基蛋生物,2020-01-02,2023-12-11
csi1000,SH603390,通达电气,2020-06-15,2021-06-15
csi1000,SH603393,新天然气,2020-01-02,
csi1000,SH603395,红四方,2025-06-16,
csi1000,SH603396,金辰股份,2022-06-13,2024-06-17
csi1000,SH603398,*ST沐邦,2024-05-13,2025-05-12
csi1000,SH603399,永杉锂业,2020-01-02,2020-12-14
csi1000,SH603402,陕西旅游,2026-06-15,
csi1000,SH603406,天富龙,2026-06-15,
csi1000,SH603408,建霖家居,2020-12-14,2021-12-13
csi1000,SH603416,信捷电气,2021-06-15,2023-12-11
csi1000,SH603418,友升股份,2026-06-15,
csi1000,SH603421,鼎信通讯,2020-01-02,2021-06-15
csi1000,SH603429,*ST集友,2020-01-02,2023-12-11
csi1000,SH603439,三力制药,2020-12-14,2025-06-16
csi1000,SH603444,吉比特,2025-06-16,2025-12-15
csi1000,SH603456,九洲药业,2020-01-02,2021-12-13
csi1000,SH603456,九洲药业,2025-06-16,
csi1000,SH603458,勘设股份,2020-01-02,2020-12-14
csi1000,SH603466,风语筑,2020-01-02,2025-06-16
csi1000,SH603477,巨星农牧,2023-06-12,
csi1000,SH603489,八方股份,2020-06-15,2025-06-16
csi1000,SH603496,恒为科技,2024-12-16,
csi1000,SH603505,金石资源,2022-06-13,
csi1000,SH603508,思维列控,2020-01-02,2022-12-12
csi1000,SH603508,思维列控,2025-06-16,
csi1000,SH603511,爱慕股份,2021-12-13,2022-12-12
csi1000,SH603516,淳中科技,2025-06-16,
csi1000,SH603520,司太立,2020-06-15,2023-12-11
csi1000,SH603529,爱玛科技,2021-12-13,2023-06-12
csi1000,SH603530,神马电力,2020-06-15,
csi1000,SH603533,掌阅科技,2020-01-02,
csi1000,SH603551,奥普科技,2020-06-15,2021-12-13
csi1000,SH603555,ST贵人,2020-01-02,2020-06-15
csi1000,SH603556,海兴电力,2020-12-14,2021-06-15
csi1000,SH603556,海兴电力,2023-12-11,2024-12-16
csi1000,SH603556,海兴电力,2025-12-15,
csi1000,SH603557,*ST起步,2020-01-02,2021-06-15
csi1000,SH603565,中谷物流,2021-06-15,2025-06-16
csi1000,SH603566,普莱柯,2020-12-14,2025-06-16
csi1000,SH603567,珍宝岛,2022-06-13,
csi1000,SH603579,荣泰健康,2020-01-02,2021-12-13
csi1000,SH603583,捷昌驱动,2020-01-02,
csi1000,SH603587,地素时尚,2020-01-02,2022-12-12
csi1000,SH603588,高能环境,2020-01-02,
csi1000,SH603590,康辰药业,2020-01-02,2022-06-13
csi1000,SH603595,ST东尼,2020-01-02,2024-12-16
csi1000,SH603596,伯特利,2020-01-02,2022-12-12
csi1000,SH603599,广信股份,2020-01-02,
csi1000,SH603601,再升科技,2020-06-15,2023-12-11
csi1000,SH603603,退市博天,2020-01-02,2020-12-14
csi1000,SH603605,珀莱雅,2020-01-02,2020-06-15
csi1000,SH603606,东方电缆,2020-01-02,2022-12-12
csi1000,SH603609,禾丰股份,2020-01-02,2025-12-15
csi1000,SH603610,麒盛科技,2020-06-15,2023-06-12
csi1000,SH603612,索通发展,2020-01-02,
csi1000,SH603613,国联股份,2020-01-02,2021-12-13
csi1000,SH603613,国联股份,2025-06-16,
csi1000,SH603618,杭电股份,2020-01-02,2020-12-14
csi1000,SH603619,中曼石油,2020-01-02,2021-06-15
csi1000,SH603619,中曼石油,2024-12-16,
csi1000,SH603626,科森科技,2020-01-02,2022-12-12
csi1000,SH603636,南威软件,2020-01-02,2025-12-15
csi1000,SH603638,艾迪精密,2020-01-02,2020-12-14
csi1000,SH603638,艾迪精密,2023-12-11,
csi1000,SH603648,畅联股份,2020-01-02,2020-12-14
csi1000,SH603660,苏州科达,2020-01-02,2021-06-15
csi1000,SH603662,柯力传感,2024-12-16,
csi1000,SH603663,三祥新材,2025-12-15,
csi1000,SH603666,亿嘉和,2020-01-02,2024-12-16
csi1000,SH603667,五洲新春,2025-06-16,
csi1000,SH603676,卫信康,2020-01-02,2021-06-15
csi1000,SH603678,火炬电子,2020-01-02,
csi1000,SH603680,今创集团,2020-01-02,2020-06-15
csi1000,SH603686,福龙马,2020-01-02,2022-12-12
csi1000,SH603687,大胜达,2020-01-02,2021-12-13
csi1000,SH603688,石英股份,2020-06-15,2022-12-12
csi1000,SH603690,至纯科技,2020-06-15,
csi1000,SH603693,江苏新能,2020-01-02,
csi1000,SH603698,航天工程,2025-06-16,
csi1000,SH603699,纽威股份,2023-12-11,2025-12-15
csi1000,SH603707,健友股份,2026-06-15,
csi1000,SH603708,家家悦,2020-01-02,2020-08-17
csi1000,SH603711,香飘飘,2020-01-02,2022-06-13
csi1000,SH603713,密尔克卫,2020-01-02,
csi1000,SH603718,*ST海利,2020-01-02,2024-12-16
csi1000,SH603719,良品铺子,2023-06-12,2025-06-16
csi1000,SH603727,博迈科,2020-01-02,2021-06-15
csi1000,SH603728,鸣志电器,2020-01-02,2024-06-17
csi1000,SH603730,岱美股份,2020-06-15,
csi1000,SH603733,仙鹤股份,2020-01-02,
csi1000,SH603737,三棵树,2020-01-02,2020-12-14
csi1000,SH603766,隆鑫通用,2020-12-14,2025-12-15
csi1000,SH603773,沃格光电,2020-01-02,2020-06-15
csi1000,SH603777,来伊份,2020-01-02,2021-12-13
csi1000,SH603801,志邦家居,2020-01-02,2025-06-16
csi1000,SH603803,瑞斯康达,2020-01-02,2021-12-13
csi1000,SH603808,歌力思,2020-01-02,2022-06-13
csi1000,SH603809,豪能股份,2025-12-15,
csi1000,SH603815,交建股份,2020-06-15,2022-06-13
csi1000,SH603826,坤彩科技,2020-01-02,2023-06-12
csi1000,SH603826,坤彩科技,2025-12-15,
csi1000,SH603839,安正时尚,2020-01-02,2021-12-13
csi1000,SH603848,好太太,2020-01-02,2021-06-15
csi1000,SH603866,桃李面包,2024-06-17,
csi1000,SH603869,ST智知,2020-01-02,2022-06-13
csi1000,SH603871,嘉友国际,2023-06-12,
csi1000,SH603876,鼎胜新材,2020-01-02,
csi1000,SH603877,太平鸟,2021-06-15,2025-12-15
csi1000,SH603881,数据港,2020-01-02,
csi1000,SH603883,老百姓,2025-06-16,
csi1000,SH603887,城地香江,2020-06-15,2022-06-13
csi1000,SH603887,城地香江,2025-12-15,
csi1000,SH603888,新华网,2023-06-12,
csi1000,SH603896,寿仙谷,2020-01-02,2024-12-16
csi1000,SH603898,好莱客,2020-01-02,2020-06-15
csi1000,SH603900,莱绅通灵,2020-01-02,2020-06-15
csi1000,SH603906,龙蟠科技,2021-10-11,2024-12-16
csi1000,SH603915,国茂股份,2020-01-02,
csi1000,SH603916,苏博特,2020-12-14,2023-12-11
csi1000,SH603919,金徽酒,2020-01-02,
csi1000,SH603920,世运电路,2020-01-02,2025-12-15
csi1000,SH603927,中科软,2020-06-15,2020-12-14
csi1000,SH603927,中科软,2026-06-15,
csi1000,SH603929,亚翔集成,2026-06-15,
csi1000,SH603936,博敏电子,2020-08-17,2024-12-16
csi1000,SH603938,三孚股份,2022-12-12,2024-12-16
csi1000,SH603950,长源东谷,2026-06-15,
csi1000,SH603956,威派格,2020-01-02,2022-06-13
csi1000,SH603959,ST百利,2020-01-02,2023-12-11
csi1000,SH603960,克来机电,2020-12-14,2023-06-12
csi1000,SH603976,正川股份,2021-06-15,2022-06-13
csi1000,SH603979,金诚信,2020-01-02,2024-06-17
csi1000,SH603980,吉华集团,2020-01-02,2021-06-15
csi1000,SH603983,丸美生物,2023-06-12,
csi1000,SH603985,恒润股份,2022-12-12,2025-06-16
csi1000,SH603989,艾华集团,2020-01-02,2025-06-16
csi1000,SH603992,松霖科技,2020-06-15,2021-12-13
csi1000,SH603992,松霖科技,2026-06-15,
csi1000,SH603995,甬金股份,2022-06-13,2025-06-16
csi1000,SH603997,继峰股份,2020-01-02,
csi1000,SH605007,五洲特纸,2021-06-15,2023-12-11
csi1000,SH605008,长鸿高科,2021-06-15,2023-12-11
csi1000,SH605009,豪悦护理,2021-06-15,2026-06-15
csi1000,SH605011,杭州热电,2024-06-17,
csi1000,SH605020,永和股份,2023-06-12,
csi1000,SH605090,九丰能源,2021-12-13,
csi1000,SH605099,共创草坪,2021-06-15,2022-12-12
csi1000,SH605099,共创草坪,2025-12-15,
csi1000,SH605111,新洁能,2021-06-15,
csi1000,SH605116,奥锐特,2024-12-16,
csi1000,SH605117,德业股份,2021-12-13,2022-06-13
csi1000,SH605118,力鼎光电,2020-12-14,2022-06-13
csi1000,SH605118,力鼎光电,2025-12-15,
csi1000,SH605123,派克新材,2022-06-13,
csi1000,SH605136,丽人丽妆,2021-06-15,2023-06-12
csi1000,SH605168,三人行,2020-12-14,2025-12-15
csi1000,SH605196,华通线缆,2026-06-15,
csi1000,SH605198,安德利,2025-12-15,
csi1000,SH605199,ST葫芦娃,2020-12-14,2023-12-11
csi1000,SH605222,起帆电缆,2020-12-14,2025-12-15
csi1000,SH605296,神农集团,2021-12-13,2023-12-11
csi1000,SH605296,神农集团,2024-12-16,
csi1000,SH605333,沪光股份,2023-06-12,
csi1000,SH605338,巴比食品,2021-06-15,2024-06-17
csi1000,SH605339,南侨食品,2021-12-13,2023-06-12
csi1000,SH605365,立达信,2021-12-13,2025-06-16
csi1000,SH605368,蓝天燃气,2024-12-16,2025-12-15
csi1000,SH605369,拱东医疗,2022-06-13,2024-06-17
csi1000,SH605376,博迁新材,2021-06-15,
csi1000,SH605388,均瑶健康,2021-06-15,2023-12-11
csi1000,SH605507,国邦医药,2022-06-13,
csi1000,SH605555,德昌股份,2025-06-16,
csi1000,SH605577,龙版传媒,2024-12-16,2025-12-15
csi1000,SH605589,圣泉集团,2022-06-13,2025-06-16
csi1000,SH605599,菜百股份,2024-06-17,
csi1000,SH688001,华兴源创,2020-12-14,
csi1000,SH688003,天准科技,2025-06-16,
csi1000,SH688005,容百科技,2020-12-14,2021-12-13
csi1000,SH688005,容百科技,2025-06-16,
csi1000,SH688006,杭可科技,2020-12-14,2021-12-13
csi1000,SH688006,杭可科技,2024-12-16,
csi1000,SH688007,光峰科技,2020-12-14,2026-06-15
csi1000,SH688016,心脉医疗,2020-12-14,
csi1000,SH688017,绿的谐波,2021-12-13,2024-06-17
csi1000,SH688018,乐鑫科技,2020-12-14,2025-12-15
csi1000,SH688019,安集科技,2020-12-14,2025-12-15
csi1000,SH688020,方邦股份,2020-12-14,2022-12-12
csi1000,SH688023,安恒信息,2021-06-15,2024-12-16
csi1000,SH688025,杰普特,2026-06-15,
csi1000,SH688027,国盾量子,2021-12-13,2025-06-16
csi1000,SH688029,南微医学,2024-12-16,
csi1000,SH688030,山石网科,2020-12-14,2022-06-13
csi1000,SH688031,星环科技,2023-12-11,2024-12-16
csi1000,SH688031,星环科技,2026-06-15,
csi1000,SH688032,禾迈股份,2025-12-15,
csi1000,SH688033,*ST天宜,2020-12-14,2024-12-16
csi1000,SH688037,芯源微,2021-06-15,2026-01-12
csi1000,SH688046,药康生物,2023-06-12,2024-12-16
csi1000,SH688048,长光华芯,2023-06-12,
csi1000,SH688050,爱博医疗,2021-12-13,
csi1000,SH688055,龙腾光电,2021-12-13,2022-12-12
csi1000,SH688062,迈威生物,2024-06-17,
csi1000,SH688063,派能科技,2022-06-13,2022-12-12
csi1000,SH688063,派能科技,2024-12-16,
csi1000,SH688066,*ST航图,2020-12-14,2025-06-16
csi1000,SH688068,热景生物,2025-12-15,
csi1000,SH688076,ST诺泰,2024-06-17,2025-08-11
csi1000,SH688083,中望软件,2022-06-13,
csi1000,SH688085,三友医疗,2021-06-15,2023-12-11
csi1000,SH688086,退市紫晶,2021-06-15,2022-06-13
csi1000,SH688088,虹软科技,2023-06-12,
csi1000,SH688091,上海谊众,2023-06-12,
csi1000,SH688095,福昕软件,2021-12-13,2022-12-12
csi1000,SH688097,博众精工,2023-12-11,
csi1000,SH688098,申联生物,2020-12-14,2021-12-13
csi1000,SH688100,威胜信息,2021-06-15,2025-06-16
csi1000,SH688100,威胜信息,2026-06-15,
csi1000,SH688102,斯瑞新材,2026-05-11,
csi1000,SH688105,诺唯赞,2024-06-17,2025-12-15
csi1000,SH688106,金宏气体,2021-12-13,
csi1000,SH688107,安路科技,2024-12-16,
csi1000,SH688108,赛诺医疗,2020-12-14,2021-12-13
csi1000,SH688110,东芯股份,2023-06-12,
csi1000,SH688116,天奈科技,2020-12-14,2022-12-12
csi1000,SH688116,天奈科技,2023-12-11,
csi1000,SH688122,西部超导,2020-12-14,2022-06-13
csi1000,SH688123,聚辰股份,2023-06-12,
csi1000,SH688127,蓝特光学,2021-12-13,
csi1000,SH688128,中国电研,2022-06-13,
csi1000,SH688131,皓元医药,2022-12-12,
csi1000,SH688133,泰坦科技,2021-12-13,2024-06-17
csi1000,SH688139,海尔生物,2020-12-14,
csi1000,SH688141,杰华特,2024-06-17,
csi1000,SH688146,中船特气,2024-06-17,
csi1000,SH688147,微导纳米,2024-06-17,
csi1000,SH688148,芳源股份,2022-12-12,2023-12-11
csi1000,SH688150,莱特光电,2024-12-16,
csi1000,SH688152,麒麟信安,2023-12-11,2024-12-16
csi1000,SH688153,唯捷创芯,2023-06-12,2023-12-11
csi1000,SH688153,唯捷创芯,2025-12-15,
csi1000,SH688158,优刻得,2021-06-15,2024-12-16
csi1000,SH688158,优刻得,2025-12-15,
csi1000,SH688161,威高骨科,2022-12-12,2024-12-16
csi1000,SH688165,埃夫特,2025-06-16,
csi1000,SH688166,博瑞医药,2021-06-15,2025-12-15
csi1000,SH688167,炬光科技,2023-06-12,2025-06-16
csi1000,SH688167,炬光科技,2026-06-15,
csi1000,SH688173,希荻微,2023-06-12,2024-12-16
csi1000,SH688177,百奥泰,2021-06-15,2022-06-13
csi1000,SH688177,百奥泰,2024-06-17,
csi1000,SH688182,灿勤科技,2025-12-15,
csi1000,SH688183,生益电子,2024-06-17,2025-06-16
csi1000,SH688185,康希诺,2023-12-11,2026-06-15
csi1000,SH688188,柏楚电子,2020-12-14,2021-12-13
csi1000,SH688190,云路股份,2023-06-12,
csi1000,SH688192,迪哲医药,2023-12-11,2025-12-15
csi1000,SH688195,腾景科技,2026-06-15,
csi1000,SH688198,佰仁医疗,2021-06-15,2024-06-17
csi1000,SH688200,华峰测控,2021-06-15,2023-06-12
csi1000,SH688200,华峰测控,2024-12-16,2026-06-15
csi1000,SH688202,美迪西,2021-06-15,2024-12-16
csi1000,SH688205,德科立,2025-12-15,
csi1000,SH688206,概伦电子,2023-06-12,
csi1000,SH688208,道通科技,2024-06-17,
csi1000,SH688209,英集芯,2023-07-17,2026-06-15
csi1000,SH688213,思特威,2023-12-11,2024-06-17
csi1000,SH688222,成都先导,2021-06-15,2022-12-12
csi1000,SH688232,新点软件,2023-06-12,
csi1000,SH688233,神工股份,2022-06-13,2023-12-11
csi1000,SH688235,百济神州,2023-06-12,2025-06-16
csi1000,SH688238,和元生物,2023-06-12,2024-06-17
csi1000,SH688239,航宇科技,2023-06-12,2024-12-16
csi1000,SH688252,天德钰,2025-06-16,
csi1000,SH688261,东微半导,2023-06-12,2025-06-16
csi1000,SH688262,国芯科技,2023-06-12,
csi1000,SH688266,泽璟制药,2021-06-15,2025-12-15
csi1000,SH688268,华特气体,2021-06-15,2025-06-16
csi1000,SH688270,ST臻镭,2023-06-12,2026-05-11
csi1000,SH688275,万润新能,2023-12-11,2024-06-17
csi1000,SH688276,百克生物,2022-12-12,2023-06-12
csi1000,SH688276,百克生物,2025-06-16,2026-06-15
csi1000,SH688277,天智航,2021-12-13,2023-12-11
csi1000,SH688278,特宝生物,2021-06-15,2024-12-16
csi1000,SH688279,峰岹科技,2024-06-17,
csi1000,SH688289,圣湘生物,2023-12-11,
csi1000,SH688298,东方生物,2021-06-15,2025-06-16
csi1000,SH688300,联瑞新材,2024-08-26,
csi1000,SH688301,奕瑞科技,2021-12-13,2022-12-12
csi1000,SH688306,均普智能,2025-06-16,
csi1000,SH688313,仕佳光子,2025-12-15,2026-06-15
csi1000,SH688315,诺禾致源,2022-06-13,2025-06-16
csi1000,SH688318,财富趋势,2021-06-15,2025-06-16
csi1000,SH688321,微芯生物,2022-12-12,
csi1000,SH688322,奥比中光,2023-12-11,2025-12-15
csi1000,SH688326,经纬恒润,2023-06-12,
csi1000,SH688327,云从科技,2023-12-11,
csi1000,SH688330,宏力达,2022-12-12,2023-12-11
csi1000,SH688331,荣昌生物,2023-06-12,2023-12-11
csi1000,SH688331,荣昌生物,2025-06-16,2026-06-15
csi1000,SH688332,中科蓝讯,2024-08-07,
csi1000,SH688333,铂力特,2021-06-15,
csi1000,SH688336,三生国健,2024-06-17,2025-12-15
csi1000,SH688337,普源精电,2023-06-12,2026-06-15
csi1000,SH688339,亿华通,2021-12-13,2024-12-16
csi1000,SH688343,云天励飞,2024-06-17,2026-06-15
csi1000,SH688347,华虹宏力,2024-12-16,2025-12-15
csi1000,SH688348,昱能科技,2024-12-16,2026-06-15
csi1000,SH688351,微电生理,2023-12-11,
csi1000,SH688352,颀中科技,2024-06-17,
csi1000,SH688353,华盛锂电,2026-06-15,
csi1000,SH688356,键凯科技,2022-02-14,2024-06-17
csi1000,SH688362,甬矽电子,2024-06-17,
csi1000,SH688365,光云科技,2021-06-15,2022-12-12
csi1000,SH688366,昊海生科,2020-12-14,2025-12-15
csi1000,SH688368,晶丰明源,2021-06-15,2024-12-16
csi1000,SH688368,晶丰明源,2026-06-15,
csi1000,SH688372,伟测科技,2023-12-11,
csi1000,SH688380,中微半导,2023-12-11,
csi1000,SH688381,帝奥微,2023-12-11,2024-12-16
csi1000,SH688382,益方生物,2025-12-15,
csi1000,SH688383,新益昌,2022-06-13,2025-06-16
csi1000,SH688388,嘉元科技,2020-12-14,2025-06-16
csi1000,SH688388,嘉元科技,2026-06-15,
csi1000,SH688389,普门科技,2021-06-15,2025-12-15
csi1000,SH688390,固德威,2021-12-13,2022-06-13
csi1000,SH688390,固德威,2025-06-16,
csi1000,SH688392,骄成超声,2023-12-11,2025-06-16
csi1000,SH688392,骄成超声,2026-06-15,
csi1000,SH688399,硕世生物,2021-06-15,2023-12-11
csi1000,SH688400,凌云光,2023-12-11,
csi1000,SH688403,汇成股份,2023-12-11,
csi1000,SH688408,中信博,2021-12-13,
csi1000,SH688409,富创精密,2023-12-11,
csi1000,SH688425,铁建重工,2022-12-12,2023-12-11
csi1000,SH688432,有研硅,2024-06-17,
csi1000,SH688433,华曙高科,2024-06-17,
csi1000,SH688439,振华风光,2023-12-11,
csi1000,SH688443,智翔金泰,2024-12-16,
csi1000,SH688449,联芸科技,2026-06-15,
csi1000,SH688484,南芯科技,2024-06-17,
csi1000,SH688486,龙迅股份,2026-02-05,
csi1000,SH688498,源杰科技,2024-06-17,2026-06-15
csi1000,SH688499,利元亨,2022-12-12,2024-06-17
csi1000,SH688502,茂莱光学,2024-06-17,
csi1000,SH688503,聚和材料,2024-06-17,
csi1000,SH688505,复旦张江,2021-12-13,2022-12-12
csi1000,SH688508,芯朋微,2021-12-13,2024-12-16
csi1000,SH688515,裕太微,2024-06-17,
csi1000,SH688516,奥特维,2021-12-13,2023-06-12
csi1000,SH688516,奥特维,2025-06-16,
csi1000,SH688518,联赢激光,2022-12-12,2024-12-16
csi1000,SH688519,南亚新材,2025-12-15,
csi1000,SH688520,神州细胞,2021-12-13,2023-06-12
csi1000,SH688522,纳睿雷达,2024-12-16,
csi1000,SH688523,航天环宇,2024-12-16,
csi1000,SH688526,科前生物,2021-12-13,2025-06-16
csi1000,SH688531,日联科技,2024-06-17,2025-06-16
csi1000,SH688531,日联科技,2026-06-15,
csi1000,SH688536,思瑞浦,2025-06-16,
csi1000,SH688543,国科军工,2025-06-16,
csi1000,SH688545,兴福电子,2026-06-15,
csi1000,SH688548,广钢气体,2024-12-16,
csi1000,SH688549,中巨芯,2024-12-16,
csi1000,SH688552,航天南湖,2025-12-15,
csi1000,SH688556,高测股份,2022-12-12,2025-12-15
csi1000,SH688559,海目星,2022-12-12,
csi1000,SH688567,孚能科技,2025-06-16,
csi1000,SH688568,中科星图,2021-12-13,2025-06-16
csi1000,SH688575,亚辉龙,2022-12-12,2026-06-15
csi1000,SH688578,艾力斯,2022-06-13,2024-12-16
csi1000,SH688582,芯动联科,2024-12-16,2025-06-16
csi1000,SH688584,上海合晶,2025-06-16,
csi1000,SH688586,江航装备,2021-12-13,
csi1000,SH688591,泰凌微,2025-12-15,
csi1000,SH688593,新相微,2026-06-15,
csi1000,SH688596,正帆科技,2023-12-11,
csi1000,SH688598,金博股份,2021-12-13,2025-06-16
csi1000,SH688605,先锋精科,2026-06-15,
csi1000,SH688608,恒玄科技,2022-06-13,2025-06-16
csi1000,SH688612,威迈斯,2024-12-16,
csi1000,SH688617,惠泰医疗,2022-06-13,2024-06-17
csi1000,SH688627,精智达,2026-06-15,
csi1000,SH688629,华丰科技,2024-12-16,2025-12-15
csi1000,SH688630,芯碁微装,2023-12-11,
csi1000,SH688631,莱斯信息,2024-12-16,
csi1000,SH688639,华恒生物,2022-12-12,
csi1000,SH688652,京仪装备,2025-06-16,
csi1000,SH688658,悦康药业,2024-06-17,
csi1000,SH688660,电气风电,2022-12-12,2024-06-17
csi1000,SH688660,电气风电,2025-08-11,
csi1000,SH688668,鼎通科技,2026-06-15,
csi1000,SH688676,金盘科技,2022-12-12,2025-06-16
csi1000,SH688680,海优新材,2022-06-13,2024-12-16
csi1000,SH688686,奥普特,2022-06-13,
csi1000,SH688690,纳微科技,2024-06-17,
csi1000,SH688691,灿芯股份,2026-06-15,
csi1000,SH688696,极米科技,2022-06-13,2026-06-15
csi1000,SH688698,伟创电气,2025-06-16,
csi1000,SH688699,明微电子,2022-06-13,2023-12-11
csi1000,SH688700,东威科技,2022-12-12,
csi1000,SH688702,盛科通信,2024-12-16,2025-06-16
csi1000,SH688707,振华新材,2022-12-12,2025-06-16
csi1000,SH688709,成都华微,2025-06-16,2025-12-15
csi1000,SH688711,宏微科技,2022-12-12,2024-12-16
csi1000,SH688717,艾罗能源,2025-06-16,
csi1000,SH688726,拉普拉斯,2025-12-15,
csi1000,SH688733,壹石通,2022-12-12,2024-06-17
csi1000,SH688739,成大生物,2022-12-12,2026-06-15
csi1000,SH688766,普冉股份,2024-12-16,
csi1000,SH688776,国光电气,2022-12-12,
csi1000,SH688778,厦钨新能,2022-12-12,2023-06-12
csi1000,SH688779,五矿新能,2024-12-16,
csi1000,SH688788,科思科技,2021-12-13,2023-06-12
csi1000,SH688789,宏华数科,2022-12-12,
csi1000,SH688798,艾为电子,2022-12-12,
csi1000,SH688800,瑞可达,2022-12-12,2024-12-16
csi1000,SH688800,瑞可达,2025-12-15,
csi1000,SZ000006,深振业A,2020-06-15,2024-06-17
csi1000,SZ000011,深物业A,2020-01-02,2023-12-11
csi1000,SZ000012,南玻A,2023-12-11,
csi1000,SZ000016,*ST康佳A,2020-01-02,2024-12-16
csi1000,SZ000019,深粮控股,2020-01-02,2026-06-15
csi1000,SZ000025,特力A,2020-12-14,2025-12-15
csi1000,SZ000028,国药一致,2022-12-12,
csi1000,SZ000029,深深房A,2023-06-12,
csi1000,SZ000030,富奥股份,2020-01-02,
csi1000,SZ000032,深桑达A,2020-12-14,2024-06-17
csi1000,SZ000034,神州数码,2020-01-02,2024-12-16
csi1000,SZ000035,中国天楹,2020-01-02,
csi1000,SZ000036,华联控股,2020-01-02,2023-12-11
csi1000,SZ000038,大通退,2020-01-02,2021-12-13
csi1000,SZ000040,*ST旭蓝,2020-01-02,2021-12-13
csi1000,SZ000048,京基智农,2021-12-13,
csi1000,SZ000049,德赛电池,2020-01-02,
csi1000,SZ000055,方大集团,2020-01-02,2020-06-15
csi1000,SZ000056,*ST皇庭,2020-01-02,2020-12-14
csi1000,SZ000058,深赛格,2020-01-02,
csi1000,SZ000059,华锦股份,2020-01-02,
csi1000,SZ000061,农产品,2021-12-13,
csi1000,SZ000062,深圳华强,2023-06-12,2025-06-16
csi1000,SZ000065,北方国际,2020-01-02,
csi1000,SZ000070,特发信息,2020-01-02,2022-12-12
csi1000,SZ000088,盐田港,2020-01-02,2025-12-15
csi1000,SZ000089,深圳机场,2024-12-16,
csi1000,SZ000090,天健集团,2022-06-13,2025-12-15
csi1000,SZ000099,中信海直,2024-12-16,
csi1000,SZ000150,*ST宜康,2020-01-02,2020-12-14
csi1000,SZ000155,川能动力,2020-01-02,2022-12-12
csi1000,SZ000156,华数传媒,2024-12-16,
csi1000,SZ000403,派林生物,2020-06-15,2024-12-16
csi1000,SZ000403,派林生物,2025-12-15,
csi1000,SZ000415,渤海租赁,2023-12-11,2025-06-16
csi1000,SZ000420,吉林化纤,2023-12-11,
csi1000,SZ000422,湖北宜化,2022-06-13,
csi1000,SZ000423,东阿阿胶,2021-06-15,2023-06-12
csi1000,SZ000426,兴业银锡,2021-12-13,2024-12-16
csi1000,SZ000429,粤高速A,2020-01-02,2020-12-14
csi1000,SZ000429,粤高速A,2024-06-17,2025-06-16
csi1000,SZ000488,ST晨鸣,2022-12-12,2025-03-17
csi1000,SZ000498,山东路桥,2020-01-02,
csi1000,SZ000503,国新健康,2020-06-15,
csi1000,SZ000506,招金黄金,2026-06-15,
csi1000,SZ000507,珠海港,2020-01-02,2023-06-12
csi1000,SZ000514,渝开发,2020-01-02,2020-12-14
csi1000,SZ000516,国际医学,2020-01-02,2022-02-14
csi1000,SZ000517,荣安地产,2020-01-02,2025-12-15
csi1000,SZ000520,凤凰航运,2020-01-02,2020-12-14
csi1000,SZ000525,红太阳,2020-01-02,2020-12-14
csi1000,SZ000528,柳工,2022-12-12,2025-06-16
csi1000,SZ000532,华金资本,2020-01-02,2020-12-14
csi1000,SZ000534,万泽股份,2026-06-15,
csi1000,SZ000539,粤电力A,2021-12-13,2023-12-11
csi1000,SZ000540,*ST中天,2020-01-02,2020-12-14
csi1000,SZ000543,皖能电力,2021-06-15,2025-06-16
csi1000,SZ000543,皖能电力,2025-12-15,
csi1000,SZ000544,中原环保,2020-01-02,2022-06-13
csi1000,SZ000544,中原环保,2025-06-16,2025-12-15
csi1000,SZ000545,金浦钛业,2020-01-02,2020-06-15
csi1000,SZ000546,金圆股份,2020-01-02,2023-07-17
csi1000,SZ000550,江铃汽车,2020-01-02,
csi1000,SZ000552,甘肃能化,2020-01-02,2020-06-15
csi1000,SZ000552,甘肃能化,2023-06-12,
csi1000,SZ000555,神州信息,2020-01-02,
csi1000,SZ000557,西部创业,2020-01-02,2026-06-15
csi1000,SZ000560,我爱我家,2020-01-02,2024-06-17
csi1000,SZ000561,烽火电子,2020-01-02,2021-12-13
csi1000,SZ000563,陕国投A,2026-06-15,
csi1000,SZ000566,海南海药,2020-12-14,2023-12-11
csi1000,SZ000567,海德股份,2020-01-02,
csi1000,SZ000576,甘化科工,2020-01-02,2020-12-14
csi1000,SZ000581,威孚高科,2024-06-17,
csi1000,SZ000582,北部湾港,2020-01-02,2025-06-16
csi1000,SZ000584,工智退,2020-01-02,2020-12-14
csi1000,SZ000589,贵州轮胎,2025-05-12,2026-06-15
csi1000,SZ000591,太阳能,2020-01-02,2022-12-12
csi1000,SZ000592,平潭发展,2020-01-02,2022-12-12
csi1000,SZ000597,东北制药,2020-01-02,2026-06-15
csi1000,SZ000600,建投能源,2021-06-15,
csi1000,SZ000601,韶能股份,2020-01-02,2023-06-12
csi1000,SZ000603,盛达资源,2020-01-02,
csi1000,SZ000612,焦作万方,2021-06-15,2023-12-11
csi1000,SZ000612,焦作万方,2025-06-16,
csi1000,SZ000615,*ST美谷,2020-01-02,2020-12-14
csi1000,SZ000615,*ST美谷,2021-12-13,2023-06-12
csi1000,SZ000620,盈新发展,2020-01-02,2021-06-15
csi1000,SZ000620,盈新发展,2024-12-16,
csi1000,SZ000626,远大控股,2020-01-02,2020-12-14
csi1000,SZ000627,*ST天茂,2021-06-15,2025-06-16
csi1000,SZ000628,高新发展,2024-06-17,
csi1000,SZ000636,风华高科,2025-12-15,
csi1000,SZ000639,ST西王,2020-01-02,2022-12-12
csi1000,SZ000650,仁和药业,2020-01-02,
csi1000,SZ000652,泰达股份,2020-02-17,2023-12-11
csi1000,SZ000657,中钨高新,2020-01-02,2025-12-15
csi1000,SZ000662,天夏退,2020-01-02,2020-08-17
csi1000,SZ000665,湖北广电,2020-01-02,2021-12-13
csi1000,SZ000666,经纬纺机,2020-01-02,2021-12-13
csi1000,SZ000667,ST美置,2020-01-02,2022-06-13
csi1000,SZ000672,上峰材料,2020-01-02,
csi1000,SZ000676,智度股份,2020-01-02,
csi1000,SZ000680,山推股份,2024-12-16,
csi1000,SZ000681,视觉中国,2022-06-13,
csi1000,SZ000682,东方电子,2020-01-02,
csi1000,SZ000683,博源化工,2020-01-02,2022-12-12
csi1000,SZ000685,中山公用,2022-12-12,
csi1000,SZ000686,东北证券,2023-06-12,
csi1000,SZ000687,华讯退,2020-01-02,2020-06-15
csi1000,SZ000688,国城矿业,2020-01-02,
csi1000,SZ000690,宝新能源,2022-12-12,
csi1000,SZ000697,炼石航空,2020-01-02,2022-12-12
csi1000,SZ000708,中信特钢,2020-01-02,2020-06-15
csi1000,SZ000710,贝瑞基因,2020-01-02,2023-06-12
csi1000,SZ000711,京蓝科技,2020-01-02,2021-06-15
csi1000,SZ000712,锦龙股份,2021-06-15,
csi1000,SZ000718,苏宁环球,2022-12-12,2025-12-15
csi1000,SZ000719,中原传媒,2023-12-11,
csi1000,SZ000720,新能泰山,2020-01-02,2021-06-15
csi1000,SZ000726,鲁泰A,2020-01-02,2021-06-15
csi1000,SZ000727,冠捷科技,2021-12-13,
csi1000,SZ000733,振华科技,2020-01-02,2021-12-13
csi1000,SZ000735,罗牛山,2020-01-02,2025-12-15
csi1000,SZ000736,中交发展,2023-06-12,2025-05-12
csi1000,SZ000737,北方铜业,2022-12-12,2026-06-15
csi1000,SZ000739,普洛药业,2020-01-02,2020-06-15
csi1000,SZ000751,锌业股份,2020-01-02,2021-06-15
csi1000,SZ000756,新华制药,2023-06-12,2026-06-15
csi1000,SZ000758,中色股份,2022-06-13,
csi1000,SZ000761,本钢板材,2021-12-13,2026-06-15
csi1000,SZ000762,西藏矿业,2021-12-13,
csi1000,SZ000766,通化金马,2024-06-17,
csi1000,SZ000767,晋控电力,2021-06-15,
csi1000,SZ000778,新兴铸管,2025-12-15,
csi1000,SZ000789,万年青,2020-01-02,2024-06-17
csi1000,SZ000791,甘肃能源,2020-01-02,
csi1000,SZ000793,ST华闻,2020-01-02,2022-06-13
csi1000,SZ000795,英洛华,2020-01-02,
csi1000,SZ000796,凯撒旅业,2020-01-02,2022-06-13
csi1000,SZ000797,中国武夷,2020-01-02,2022-06-13
csi1000,SZ000799,酒鬼酒,2020-01-02,2021-06-15
csi1000,SZ000800,一汽解放,2020-01-02,2020-06-15
csi1000,SZ000801,四川九洲,2020-01-02,
csi1000,SZ000802,北京文化,2020-01-02,2021-06-15
csi1000,SZ000810,创维数字,2020-01-02,
csi1000,SZ000811,冰轮环境,2020-01-02,
csi1000,SZ000813,德展健康,2021-12-13,
csi1000,SZ000815,美利云,2020-01-02,2021-06-15
csi1000,SZ000818,航锦科技,2020-01-02,2024-06-17
csi1000,SZ000821,ST京机,2020-01-02,2020-12-14
csi1000,SZ000821,ST京机,2023-06-12,2025-12-15
csi1000,SZ000822,山东海化,2020-01-02,2020-12-14
csi1000,SZ000823,超声电子,2020-06-15,2023-06-12
csi1000,SZ000828,东莞控股,2020-01-02,2020-06-15
csi1000,SZ000828,东莞控股,2020-12-14,
csi1000,SZ000829,天音控股,2020-01-02,
csi1000,SZ000831,中国稀土,2020-01-02,2022-06-13
csi1000,SZ000833,粤桂股份,2025-12-15,
csi1000,SZ000836,ST富通,2020-01-02,2021-06-15
csi1000,SZ000837,秦川机床,2023-12-11,
csi1000,SZ000838,*ST发展,2020-01-02,2020-06-15
csi1000,SZ000848,承德露露,2020-12-14,
csi1000,SZ000851,*ST高鸿,2020-01-02,2024-06-17
csi1000,SZ000860,顺鑫农业,2021-12-13,
csi1000,SZ000869,张裕A,2023-12-11,2025-06-16
csi1000,SZ000875,电投绿能,2020-01-02,
csi1000,SZ000880,潍柴重机,2025-12-15,
csi1000,SZ000881,中广核技,2020-01-02,2025-12-15
csi1000,SZ000882,华联股份,2020-01-02,2022-06-13
csi1000,SZ000885,城发环境,2020-01-02,
csi1000,SZ000889,中嘉博创,2020-01-02,2021-12-13
csi1000,SZ000892,欢瑞世纪,2020-01-02,2020-06-15
csi1000,SZ000893,亚钾国际,2021-12-13,2023-06-12
csi1000,SZ000899,赣能股份,2024-12-16,
csi1000,SZ000900,现代投资,2020-01-02,2022-06-13
csi1000,SZ000901,航天科技,2020-01-02,
csi1000,SZ000902,新洋丰,2020-01-02,
csi1000,SZ000903,ST云动,2020-01-02,2023-06-12
csi1000,SZ000905,厦门港务,2020-01-02,2021-06-15
csi1000,SZ000910,大亚圣象,2020-01-02,2023-06-12
csi1000,SZ000913,钱江摩托,2020-01-02,
csi1000,SZ000915,华特达因,2020-01-02,2025-12-15
csi1000,SZ000917,电广传媒,2020-01-02,
csi1000,SZ000918,*ST嘉凯,2020-01-02,2022-12-12
csi1000,SZ000921,海信家电,2020-01-02,2024-06-17
csi1000,SZ000923,河钢资源,2020-01-02,
csi1000,SZ000925,众合科技,2020-01-02,2021-06-15
csi1000,SZ000926,福星股份,2020-01-02,2021-12-13
csi1000,SZ000927,中国铁物,2020-01-02,2020-06-15
csi1000,SZ000927,中国铁物,2021-06-15,
csi1000,SZ000928,中钢国际,2020-01-02,
csi1000,SZ000930,中粮科技,2024-12-16,
csi1000,SZ000931,中关村,2020-01-02,2022-12-12
csi1000,SZ000933,神火股份,2020-01-02,2023-06-12
csi1000,SZ000935,四川双马,2020-01-02,
csi1000,SZ000936,华西股份,2020-01-02,2022-12-12
csi1000,SZ000950,重药控股,2020-01-02,
csi1000,SZ000951,中国重汽,2020-01-02,2025-06-16
csi1000,SZ000957,中通客车,2020-01-02,2021-06-15
csi1000,SZ000958,电投产融,2020-01-02,2023-06-12
csi1000,SZ000962,东方钽业,2026-06-15,
csi1000,SZ000965,天保基建,2020-01-02,2020-12-14
csi1000,SZ000966,长源电力,2021-12-13,
csi1000,SZ000968,蓝焰控股,2020-01-02,2025-12-15
csi1000,SZ000969,安泰科技,2020-01-02,
csi1000,SZ000970,中科三环,2024-06-17,
csi1000,SZ000973,佛塑科技,2020-01-02,2021-12-13
csi1000,SZ000973,佛塑科技,2026-06-15,
csi1000,SZ000976,*ST华铁,2020-01-02,2023-06-12
csi1000,SZ000982,中银绒业,2022-06-13,2024-08-07
csi1000,SZ000989,九芝堂,2020-01-02,2024-05-13
csi1000,SZ000990,诚志股份,2023-06-12,
csi1000,SZ000996,中期退,2020-01-02,2020-12-14
csi1000,SZ000998,隆平高科,2026-06-15,
csi1000,SZ001203,大中矿业,2025-06-16,2026-06-15
csi1000,SZ001213,中铁特货,2022-06-13,2025-06-16
csi1000,SZ001227,兰州银行,2025-06-16,
csi1000,SZ001233,海安集团,2026-06-15,
csi1000,SZ001236,弘业期货,2023-06-12,
csi1000,SZ001258,立新能源,2022-12-12,2025-12-15
csi1000,SZ001267,汇绿生态,2026-06-15,
csi1000,SZ001269,欧晶科技,2023-06-12,2025-06-16
csi1000,SZ001270,铖昌科技,2022-12-12,2025-05-12
csi1000,SZ001287,中电港,2023-12-11,
csi1000,SZ001301,尚太科技,2023-06-12,
csi1000,SZ001308,康冠科技,2022-12-12,2026-06-15
csi1000,SZ001309,德明利,2024-06-17,2026-06-15
csi1000,SZ001311,多利科技,2023-12-11,2025-12-15
csi1000,SZ001322,箭牌家居,2023-06-12,2025-06-16
csi1000,SZ001323,慕思股份,2022-12-12,2025-12-15
csi1000,SZ001337,四川黄金,2023-12-11,
csi1000,SZ001338,永顺泰,2023-06-12,2024-12-16
csi1000,SZ001339,智微智能,2025-06-16,
csi1000,SZ001356,富岭股份,2025-06-16,2026-06-15
csi1000,SZ001359,平安电工,2026-06-15,
csi1000,SZ001369,双欣材料,2026-06-15,
csi1000,SZ001376,百通能源,2024-06-17,2025-12-15
csi1000,SZ001382,新亚电缆,2026-05-11,
csi1000,SZ001389,广合科技,2024-12-16,2025-06-16
csi1000,SZ001696,宗申动力,2020-01-02,2025-06-16
csi1000,SZ001896,豫能控股,2020-01-02,2020-12-14
csi1000,SZ001896,豫能控股,2026-06-15,
csi1000,SZ001914,招商积余,2020-01-02,2020-06-15
csi1000,SZ001914,招商积余,2024-06-17,
csi1000,SZ002002,ST鸿达,2023-06-12,2023-11-13
csi1000,SZ002003,伟星股份,2022-12-12,
csi1000,SZ002004,华邦健康,2022-12-12,
csi1000,SZ002006,精工科技,2022-12-12,
csi1000,SZ002010,传化智联,2024-06-17,
csi1000,SZ002011,盾安环境,2022-12-12,
csi1000,SZ002015,协鑫能科,2020-06-15,
csi1000,SZ002016,世荣兆业,2020-01-02,2021-06-15
csi1000,SZ002017,东信和平,2020-06-15,2023-12-11
csi1000,SZ002017,东信和平,2025-12-15,
csi1000,SZ002019,亿帆医药,2025-06-16,
csi1000,SZ002020,京新药业,2020-01-02,
csi1000,SZ002022,科华生物,2020-01-02,2022-06-13
csi1000,SZ002023,海特高新,2020-01-02,
csi1000,SZ002025,航天电器,2020-01-02,2022-12-12
csi1000,SZ002029,七匹狼,2020-01-02,2021-06-15
csi1000,SZ002031,巨轮智能,2020-01-02,2021-06-15
csi1000,SZ002034,旺能环境,2020-01-02,2025-12-15
csi1000,SZ002035,华帝股份,2020-01-02,2022-12-12
csi1000,SZ002036,联创电子,2020-01-02,
csi1000,SZ002038,双鹭药业,2022-06-13,2026-06-15
csi1000,SZ002041,登海种业,2020-01-02,
csi1000,SZ002042,华孚时尚,2020-01-02,2023-06-12
csi1000,SZ002043,兔宝宝,2020-01-02,
csi1000,SZ002044,美年健康,2022-06-13,2023-12-11
csi1000,SZ002045,国光电器,2025-06-16,
csi1000,SZ002046,国机精工,2025-12-15,
csi1000,SZ002047,宝鹰股份,2020-01-02,2021-12-13
csi1000,SZ002048,宁波华翔,2023-06-12,
csi1000,SZ002051,中工国际,2022-12-12,
csi1000,SZ002053,云南能投,2023-06-12,
csi1000,SZ002055,ST得润,2020-01-02,2023-12-11
csi1000,SZ002060,广东建工,2020-01-02,2020-12-14
csi1000,SZ002060,广东建工,2023-06-12,
csi1000,SZ002061,浙江交科,2020-01-02,
csi1000,SZ002063,远光软件,2020-01-02,
csi1000,SZ002065,东华软件,2020-06-15,2020-12-14
csi1000,SZ002067,景兴纸业,2020-01-02,2020-12-14
csi1000,SZ002068,黑猫股份,2020-01-02,2020-06-15
csi1000,SZ002068,黑猫股份,2023-06-12,2026-06-15
csi1000,SZ002073,软控股份,2020-01-02,2020-12-14
csi1000,SZ002073,软控股份,2025-06-16,
csi1000,SZ002075,沙钢股份,2024-06-17,
csi1000,SZ002077,大港股份,2023-12-11,
csi1000,SZ002079,苏州固锝,2020-01-02,2026-06-15
csi1000,SZ002080,中材科技,2020-01-02,2020-06-15
csi1000,SZ002081,金螳螂,2023-12-11,
csi1000,SZ002083,孚日股份,2020-06-15,2021-06-15
csi1000,SZ002085,万丰奥威,2022-06-13,2024-12-16
csi1000,SZ002088,鲁阳节能,2022-12-12,2025-06-16
csi1000,SZ002091,江苏国泰,2020-01-02,
csi1000,SZ002093,国脉科技,2025-06-16,
csi1000,SZ002094,青岛金王,2020-01-02,2020-06-15
csi1000,SZ002095,生意宝,2020-01-02,2021-06-15
csi1000,SZ002096,易普力,2023-12-11,
csi1000,SZ002097,山河智能,2020-01-02,
csi1000,SZ002099,海翔药业,2020-01-02,
csi1000,SZ002100,天康生物,2020-01-02,
csi1000,SZ002101,广东鸿图,2020-01-02,2020-12-14
csi1000,SZ002101,广东鸿图,2023-06-12,
csi1000,SZ002104,恒宝股份,2020-01-02,2021-12-13
csi1000,SZ002104,恒宝股份,2025-12-15,
csi1000,SZ002106,莱宝高科,2020-06-15,2023-12-11
csi1000,SZ002108,沧州明珠,2020-01-02,2025-06-16
csi1000,SZ002110,三钢闽光,2025-12-15,
csi1000,SZ002115,三维通信,2020-01-02,2021-12-13
csi1000,SZ002117,东港股份,2020-01-02,2021-12-13
csi1000,SZ002121,科陆电子,2020-01-02,2020-06-15
csi1000,SZ002121,科陆电子,2026-05-11,
csi1000,SZ002123,梦网科技,2020-01-02,
csi1000,SZ002124,天邦食品,2020-01-02,2020-06-15
csi1000,SZ002124,天邦食品,2023-06-12,2024-06-17
csi1000,SZ002125,湘潭电化,2023-06-12,
csi1000,SZ002126,银轮股份,2020-01-02,2025-12-15
csi1000,SZ002127,南极电商,2023-12-11,
csi1000,SZ002130,沃尔核材,2020-01-02,2025-06-16
csi1000,SZ002135,东南网架,2020-01-02,2024-12-16
csi1000,SZ002137,实益达,2020-01-02,2021-06-15
csi1000,SZ002138,顺络电子,2020-01-02,2020-06-15
csi1000,SZ002139,拓邦股份,2020-01-02,
csi1000,SZ002141,贤丰控股,2020-01-02,2020-12-14
csi1000,SZ002145,钛能化学,2020-01-02,
csi1000,SZ002148,北纬科技,2020-01-02,2020-06-15
csi1000,SZ002149,西部材料,2025-06-16,
csi1000,SZ002151,北斗星通,2020-01-02,
csi1000,SZ002154,报喜鸟,2024-06-17,2025-12-15
csi1000,SZ002156,通富微电,2020-01-02,2020-06-15
csi1000,SZ002158,汉钟精机,2020-01-02,
csi1000,SZ002161,远望谷,2020-06-15,2021-12-13
csi1000,SZ002163,海南发展,2020-12-14,
csi1000,SZ002166,莱茵生物,2020-01-02,2021-12-13
csi1000,SZ002167,东方锆业,2020-01-02,2020-12-14
csi1000,SZ002168,ST惠程,2020-01-02,2021-06-15
csi1000,SZ002170,芭田股份,2025-12-15,
csi1000,SZ002171,楚江新材,2020-01-02,
csi1000,SZ002174,游族网络,2022-12-12,
csi1000,SZ002176,江特电机,2021-12-13,
csi1000,SZ002180,奔图科技,2020-12-14,2021-06-15
csi1000,SZ002181,粤传媒,2020-08-17,2021-12-13
csi1000,SZ002181,粤传媒,2026-06-15,
csi1000,SZ002182,宝武镁业,2020-01-02,
csi1000,SZ002183,怡亚通,2023-12-11,
csi1000,SZ002185,华天科技,2020-01-02,2020-06-15
csi1000,SZ002190,成飞集成,2021-06-15,2025-06-16
csi1000,SZ002191,劲嘉股份,2023-06-12,2025-06-16
csi1000,SZ002192,融捷股份,2020-01-02,2020-06-15
csi1000,SZ002192,融捷股份,2021-12-13,2022-12-12
csi1000,SZ002192,融捷股份,2024-06-17,
csi1000,SZ002194,武汉凡谷,2020-06-15,
csi1000,SZ002197,证通电子,2020-01-02,2021-12-13
csi1000,SZ002201,九鼎新材,2020-08-17,2024-06-17
csi1000,SZ002204,大连重工,2020-01-02,
csi1000,SZ002206,海利得,2020-01-02,2024-06-17
csi1000,SZ002212,天融信,2023-06-12,
csi1000,SZ002214,大立科技,2020-06-15,2025-05-12
csi1000,SZ002215,诺普信,2020-01-02,
csi1000,SZ002216,三全食品,2020-01-02,
csi1000,SZ002217,ST合力泰,2021-12-13,2024-06-17
csi1000,SZ002218,拓日新能,2020-01-02,2024-06-17
csi1000,SZ002219,新里程,2020-01-02,2020-06-15
csi1000,SZ002219,新里程,2023-06-12,2026-06-15
csi1000,SZ002221,东华能源,2023-12-11,
csi1000,SZ002222,福晶科技,2020-01-02,
csi1000,SZ002224,三力士,2020-01-02,2021-06-15
csi1000,SZ002226,江南化工,2020-01-02,
csi1000,SZ002228,合兴包装,2020-01-02,2022-06-13
csi1000,SZ002229,鸿博股份,2020-01-02,2020-12-14
csi1000,SZ002232,启明信息,2020-01-02,2023-06-12
csi1000,SZ002233,塔牌集团,2022-12-12,
csi1000,SZ002234,民和股份,2020-01-02,2023-12-11
csi1000,SZ002235,安妮股份,2020-01-02,2020-12-14
csi1000,SZ002237,恒邦股份,2020-01-02,
csi1000,SZ002239,奥特佳,2020-01-02,
csi1000,SZ002240,盛新锂能,2020-01-02,2022-06-13
csi1000,SZ002240,盛新锂能,2022-12-12,2023-06-12
csi1000,SZ002242,九阳股份,2023-06-12,2026-06-15
csi1000,SZ002243,力合科创,2020-01-02,
csi1000,SZ002245,蔚蓝锂芯,2020-01-02,
csi1000,SZ002246,北化股份,2020-01-02,2021-06-15
csi1000,SZ002246,北化股份,2026-06-15,
csi1000,SZ002249,大洋电机,2023-12-11,
csi1000,SZ002250,联化科技,2023-12-11,2024-12-16
csi1000,SZ002250,联化科技,2026-06-15,
csi1000,SZ002251,步步高,2020-01-02,2023-06-12
csi1000,SZ002251,步步高,2025-12-15,
csi1000,SZ002254,泰和新材,2020-01-02,
csi1000,SZ002256,兆新股份,2020-01-02,2020-06-15
csi1000,SZ002258,利尔化学,2020-01-02,
csi1000,SZ002261,拓维信息,2020-01-02,2024-06-17
csi1000,SZ002262,恩华药业,2020-01-02,2023-12-11
csi1000,SZ002265,建设工业,2023-12-11,2025-12-15
csi1000,SZ002267,陕天然气,2020-01-02,
csi1000,SZ002268,电科网安,2025-06-16,
csi1000,SZ002270,华明装备,2024-06-17,
csi1000,SZ002274,华昌化工,2020-01-02,2025-12-15
csi1000,SZ002275,桂林三金,2023-12-11,2026-06-15
csi1000,SZ002276,万马股份,2020-01-02,
csi1000,SZ002277,友阿股份,2020-01-02,2022-06-13
csi1000,SZ002279,久其软件,2020-01-02,2021-06-15
csi1000,SZ002283,天润工业,2020-01-02,2024-12-16
csi1000,SZ002284,亚太股份,2020-01-02,2020-12-14
csi1000,SZ002285,世联行,2021-06-15,2023-12-11
csi1000,SZ002287,奇正藏药,2020-12-14,2024-12-16
csi1000,SZ002287,奇正藏药,2025-12-15,
csi1000,SZ002290,禾盛新材,2026-06-15,
csi1000,SZ002291,遥望科技,2020-06-15,2025-06-16
csi1000,SZ002292,奥飞娱乐,2020-01-02,
csi1000,SZ002293,罗莱生活,2020-01-02,2020-06-15
csi1000,SZ002293,罗莱生活,2021-06-15,2023-06-12
csi1000,SZ002298,中电鑫龙,2020-01-02,2022-12-12
csi1000,SZ002301,齐心集团,2020-01-02,2022-12-12
csi1000,SZ002302,西部建设,2022-12-12,2026-06-15
csi1000,SZ002303,美盈森,2020-01-02,2022-12-12
csi1000,SZ002305,*ST南置,2020-01-02,2020-12-14
csi1000,SZ002307,北新路桥,2020-01-02,2024-06-17
csi1000,SZ002308,*ST威创,2020-01-02,2021-12-13
csi1000,SZ002309,中利集团,2020-01-02,2022-06-13
csi1000,SZ002310,东方新能,2020-06-15,2023-12-11
csi1000,SZ002312,川发龙蟒,2020-06-15,2025-06-16
csi1000,SZ002313,日海智能,2020-01-02,2021-12-13
csi1000,SZ002314,南山控股,2020-01-02,2025-12-15
csi1000,SZ002315,焦点科技,2024-06-17,
csi1000,SZ002317,众生药业,2022-12-12,
csi1000,SZ002318,久立特材,2020-01-02,2024-12-16
csi1000,SZ002320,海峡股份,2020-01-02,
csi1000,SZ002322,理工能科,2020-01-02,2021-12-13
csi1000,SZ002324,普利特,2020-06-15,
csi1000,SZ002326,永太科技,2020-01-02,2022-06-13
csi1000,SZ002326,永太科技,2024-12-16,
csi1000,SZ002327,富安娜,2020-01-02,2020-06-15
csi1000,SZ002327,富安娜,2024-12-16,2025-12-15
csi1000,SZ002332,仙琚制药,2020-01-02,
csi1000,SZ002335,科华数据,2020-01-02,2025-12-15
csi1000,SZ002338,奥普光电,2025-06-16,
csi1000,SZ002341,ST新纶,2020-01-02,2021-06-15
csi1000,SZ002343,慈文传媒,2020-01-02,2021-06-15
csi1000,SZ002344,海宁皮城,2020-01-02,2023-12-11
csi1000,SZ002345,潮宏基,2020-01-02,2020-12-14
csi1000,SZ002345,潮宏基,2025-12-15,
csi1000,SZ002346,柘中股份,2020-01-02,2020-12-14
csi1000,SZ002349,精华制药,2022-12-12,2025-06-16
csi1000,SZ002351,漫步者,2020-01-02,
csi1000,SZ002354,天娱数科,2023-12-11,
csi1000,SZ002355,兴民智通,2020-01-02,2020-12-14
csi1000,SZ002358,森源电气,2020-06-15,2021-06-15
csi1000,SZ002364,中恒电气,2020-01-02,2021-12-13
csi1000,SZ002364,中恒电气,2025-12-15,
csi1000,SZ002367,康力电梯,2020-01-02,2023-12-11
csi1000,SZ002368,太极股份,2025-06-16,
csi1000,SZ002370,亚太药业,2020-01-02,2020-12-14
csi1000,SZ002372,伟星新材,2026-06-15,
csi1000,SZ002373,千方科技,2025-12-15,
csi1000,SZ002376,新北洋,2020-01-02,2022-12-12
csi1000,SZ002377,国创高新,2020-01-02,2020-12-14
csi1000,SZ002378,章源钨业,2020-01-02,
csi1000,SZ002383,合众思壮,2020-01-02,2022-06-13
csi1000,SZ002389,航天彩虹,2020-01-02,
csi1000,SZ002390,信邦制药,2022-12-12,2026-06-15
csi1000,SZ002393,力生制药,2020-01-02,2021-06-15
csi1000,SZ002396,星网锐捷,2020-01-02,2020-06-15
csi1000,SZ002396,星网锐捷,2023-06-12,
csi1000,SZ002399,海普瑞,2024-12-16,2026-06-15
csi1000,SZ002400,省广集团,2020-01-02,
csi1000,SZ002402,和而泰,2020-01-02,2025-12-15
csi1000,SZ002405,四维图新,2020-01-02,2020-06-15
csi1000,SZ002405,四维图新,2022-06-13,
csi1000,SZ002407,多氟多,2020-12-14,2022-06-13
csi1000,SZ002408,齐翔腾达,2025-06-16,
csi1000,SZ002409,雅克科技,2020-01-02,2021-12-13
csi1000,SZ002413,雷科防务,2020-01-02,2023-12-11
csi1000,SZ002416,爱施德,2023-06-12,
csi1000,SZ002421,达实智能,2020-01-02,2026-06-15
csi1000,SZ002424,ST百灵,2023-06-12,2024-06-17
csi1000,SZ002425,凯撒文化,2020-01-02,2023-06-12
csi1000,SZ002428,云南锗业,2020-01-02,
csi1000,SZ002429,兆驰股份,2020-01-02,2020-06-15
csi1000,SZ002430,杭氧股份,2020-01-02,2021-12-13
csi1000,SZ002432,九安医疗,2022-06-13,2023-06-12
csi1000,SZ002433,太安退,2020-01-02,2020-12-14
csi1000,SZ002434,万里扬,2023-06-12,
csi1000,SZ002435,ST长康,2020-01-02,2023-12-11
csi1000,SZ002436,兴森科技,2020-01-02,2024-06-17
csi1000,SZ002437,誉衡药业,2021-03-15,2023-06-12
csi1000,SZ002440,闰土股份,2022-06-13,2024-06-17
csi1000,SZ002443,金洲管道,2020-01-02,2020-12-14
csi1000,SZ002446,盛路通信,2020-01-02,2025-06-16
csi1000,SZ002447,晨鑫退,2020-01-02,2020-06-15
csi1000,SZ002449,国星光电,2020-01-02,2023-06-12
csi1000,SZ002451,摩恩电气,2020-01-02,2020-12-14
csi1000,SZ002453,华软科技,2022-12-12,2024-12-16
csi1000,SZ002456,欧菲光,2021-12-13,
csi1000,SZ002458,益生股份,2020-01-02,2020-06-15
csi1000,SZ002458,益生股份,2023-12-11,
csi1000,SZ002459,晶澳科技,2020-06-15,2021-06-15
csi1000,SZ002461,珠江啤酒,2020-01-02,2025-06-16
csi1000,SZ002462,嘉事堂,2020-01-02,2021-06-15
csi1000,SZ002463,沪电股份,2021-12-13,2023-06-12
csi1000,SZ002464,众应退,2020-01-02,2020-12-14
csi1000,SZ002467,二六三,2020-01-02,2024-12-16
csi1000,SZ002468,申通快递,2024-06-17,
csi1000,SZ002472,双环传动,2022-06-13,2023-12-11
csi1000,SZ002474,榕基软件,2020-01-02,2021-06-15
csi1000,SZ002478,常宝股份,2020-01-02,2020-12-14
csi1000,SZ002479,富春环保,2020-06-15,2022-06-13
csi1000,SZ002481,双塔食品,2020-01-02,2023-12-11
csi1000,SZ002482,广田集团,2020-06-15,2021-06-15
csi1000,SZ002484,江海股份,2020-01-02,
csi1000,SZ002485,ST雪发,2020-01-02,2020-12-14
csi1000,SZ002487,大金重工,2022-06-13,2023-06-12
csi1000,SZ002487,大金重工,2025-06-16,2026-06-15
csi1000,SZ002488,金固股份,2020-01-02,
csi1000,SZ002489,浙江永强,2020-01-02,2026-06-15
csi1000,SZ002497,雅化集团,2020-01-02,2022-06-13
csi1000,SZ002497,雅化集团,2024-12-16,
csi1000,SZ002498,汉缆股份,2020-01-02,
csi1000,SZ002506,协鑫集成,2024-12-16,
csi1000,SZ002507,涪陵榨菜,2025-12-15,
csi1000,SZ002510,天汽模,2020-01-02,2021-06-15
csi1000,SZ002511,中顺洁柔,2020-01-02,2020-06-15
csi1000,SZ002511,中顺洁柔,2024-06-17,
csi1000,SZ002512,ST达华,2020-01-02,2021-12-13
csi1000,SZ002515,金字火腿,2020-01-02,2022-06-13
csi1000,SZ002516,旷达科技,2020-01-02,
csi1000,SZ002517,恺英网络,2022-12-12,2023-12-11
csi1000,SZ002518,科士达,2020-01-02,2023-06-12
csi1000,SZ002518,科士达,2024-12-16,
csi1000,SZ002519,银河电子,2020-01-02,2021-12-13
csi1000,SZ002522,浙江众成,2020-01-02,2022-12-12
csi1000,SZ002530,金财互联,2020-01-02,2022-12-12
csi1000,SZ002531,天顺风能,2020-01-02,2022-12-12
csi1000,SZ002531,天顺风能,2025-06-16,
csi1000,SZ002532,天山铝业,2020-12-14,2021-06-15
csi1000,SZ002534,西子洁能,2020-01-02,2020-06-15
csi1000,SZ002534,西子洁能,2021-12-13,
csi1000,SZ002536,飞龙股份,2025-12-15,
csi1000,SZ002537,海联金汇,2020-01-02,
csi1000,SZ002538,ST司特,2020-01-02,2020-12-14
csi1000,SZ002539,云图控股,2020-01-02,
csi1000,SZ002541,鸿路钢构,2020-12-14,
csi1000,SZ002542,*ST中岩,2020-01-02,2022-06-13
csi1000,SZ002543,万和电气,2025-08-11,2026-06-15
csi1000,SZ002544,普天科技,2021-06-15,
csi1000,SZ002545,东方铁塔,2020-01-02,
csi1000,SZ002547,*ST春兴,2020-01-02,2022-06-13
csi1000,SZ002549,凯美特气,2022-12-12,2024-12-16
csi1000,SZ002549,凯美特气,2026-06-15,
csi1000,SZ002550,千红制药,2020-01-02,
csi1000,SZ002556,辉隆股份,2020-01-02,2024-06-17
csi1000,SZ002557,洽洽食品,2020-01-02,2020-06-15
csi1000,SZ002557,洽洽食品,2025-06-16,
csi1000,SZ002558,巨人网络,2021-12-13,2023-12-11
csi1000,SZ002562,兄弟科技,2020-01-02,2022-06-13
csi1000,SZ002563,森马服饰,2025-12-15,
csi1000,SZ002564,天沃科技,2020-01-02,2020-12-14
csi1000,SZ002565,顺灏股份,2020-01-02,2021-12-13
csi1000,SZ002567,唐人神,2020-01-02,2025-12-15
csi1000,SZ002568,百润股份,2020-01-02,2020-12-14
csi1000,SZ002568,百润股份,2021-06-15,2021-12-13
csi1000,SZ002572,索菲亚,2025-12-15,
csi1000,SZ002573,清新环境,2020-06-15,2024-06-17
csi1000,SZ002581,*ST未名,2020-01-02,2025-08-11
csi1000,SZ002582,好想你,2020-01-02,2022-06-13
csi1000,SZ002583,海能达,2023-06-12,2025-12-15
csi1000,SZ002585,双星新材,2020-01-02,2025-06-16
csi1000,SZ002588,史丹利,2024-12-16,
csi1000,SZ002589,瑞康医药,2021-09-13,2023-12-11
csi1000,SZ002590,万安科技,2020-01-02,2020-12-14
csi1000,SZ002596,海南瑞泽,2020-01-02,2022-06-13
csi1000,SZ002597,金禾实业,2020-01-02,
csi1000,SZ002605,姚记科技,2020-01-02,
csi1000,SZ002609,捷顺科技,2020-01-02,2022-12-12
csi1000,SZ002610,ST爱康,2020-01-02,2024-06-17
csi1000,SZ002611,东方精工,2020-01-02,2023-12-11
csi1000,SZ002611,东方精工,2025-06-16,
csi1000,SZ002612,朗姿股份,2021-12-13,2026-06-15
csi1000,SZ002614,奥佳华,2020-01-02,2023-06-12
csi1000,SZ002616,长青集团,2021-03-15,2022-06-13
csi1000,SZ002617,露笑科技,2020-01-02,
csi1000,SZ002618,丹邦退,2020-01-02,2021-06-15
csi1000,SZ002619,*ST艾格,2020-01-02,2021-06-15
csi1000,SZ002621,*ST美吉,2020-01-02,2021-12-13
csi1000,SZ002625,光启技术,2021-12-13,2022-06-13
csi1000,SZ002626,金达威,2020-01-02,
csi1000,SZ002630,*ST华西,2020-01-02,2020-06-15
csi1000,SZ002631,德尔未来,2020-01-02,2021-12-13
csi1000,SZ002635,安洁科技,2021-12-13,
csi1000,SZ002636,金安国纪,2020-01-02,2023-12-11
csi1000,SZ002636,金安国纪,2026-06-15,
csi1000,SZ002638,勤上股份,2020-01-02,2020-08-17
csi1000,SZ002639,雪人集团,2020-01-02,2023-12-11
csi1000,SZ002639,雪人集团,2026-06-15,
csi1000,SZ002641,公元股份,2020-12-14,2023-12-11
csi1000,SZ002643,万润股份,2020-01-02,
csi1000,SZ002645,华宏科技,2022-06-13,2024-06-17
csi1000,SZ002646,天佑德酒,2020-01-02,2024-12-16
csi1000,SZ002647,仁东控股,2020-01-02,2022-06-13
csi1000,SZ002648,卫星化学,2020-01-02,2020-06-15
csi1000,SZ002649,博彦科技,2020-01-02,2026-06-15
csi1000,SZ002650,ST加加,2020-01-02,2020-06-15
csi1000,SZ002651,利君股份,2020-01-02,
csi1000,SZ002654,万润科技,2024-12-16,
csi1000,SZ002656,摩登大道,2020-01-02,2020-02-17
csi1000,SZ002657,中科金财,2020-01-02,2021-12-13
csi1000,SZ002662,峰璟股份,2020-01-02,2023-06-12
csi1000,SZ002663,普邦股份,2020-01-02,2021-06-15
csi1000,SZ002664,信质集团,2020-01-02,2023-12-11
csi1000,SZ002668,TCL智家,2020-01-02,2021-10-11
csi1000,SZ002668,TCL智家,2024-12-16,
csi1000,SZ002672,东江环保,2020-06-15,2022-06-13
csi1000,SZ002675,东诚药业,2020-01-02,
csi1000,SZ002677,浙江美大,2020-01-02,2024-06-17
csi1000,SZ002681,奋达科技,2024-06-17,
csi1000,SZ002683,广东宏大,2020-01-02,2020-12-14
csi1000,SZ002685,华东重机,2020-01-02,2021-12-13
csi1000,SZ002690,美亚光电,2025-06-16,
csi1000,SZ002695,煌上煌,2020-01-02,2023-12-11
csi1000,SZ002697,红旗连锁,2020-01-02,2026-06-15
csi1000,SZ002698,博实股份,2020-01-02,
csi1000,SZ002701,奥瑞金,2023-06-12,
csi1000,SZ002705,新宝股份,2020-01-02,2020-12-14
csi1000,SZ002705,新宝股份,2023-12-11,
csi1000,SZ002706,良信股份,2020-06-15,
csi1000,SZ002712,思美传媒,2020-01-02,2021-06-15
csi1000,SZ002716,湖南白银,2024-12-16,
csi1000,SZ002717,*ST岭南,2020-01-02,2022-12-12
csi1000,SZ002721,金一文化,2020-01-02,2020-06-15
csi1000,SZ002724,海洋王,2022-06-13,2024-06-17
csi1000,SZ002726,ST龙大,2020-01-02,2025-12-15
csi1000,SZ002727,一心堂,2020-01-02,
csi1000,SZ002733,雄韬股份,2020-01-02,2023-12-11
csi1000,SZ002737,葵花药业,2020-01-02,
csi1000,SZ002738,中矿资源,2021-12-13,2022-12-12
csi1000,SZ002741,光华科技,2020-01-02,2024-06-17
csi1000,SZ002745,木林森,2023-12-11,
csi1000,SZ002746,仙坛股份,2020-01-02,2024-12-16
csi1000,SZ002747,埃斯顿,2020-01-02,
csi1000,SZ002751,易尚退,2020-01-02,2020-12-14
csi1000,SZ002755,奥赛康,2020-01-02,2022-06-13
csi1000,SZ002755,奥赛康,2024-12-16,
csi1000,SZ002756,永兴材料,2020-01-02,2022-06-13
csi1000,SZ002759,ST天际,2020-01-02,2020-12-14
csi1000,SZ002759,ST天际,2021-12-13,2023-12-11
csi1000,SZ002761,浙江建投,2020-12-14,2021-12-13
csi1000,SZ002761,浙江建投,2022-06-13,2023-06-12
csi1000,SZ002761,浙江建投,2024-06-17,
csi1000,SZ002768,国恩股份,2020-01-02,2024-06-17
csi1000,SZ002768,国恩股份,2026-06-15,
csi1000,SZ002769,普路通,2020-01-02,2020-06-15
csi1000,SZ002773,康弘药业,2021-12-13,2025-06-16
csi1000,SZ002776,*ST柏龙,2020-01-02,2020-12-14
csi1000,SZ002777,久远银海,2020-01-02,2026-06-15
csi1000,SZ002779,中坚科技,2025-06-16,
csi1000,SZ002782,可立克,2020-01-02,2024-12-16
csi1000,SZ002791,坚朗五金,2020-06-15,2020-12-14
csi1000,SZ002791,坚朗五金,2025-06-16,2026-06-15
csi1000,SZ002792,通宇通讯,2020-01-02,2022-12-12
csi1000,SZ002793,罗欣药业,2020-12-14,2022-06-13
csi1000,SZ002796,世嘉科技,2020-01-02,2021-06-15
csi1000,SZ002798,帝欧水华,2020-01-02,2022-06-13
csi1000,SZ002803,吉宏股份,2020-12-14,2023-06-12
csi1000,SZ002807,江阴银行,2021-06-15,
csi1000,SZ002810,山东赫达,2021-06-15,2023-12-11
csi1000,SZ002815,崇达技术,2022-12-12,
csi1000,SZ002822,ST中装,2020-01-02,2021-12-13
csi1000,SZ002827,高争民爆,2026-05-11,
csi1000,SZ002832,比音勒芬,2020-01-02,
csi1000,SZ002833,弘亚数控,2020-01-02,2023-06-12
csi1000,SZ002833,弘亚数控,2024-12-16,2025-12-15
csi1000,SZ002837,英维克,2020-12-14,2025-06-16
csi1000,SZ002838,道恩股份,2020-06-15,2024-06-17
csi1000,SZ002838,道恩股份,2026-06-15,
csi1000,SZ002839,张家港行,2021-12-13,
csi1000,SZ002840,华统股份,2020-01-02,2021-12-13
csi1000,SZ002840,华统股份,2023-06-12,
csi1000,SZ002847,盐津铺子,2020-12-14,
csi1000,SZ002850,科达利,2020-01-02,2022-12-12
csi1000,SZ002851,麦格米特,2020-01-02,2025-06-16
csi1000,SZ002852,道道全,2020-01-02,2021-12-13
csi1000,SZ002859,洁美科技,2020-01-02,
csi1000,SZ002865,钧达股份,2022-12-12,2023-12-11
csi1000,SZ002866,传艺科技,2023-11-13,2024-06-17
csi1000,SZ002867,周大生,2025-06-16,
csi1000,SZ002869,金溢科技,2020-06-15,2021-12-13
csi1000,SZ002880,卫光生物,2020-06-15,2022-12-12
csi1000,SZ002881,美格智能,2025-06-16,
csi1000,SZ002882,金龙羽,2025-12-15,
csi1000,SZ002891,中宠股份,2021-06-15,
csi1000,SZ002892,科力尔,2025-06-16,
csi1000,SZ002895,川恒股份,2020-01-02,
csi1000,SZ002896,中大力德,2025-12-15,
csi1000,SZ002897,意华股份,2025-06-16,
csi1000,SZ002901,大博医疗,2020-01-02,2020-06-15
csi1000,SZ002901,大博医疗,2023-12-11,
csi1000,SZ002906,华阳集团,2020-01-02,
csi1000,SZ002907,华森制药,2020-01-02,2021-12-13
csi1000,SZ002911,佛燃能源,2020-01-02,
csi1000,SZ002912,中新赛克,2020-01-02,2022-12-12
csi1000,SZ002913,奥士康,2020-01-02,
csi1000,SZ002918,蒙娜丽莎,2020-01-02,2024-06-17
csi1000,SZ002920,德赛西威,2021-06-15,2021-12-13
csi1000,SZ002922,伊戈尔,2026-06-15,
csi1000,SZ002925,盈趣科技,2024-06-17,
csi1000,SZ002928,华夏航空,2020-01-02,
csi1000,SZ002929,润建股份,2020-01-02,
csi1000,SZ002930,宏川智慧,2020-01-02,2023-06-12
csi1000,SZ002932,*ST明德,2023-06-12,2024-06-17
csi1000,SZ002933,新兴装备,2020-01-02,2021-06-15
csi1000,SZ002936,郑州银行,2024-12-16,
csi1000,SZ002941,新疆交建,2021-06-15,
csi1000,SZ002946,新乳业,2022-12-12,
csi1000,SZ002947,恒铭达,2020-01-02,2021-12-13
csi1000,SZ002947,恒铭达,2025-06-16,
csi1000,SZ002948,青岛银行,2023-06-12,
csi1000,SZ002950,奥美医疗,2020-01-02,2024-06-17
csi1000,SZ002951,金时科技,2020-01-02,2021-12-13
csi1000,SZ002955,鸿合科技,2020-01-02,2022-06-13
csi1000,SZ002958,青农商行,2026-06-15,
csi1000,SZ002959,小熊电器,2020-06-15,2025-12-15
csi1000,SZ002960,青鸟智控,2020-06-15,
csi1000,SZ002961,瑞达期货,2020-06-15,2024-12-16
csi1000,SZ002961,瑞达期货,2026-06-15,
csi1000,SZ002962,五方光电,2020-06-15,2021-12-13
csi1000,SZ002965,祥鑫科技,2025-12-15,
csi1000,SZ002967,广电计量,2020-06-15,
csi1000,SZ002969,嘉美包装,2020-06-15,2022-06-13
csi1000,SZ002970,锐明技术,2020-06-15,2022-12-12
csi1000,SZ002973,侨银股份,2020-06-15,2022-06-13
csi1000,SZ002975,博杰股份,2020-12-14,2023-06-12
csi1000,SZ002977,*ST天箭,2020-12-14,2022-12-12
csi1000,SZ002978,安宁股份,2020-12-14,
csi1000,SZ002979,雷赛智能,2020-12-14,2024-06-17
csi1000,SZ002979,雷赛智能,2025-06-16,
csi1000,SZ002980,华盛昌,2020-12-14,2022-06-13
csi1000,SZ002982,湘佳股份,2020-12-14,2022-06-13
csi1000,SZ002984,森麒麟,2021-06-15,2024-06-17
csi1000,SZ002985,北摩高科,2023-12-11,
csi1000,SZ002987,京北方,2020-12-14,
csi1000,SZ002989,中天精装,2020-12-14,2022-06-13
csi1000,SZ002990,盛视科技,2020-12-14,2025-06-16
csi1000,SZ002991,甘源食品,2020-12-14,2025-12-15
csi1000,SZ002993,奥海科技,2021-06-15,
csi1000,SZ003006,百亚股份,2021-06-15,
csi1000,SZ003009,中天火箭,2021-06-15,2025-12-15
csi1000,SZ003010,若羽臣,2026-06-15,
csi1000,SZ003012,东鹏控股,2021-06-15,2026-06-15
csi1000,SZ003021,兆威机电,2022-06-13,2025-12-15
csi1000,SZ003031,中瓷电子,2022-06-13,2023-12-11
csi1000,SZ003032,传智教育,2021-06-15,2023-12-11
csi1000,SZ003039,顺控发展,2021-12-13,
csi1000,SZ003040,楚天龙,2021-12-13,2025-06-16
csi1000,SZ300002,神州泰岳,2023-06-12,2024-06-17
csi1000,SZ300006,莱美药业,2020-01-02,2022-12-12
csi1000,SZ300007,汉威科技,2020-01-02,2023-12-11
csi1000,SZ300007,汉威科技,2025-12-15,
csi1000,SZ300008,天海防务,2025-06-16,
csi1000,SZ300009,安科生物,2025-06-16,
csi1000,SZ300011,鼎汉技术,2020-01-02,2020-12-14
csi1000,SZ300012,华测检测,2021-06-15,2022-06-13
csi1000,SZ300016,北陆药业,2020-01-02,2022-06-13
csi1000,SZ300020,ST银江,2020-01-02,2022-12-12
csi1000,SZ300021,大禹节水,2020-01-02,2021-06-15
csi1000,SZ300026,红日药业,2024-06-17,
csi1000,SZ300027,ST华谊,2021-12-13,2026-05-11
csi1000,SZ300031,宝通科技,2020-01-02,
csi1000,SZ300034,钢研高纳,2020-01-02,
csi1000,SZ300035,中科电气,2021-12-13,
csi1000,SZ300036,超图软件,2020-01-02,
csi1000,SZ300037,新宙邦,2020-01-02,2021-06-15
csi1000,SZ300038,数知退,2020-01-02,2021-02-18
csi1000,SZ300039,上海凯宝,2020-01-02,2025-12-15
csi1000,SZ300043,星辉娱乐,2020-01-02,2021-12-13
csi1000,SZ300044,*ST赛为,2020-01-02,2021-06-15
csi1000,SZ300045,华力创通,2020-01-02,2022-12-12
csi1000,SZ300045,华力创通,2024-06-17,
csi1000,SZ300047,天源迪科,2020-01-02,2022-06-13
csi1000,SZ300047,天源迪科,2025-12-15,
csi1000,SZ300049,福瑞医科,2024-06-17,
csi1000,SZ300053,航宇微,2020-01-02,2022-06-13
csi1000,SZ300054,鼎龙股份,2020-01-02,2024-06-17
csi1000,SZ300055,万邦达,2020-01-02,2023-12-11
csi1000,SZ300061,旗天科技,2020-01-02,2020-12-14
csi1000,SZ300064,金刚退,2020-01-02,2020-06-15
csi1000,SZ300065,海兰信,2020-01-02,2024-12-16
csi1000,SZ300065,海兰信,2025-12-15,
csi1000,SZ300066,三川智慧,2020-01-02,2022-06-13
csi1000,SZ300068,ST南都,2020-01-02,2026-05-11
csi1000,SZ300070,碧水源,2026-06-15,
csi1000,SZ300073,当升科技,2020-01-02,2022-06-13
csi1000,SZ300075,数字政通,2020-01-02,
csi1000,SZ300077,国民技术,2022-06-13,
csi1000,SZ300078,思创智联,2020-01-02,2022-12-12
csi1000,SZ300079,数码视讯,2020-01-02,2026-06-15
csi1000,SZ300080,易成新能,2020-12-14,
csi1000,SZ300081,ST恒信,2020-01-02,2021-12-13
csi1000,SZ300083,创世纪,2020-01-02,
csi1000,SZ300085,银之杰,2020-01-02,
csi1000,SZ300087,ST荃银,2021-06-15,2026-06-15
csi1000,SZ300088,长信科技,2024-12-16,
csi1000,SZ300091,*ST金灵,2020-01-02,2023-12-11
csi1000,SZ300096,ST易联众,2020-01-02,2021-06-15
csi1000,SZ300098,高新兴,2020-01-02,2020-12-14
csi1000,SZ300098,高新兴,2025-12-15,
csi1000,SZ300100,双林股份,2020-01-02,2020-06-15
csi1000,SZ300100,双林股份,2025-06-16,2025-12-15
csi1000,SZ300101,振芯科技,2020-01-02,
csi1000,SZ300102,乾照光电,2020-01-02,2023-12-11
csi1000,SZ300102,乾照光电,2025-06-16,
csi1000,SZ300107,建新股份,2020-01-02,2020-12-14
csi1000,SZ300109,新开源,2020-01-02,2025-06-16
csi1000,SZ300110,华仁药业,2020-01-02,2022-06-13
csi1000,SZ300113,顺网科技,2023-12-11,
csi1000,SZ300114,中航电测,2020-01-02,2023-12-11
csi1000,SZ300115,长盈精密,2024-06-17,2025-06-16
csi1000,SZ300118,东方日升,2020-01-02,2023-06-12
csi1000,SZ300119,瑞普生物,2020-06-15,
csi1000,SZ300123,ST亚光,2020-01-02,2025-06-16
csi1000,SZ300127,银河磁体,2020-06-15,2023-06-12
csi1000,SZ300127,银河磁体,2025-12-15,
csi1000,SZ300128,锦富技术,2020-01-02,2020-06-15
csi1000,SZ300129,泰胜风能,2024-06-17,2025-12-15
csi1000,SZ300130,新国都,2020-01-02,
csi1000,SZ300131,英唐智控,2020-01-02,2023-12-11
csi1000,SZ300131,英唐智控,2025-12-15,
csi1000,SZ300132,诺斯贝尔,2020-06-15,2022-12-12
csi1000,SZ300133,华策影视,2022-06-13,
csi1000,SZ300134,大富科技,2021-06-15,
csi1000,SZ300137,先河环保,2020-01-02,2021-06-15
csi1000,SZ300140,节能环境,2020-01-02,2021-06-15
csi1000,SZ300140,节能环境,2024-06-17,2024-12-16
csi1000,SZ300143,盈康生命,2020-01-02,2024-12-16
csi1000,SZ300145,南方泵业,2020-01-02,2022-12-12
csi1000,SZ300148,天舟文化,2020-01-02,2020-12-14
csi1000,SZ300149,睿智医药,2020-01-02,2023-06-12
csi1000,SZ300151,昌红科技,2021-06-15,2026-06-15
csi1000,SZ300153,科泰电源,2026-06-15,
csi1000,SZ300158,振东制药,2020-01-02,2024-06-17
csi1000,SZ300166,东方国信,2022-12-12,
csi1000,SZ300170,汉得信息,2020-01-02,
csi1000,SZ300171,东富龙,2020-01-02,
csi1000,SZ300176,鸿特科技,2020-01-02,2020-12-14
csi1000,SZ300177,中海达,2020-01-02,2023-06-12
csi1000,SZ300178,腾邦退,2020-01-02,2020-06-15
csi1000,SZ300180,华峰超纤,2021-12-13,
csi1000,SZ300181,佐力药业,2024-12-16,
csi1000,SZ300182,捷成股份,2023-12-11,
csi1000,SZ300183,东软载波,2020-01-02,2026-06-15
csi1000,SZ300184,力源信息,2020-01-02,2023-06-12
csi1000,SZ300184,力源信息,2025-06-16,
csi1000,SZ300185,通裕重工,2020-01-02,
csi1000,SZ300188,国投智能,2020-01-02,
csi1000,SZ300190,维尔利,2020-06-15,2022-06-13
csi1000,SZ300191,潜能恒信,2020-01-02,2023-12-11
csi1000,SZ300194,福安药业,2020-01-02,2022-06-13
csi1000,SZ300198,*ST纳川,2020-01-02,2021-12-13
csi1000,SZ300199,翰宇药业,2025-12-15,
csi1000,SZ300203,聚光科技,2020-01-02,2024-12-16
csi1000,SZ300204,舒泰神,2020-06-15,2023-12-11
csi1000,SZ300205,*ST天喻,2020-01-02,2023-06-12
csi1000,SZ300206,理邦仪器,2020-12-14,2024-12-16
csi1000,SZ300208,中程退,2020-01-02,2024-05-13
csi1000,SZ300209,行云科技,2020-01-02,2021-12-13
csi1000,SZ300212,*ST易录,2020-01-02,2020-06-15
csi1000,SZ300213,佳讯飞鸿,2020-01-02,2021-06-15
csi1000,SZ300215,电科院,2020-01-02,2023-06-12
csi1000,SZ300219,鸿利智汇,2020-01-02,2023-06-12
csi1000,SZ300222,科大智能,2020-01-02,2023-06-12
csi1000,SZ300223,君正股份,2020-01-02,2020-12-14
csi1000,SZ300224,正海磁材,2020-01-02,
csi1000,SZ300226,上海钢联,2020-01-02,2026-06-15
csi1000,SZ300229,拓尔思,2020-01-02,
csi1000,SZ300232,洲明科技,2020-01-02,2026-06-15
csi1000,SZ300233,金城医药,2020-01-02,2024-12-16
csi1000,SZ300236,上海新阳,2020-01-02,
csi1000,SZ300237,ST美晨,2020-01-02,2020-12-14
csi1000,SZ300238,冠昊生物,2020-01-02,2022-06-13
csi1000,SZ300244,迪安诊断,2024-06-17,
csi1000,SZ300248,新开普,2020-01-02,2021-12-13
csi1000,SZ300251,光线传媒,2020-12-14,2021-06-15
csi1000,SZ300252,金信诺,2020-01-02,2022-06-13
csi1000,SZ300253,卫宁健康,2024-12-16,
csi1000,SZ300255,常山药业,2020-01-02,2023-06-12
csi1000,SZ300256,星星科技,2020-01-02,2021-09-13
csi1000,SZ300257,开山股份,2024-06-17,
csi1000,SZ300260,新莱应材,2023-06-12,
csi1000,SZ300261,雅本化学,2023-12-11,2025-12-15
csi1000,SZ300262,*ST巴安,2020-01-02,2020-12-14
csi1000,SZ300263,隆华科技,2020-01-02,2024-12-16
csi1000,SZ300266,兴源环境,2020-01-02,2023-06-12
csi1000,SZ300267,尔康制药,2020-06-15,2024-12-16
csi1000,SZ300271,华宇软件,2020-01-02,2020-06-15
csi1000,SZ300271,华宇软件,2022-06-13,2024-06-17
csi1000,SZ300276,三丰智能,2020-01-02,2023-06-12
csi1000,SZ300276,三丰智能,2025-06-16,
csi1000,SZ300278,华昌达,2020-01-02,2020-06-15
csi1000,SZ300284,苏交科,2020-01-02,
csi1000,SZ300287,飞利信,2020-01-02,2023-06-12
csi1000,SZ300288,朗玛信息,2020-01-02,2021-06-15
csi1000,SZ300292,吴通控股,2020-01-02,2022-12-12
csi1000,SZ300294,博雅生物,2020-01-02,
csi1000,SZ300296,利亚德,2024-12-16,
csi1000,SZ300298,三诺生物,2020-01-02,
csi1000,SZ300299,富春股份,2020-01-02,2021-12-13
csi1000,SZ300300,海峡创新,2020-01-02,2021-06-15
csi1000,SZ300302,同有科技,2020-01-02,2022-06-13
csi1000,SZ300303,聚飞光电,2020-01-02,
csi1000,SZ300307,慈星股份,2020-01-02,2022-12-12
csi1000,SZ300309,吉艾退,2020-01-02,2020-12-14
csi1000,SZ300310,宜通世纪,2020-01-02,2021-12-13
csi1000,SZ300311,任子行,2020-01-02,2022-12-12
csi1000,SZ300315,掌趣科技,2022-12-12,
csi1000,SZ300317,珈伟新能,2020-01-02,2020-06-15
csi1000,SZ300318,博晖创新,2021-06-15,2023-06-12
csi1000,SZ300319,麦捷科技,2020-06-15,
csi1000,SZ300322,硕贝德,2020-01-02,2022-12-12
csi1000,SZ300322,硕贝德,2026-06-15,
csi1000,SZ300323,华灿光电,2020-01-02,
csi1000,SZ300326,ST凯利,2020-01-02,2023-06-12
csi1000,SZ300327,中颖电子,2020-01-02,
csi1000,SZ300328,宜安科技,2020-01-02,2023-06-12
csi1000,SZ300332,天壕能源,2020-01-02,2020-12-14
csi1000,SZ300332,天壕能源,2022-12-12,2024-12-16
csi1000,SZ300336,新文退,2020-01-02,2020-12-14
csi1000,SZ300337,银邦股份,2025-06-16,
csi1000,SZ300339,润和软件,2020-01-02,2024-12-16
csi1000,SZ300341,麦克奥迪,2025-12-15,
csi1000,SZ300342,天银机电,2026-06-15,
csi1000,SZ300343,联创股份,2020-01-02,2020-06-15
csi1000,SZ300343,联创股份,2022-06-13,2024-12-16
csi1000,SZ300346,南大光电,2020-06-15,2025-06-16
csi1000,SZ300348,长亮科技,2020-01-02,
csi1000,SZ300349,金卡智能,2020-01-02,2022-06-13
csi1000,SZ300352,ST信源,2020-01-02,2026-05-11
csi1000,SZ300353,东土科技,2020-01-02,2021-12-13
csi1000,SZ300353,东土科技,2026-06-15,
csi1000,SZ300355,蒙草生态,2020-01-02,2023-06-12
csi1000,SZ300357,我武生物,2020-01-02,2020-06-15
csi1000,SZ300357,我武生物,2024-12-16,
csi1000,SZ300358,楚天科技,2022-12-12,2024-12-16
csi1000,SZ300359,全通教育,2020-01-02,2020-06-15
csi1000,SZ300360,炬华科技,2025-03-17,
csi1000,SZ300363,博腾股份,2020-01-02,2021-12-13
csi1000,SZ300363,博腾股份,2024-06-17,
csi1000,SZ300364,中文在线,2020-01-02,2020-06-15
csi1000,SZ300365,恒华科技,2020-01-02,2022-12-12
csi1000,SZ300366,ST创意,2020-01-02,2025-06-16
csi1000,SZ300367,网力退,2020-01-02,2020-06-15
csi1000,SZ300368,汇金股份,2020-01-02,2022-12-12
csi1000,SZ300369,绿盟科技,2020-01-02,2024-12-16
csi1000,SZ300373,扬杰科技,2020-01-02,2022-12-12
csi1000,SZ300376,易事特,2026-06-15,
csi1000,SZ300377,赢时胜,2020-01-02,2024-06-17
csi1000,SZ300378,鼎捷数智,2020-01-02,2022-12-12
csi1000,SZ300378,鼎捷数智,2025-12-15,
csi1000,SZ300379,东通退,2020-01-02,2025-05-12
csi1000,SZ300382,斯莱克,2022-06-13,2024-12-16
csi1000,SZ300386,飞天诚信,2020-01-02,2022-12-12
csi1000,SZ300388,节能国祯,2020-01-02,2022-06-13
csi1000,SZ300390,天华新能,2021-06-15,2022-06-13
csi1000,SZ300393,中来股份,2020-01-02,2025-12-15
csi1000,SZ300394,天孚通信,2020-01-02,2023-12-11
csi1000,SZ300395,菲利华,2020-06-15,2023-06-12
csi1000,SZ300397,天和防务,2020-06-15,2023-06-12
csi1000,SZ300398,飞凯材料,2020-01-02,
csi1000,SZ300401,花园生物,2020-01-02,2024-06-17
csi1000,SZ300401,花园生物,2025-06-16,2026-06-15
csi1000,SZ300406,九强生物,2020-01-02,2026-06-15
csi1000,SZ300409,道氏技术,2020-01-02,
csi1000,SZ300410,正业科技,2020-01-02,2020-06-15
csi1000,SZ300415,伊之密,2024-05-13,
csi1000,SZ300416,苏试试验,2023-06-12,
csi1000,SZ300423,昇辉科技,2020-01-02,2023-06-12
csi1000,SZ300424,航新科技,2020-01-02,2020-12-14
csi1000,SZ300428,立中集团,2020-01-02,
csi1000,SZ300429,强力新材,2020-01-02,2022-12-12
csi1000,SZ300432,富临精工,2021-12-13,2025-12-15
csi1000,SZ300438,鹏辉能源,2020-01-02,2023-06-12
csi1000,SZ300438,鹏辉能源,2024-12-16,
csi1000,SZ300439,美康生物,2020-01-02,2023-06-12
csi1000,SZ300441,鲍斯股份,2020-01-02,2022-12-12
csi1000,SZ300443,金雷股份,2022-06-13,
csi1000,SZ300446,航天智造,2024-06-17,
csi1000,SZ300448,浩云科技,2020-06-15,2022-06-13
csi1000,SZ300450,先导智能,2020-01-02,2020-06-15
csi1000,SZ300451,创业慧康,2020-01-02,2026-06-15
csi1000,SZ300455,航天智装,2020-06-15,
csi1000,SZ300456,赛微电子,2020-01-02,
csi1000,SZ300457,赢合科技,2020-01-02,
csi1000,SZ300458,全志科技,2020-01-02,2025-06-16
csi1000,SZ300459,汤姆猫,2022-06-13,
csi1000,SZ300463,迈克生物,2020-01-02,2020-12-14
csi1000,SZ300463,迈克生物,2023-06-12,2026-06-15
csi1000,SZ300467,迅游科技,2020-01-02,2020-06-15
csi1000,SZ300468,四方精创,2025-06-16,
csi1000,SZ300470,中密控股,2021-06-15,2026-06-15
csi1000,SZ300474,景嘉微,2020-01-02,2020-06-15
csi1000,SZ300475,香农芯创,2023-12-11,2026-06-15
csi1000,SZ300476,胜宏科技,2020-01-02,2024-12-16
csi1000,SZ300477,ST合纵,2020-01-02,2023-12-11
csi1000,SZ300482,万孚生物,2020-01-02,2020-06-15
csi1000,SZ300482,万孚生物,2023-12-11,
csi1000,SZ300485,赛升药业,2020-12-14,2023-12-11
csi1000,SZ300487,蓝晓科技,2020-01-02,2023-06-12
csi1000,SZ300492,华图山鼎,2024-12-16,
csi1000,SZ300493,润欣科技,2025-06-16,
csi1000,SZ300495,*ST美尚,2020-01-02,2021-06-15
csi1000,SZ300496,中科创达,2020-01-02,2020-06-15
csi1000,SZ300496,中科创达,2021-06-15,2021-12-13
csi1000,SZ300497,富祥股份,2020-01-02,2024-06-17
csi1000,SZ300502,新易盛,2020-01-02,2023-12-11
csi1000,SZ300503,昊志机电,2026-06-15,
csi1000,SZ300504,天邑股份,2020-01-02,2021-06-15
csi1000,SZ300506,名家汇,2020-01-02,2021-06-15
csi1000,SZ300510,金冠股份,2020-01-02,2022-12-12
csi1000,SZ300520,科大国创,2020-01-02,2022-06-13
csi1000,SZ300523,辰安科技,2020-01-02,2022-12-12
csi1000,SZ300525,博思软件,2020-06-15,
csi1000,SZ300526,中潜退,2020-06-15,2022-06-13
csi1000,SZ300527,ST应急,2020-01-02,2025-08-11
csi1000,SZ300529,健帆生物,2026-06-15,
csi1000,SZ300531,优博讯,2020-01-02,2022-12-12
csi1000,SZ300533,冰川网络,2020-01-02,2021-06-15
csi1000,SZ300548,长芯博创,2020-12-14,2022-12-12
csi1000,SZ300548,长芯博创,2025-06-16,2026-06-15
csi1000,SZ300552,万集科技,2020-06-15,2022-12-12
csi1000,SZ300558,贝达药业,2020-01-02,2020-06-15
csi1000,SZ300559,佳发教育,2020-01-02,2021-12-13
csi1000,SZ300567,精测电子,2020-01-02,2024-06-17
csi1000,SZ300568,星源材质,2020-01-02,2022-12-12
csi1000,SZ300568,星源材质,2024-12-16,
csi1000,SZ300570,太辰光,2020-02-17,2021-06-15
csi1000,SZ300570,太辰光,2024-06-17,2025-12-15
csi1000,SZ300571,平治信息,2020-01-02,2021-12-13
csi1000,SZ300572,安车检测,2020-01-02,2022-06-13
csi1000,SZ300573,兴齐眼药,2020-06-15,2024-12-16
csi1000,SZ300573,兴齐眼药,2025-12-15,
csi1000,SZ300576,容大感光,2024-06-17,
csi1000,SZ300579,数字认证,2020-06-15,
csi1000,SZ300580,贝斯特,2024-12-16,
csi1000,SZ300587,天铁科技,2022-06-13,2024-12-16
csi1000,SZ300590,移为通信,2020-06-15,2023-06-12
csi1000,SZ300593,新雷能,2022-06-13,
csi1000,SZ300595,欧普康视,2020-01-02,2020-06-15
csi1000,SZ300595,欧普康视,2025-12-15,
csi1000,SZ300596,利安隆,2020-01-02,2025-12-15
csi1000,SZ300598,诚迈科技,2020-06-15,
csi1000,SZ300601,康泰生物,2026-06-15,
csi1000,SZ300602,飞荣达,2020-01-02,
csi1000,SZ300603,立昂技术,2020-06-15,2021-12-13
csi1000,SZ300604,长川科技,2020-06-15,2022-12-12
csi1000,SZ300607,拓斯达,2020-01-02,2023-12-11
csi1000,SZ300607,拓斯达,2025-12-15,
csi1000,SZ300613,富瀚微,2020-01-02,
csi1000,SZ300616,尚品宅配,2020-01-02,2023-06-12
csi1000,SZ300618,寒锐钴业,2020-01-02,2020-06-15
csi1000,SZ300618,寒锐钴业,2023-12-11,
csi1000,SZ300620,光库科技,2023-12-11,2026-06-15
csi1000,SZ300623,捷捷微电,2020-01-02,2025-06-16
csi1000,SZ300624,万兴科技,2020-01-02,2022-12-12
csi1000,SZ300624,万兴科技,2023-12-11,
csi1000,SZ300627,华测导航,2021-12-13,2025-06-16
csi1000,SZ300630,普利退,2020-01-02,2020-06-15
csi1000,SZ300630,普利退,2023-06-12,2024-06-17
csi1000,SZ300633,开立医疗,2020-01-02,
csi1000,SZ300634,彩讯股份,2020-01-02,
csi1000,SZ300638,广和通,2020-01-02,
csi1000,SZ300639,凯普生物,2020-12-14,2024-06-17
csi1000,SZ300641,正丹股份,2024-12-16,
csi1000,SZ300653,正海生物,2020-08-17,2024-06-17
csi1000,SZ300655,晶瑞电材,2022-06-13,
csi1000,SZ300657,弘信电子,2020-06-15,2023-06-12
csi1000,SZ300657,弘信电子,2024-12-16,
csi1000,SZ300659,中孚信息,2020-06-15,2023-06-12
csi1000,SZ300660,江苏雷利,2024-06-17,
csi1000,SZ300661,圣邦股份,2020-01-02,2020-12-14
csi1000,SZ300662,科锐国际,2020-01-02,2024-06-17
csi1000,SZ300663,科蓝软件,2020-06-15,2026-06-15
csi1000,SZ300664,鹏鹞环保,2020-01-02,2022-06-13
csi1000,SZ300666,江丰电子,2020-01-02,2026-06-15
csi1000,SZ300671,富满微,2021-12-13,2024-12-16
csi1000,SZ300672,国科微,2020-06-15,
csi1000,SZ300673,佩蒂股份,2020-01-02,2022-06-13
csi1000,SZ300674,宇信科技,2020-01-02,
csi1000,SZ300676,华大基因,2020-01-02,2020-12-14
csi1000,SZ300677,英科医疗,2020-12-14,2021-06-15
csi1000,SZ300678,中科信息,2024-06-17,
csi1000,SZ300679,电连技术,2020-01-02,2025-06-16
csi1000,SZ300680,隆盛科技,2026-06-15,
csi1000,SZ300682,朗新科技,2020-01-02,2022-12-12
csi1000,SZ300682,朗新科技,2024-12-16,
csi1000,SZ300684,中石科技,2020-01-02,2022-12-12
csi1000,SZ300684,中石科技,2026-06-15,
csi1000,SZ300685,艾德生物,2020-01-02,
csi1000,SZ300687,赛意信息,2022-12-12,
csi1000,SZ300693,盛弘股份,2023-06-12,
csi1000,SZ300696,爱乐达,2021-06-15,2024-06-17
csi1000,SZ300699,光威复材,2020-01-02,2020-12-14
csi1000,SZ300702,天宇股份,2020-01-02,
csi1000,SZ300705,九典制药,2024-06-17,2026-06-15
csi1000,SZ300709,精研科技,2020-06-15,2023-06-12
csi1000,SZ300718,长盛轴承,2025-06-16,2025-12-15
csi1000,SZ300723,一品红,2020-01-02,
csi1000,SZ300724,捷佳伟创,2020-01-02,2021-12-13
csi1000,SZ300725,药石科技,2020-01-02,
csi1000,SZ300726,宏达电子,2020-01-02,
csi1000,SZ300735,光弘科技,2020-01-02,2025-06-16
csi1000,SZ300737,科顺股份,2020-01-02,2025-06-16
csi1000,SZ300738,奥飞数据,2020-12-14,
csi1000,SZ300740,水羊股份,2020-01-02,2023-06-12
csi1000,SZ300741,华宝股份,2020-01-02,2021-06-15
csi1000,SZ300741,华宝股份,2023-12-11,2025-06-16
csi1000,SZ300747,锐科激光,2020-01-02,
csi1000,SZ300748,金力永磁,2020-01-02,2023-06-12
csi1000,SZ300751,迈为股份,2020-01-02,2021-12-13
csi1000,SZ300755,华致酒行,2020-01-02,2026-06-15
csi1000,SZ300757,罗博特科,2024-06-17,2025-06-16
csi1000,SZ300759,康龙化成,2020-01-02,2020-06-15
csi1000,SZ300761,立华股份,2020-01-02,
csi1000,SZ300762,上海瀚讯,2020-06-15,
csi1000,SZ300763,锦浪科技,2020-12-14,2021-12-13
csi1000,SZ300765,石药创新,2020-01-02,2024-06-17
csi1000,SZ300766,每日互动,2020-01-02,2021-12-13
csi1000,SZ300767,震安科技,2020-12-14,2024-06-17
csi1000,SZ300768,迪普科技,2020-01-02,
csi1000,SZ300769,德方纳米,2021-12-13,2022-06-13
csi1000,SZ300770,新媒股份,2020-01-02,
csi1000,SZ300771,智莱科技,2020-01-02,2021-12-13
csi1000,SZ300772,运达股份,2022-06-13,
csi1000,SZ300773,拉卡拉,2020-01-02,
csi1000,SZ300775,三角防务,2020-01-02,
csi1000,SZ300776,帝尔激光,2020-01-02,2022-12-12
csi1000,SZ300776,帝尔激光,2024-12-16,
csi1000,SZ300777,中简科技,2020-01-02,
csi1000,SZ300779,惠城环保,2024-12-16,
csi1000,SZ300782,卓胜微,2020-01-02,2020-06-15
csi1000,SZ300783,三只松鼠,2020-01-02,
csi1000,SZ300785,值得买,2020-01-02,2022-12-12
csi1000,SZ300788,中信出版,2020-01-02,2022-12-12
csi1000,SZ300791,仙乐健康,2020-12-14,2023-06-12
csi1000,SZ300792,壹网壹创,2020-06-15,2024-06-17
csi1000,SZ300793,佳禾智能,2020-06-15,2021-12-13
csi1000,SZ300798,锦鸡股份,2020-06-15,2021-12-13
csi1000,SZ300799,左江退,2020-06-15,2023-06-12
csi1000,SZ300800,力合科技,2020-06-15,2022-06-13
csi1000,SZ300803,指南针,2020-06-15,2024-06-17
csi1000,SZ300805,电声股份,2020-06-15,2022-06-13
csi1000,SZ300806,斯迪克,2026-06-15,
csi1000,SZ300809,华辰装备,2025-12-15,
csi1000,SZ300811,铂科新材,2023-06-12,
csi1000,SZ300814,中富电路,2026-06-15,
csi1000,SZ300815,玉禾田,2020-06-15,2023-06-12
csi1000,SZ300820,英杰电气,2023-06-12,
csi1000,SZ300821,东岳硅材,2020-12-14,
csi1000,SZ300827,上能电气,2022-06-13,
csi1000,SZ300829,金丹科技,2020-12-14,2023-06-12
csi1000,SZ300831,ST派瑞,2021-02-18,2022-06-13
csi1000,SZ300841,康华生物,2020-12-14,
csi1000,SZ300842,帝科股份,2020-12-14,2023-06-12
csi1000,SZ300846,首都在线,2020-12-14,2023-06-12
csi1000,SZ300850,新强联,2021-06-15,2022-12-12
csi1000,SZ300850,新强联,2024-06-17,
csi1000,SZ300855,图南股份,2020-12-14,
csi1000,SZ300856,科思股份,2020-12-14,2026-06-15
csi1000,SZ300857,协创数据,2020-12-14,2022-12-12
csi1000,SZ300857,协创数据,2024-06-17,2025-06-16
csi1000,SZ300860,锋尚文化,2021-06-15,2024-12-16
csi1000,SZ300861,美畅股份,2021-06-15,2022-12-12
csi1000,SZ300861,美畅股份,2024-12-16,
csi1000,SZ300867,圣元环保,2021-06-15,2023-06-12
csi1000,SZ300869,康泰医学,2023-06-12,2025-06-16
csi1000,SZ300870,欧陆通,2025-06-16,
csi1000,SZ300872,天阳科技,2021-06-15,2023-06-12
csi1000,SZ300872,天阳科技,2026-05-11,
csi1000,SZ300887,谱尼测试,2022-12-12,2024-12-16
csi1000,SZ300894,火星人,2021-06-15,2025-06-16
csi1000,SZ300900,广联航空,2021-06-15,2023-12-11
csi1000,SZ300910,瑞丰新材,2021-06-15,
csi1000,SZ300913,兆龙互连,2024-12-16,
csi1000,SZ300917,特发服务,2025-08-11,2026-06-15
csi1000,SZ300925,法本信息,2025-06-16,
csi1000,SZ300926,博俊科技,2024-12-16,
csi1000,SZ300942,易瑞生物,2021-12-13,2023-12-11
csi1000,SZ300953,震裕科技,2022-12-12,2024-12-16
csi1000,SZ300953,震裕科技,2025-06-16,2026-06-15
csi1000,SZ300969,恒帅股份,2026-06-15,
csi1000,SZ300972,万辰集团,2025-06-16,2025-12-15
csi1000,SZ300973,立高食品,2021-12-13,2025-06-16
csi1000,SZ300981,中红医疗,2021-12-13,2023-12-11
csi1000,SZ300990,同飞股份,2026-06-15,
csi1000,SZ301000,肇民科技,2025-12-15,
csi1000,SZ301004,嘉益股份,2025-04-14,2026-06-15
csi1000,SZ301005,超捷股份,2026-06-15,
csi1000,SZ301015,百洋医药,2021-12-13,
csi1000,SZ301018,申菱环境,2025-12-15,
csi1000,SZ301029,怡合达,2021-12-13,2022-12-12
csi1000,SZ301029,怡合达,2024-12-16,
csi1000,SZ301031,中熔电气,2021-12-13,
csi1000,SZ301035,润丰股份,2021-12-13,
csi1000,SZ301039,中集车辆,2021-12-13,
csi1000,SZ301047,义翘神州,2022-06-13,
csi1000,SZ301050,雷电微力,2022-06-13,
csi1000,SZ301060,兰卫医学,2022-06-13,2024-06-17
csi1000,SZ301061,匠心家居,2025-06-16,
csi1000,SZ301069,凯盛新材,2022-06-13,2025-12-15
csi1000,SZ301071,力量钻石,2022-06-13,
csi1000,SZ301078,孩子王,2022-06-13,
csi1000,SZ301080,百普赛斯,2022-06-13,2024-12-16
csi1000,SZ301087,可孚医疗,2022-06-13,
csi1000,SZ301089,拓新药业,2022-06-13,2024-12-16
csi1000,SZ301090,华润材料,2022-06-13,2025-12-15
csi1000,SZ301091,深城交,2025-06-16,
csi1000,SZ301095,广立微,2023-06-12,
csi1000,SZ301101,明月镜片,2026-01-12,
csi1000,SZ301109,军信股份,2025-06-16,
csi1000,SZ301127,武汉天源,2025-12-15,
csi1000,SZ301153,中科江南,2023-12-11,
csi1000,SZ301155,海力风电,2022-06-13,
csi1000,SZ301165,锐捷网络,2023-06-12,2024-06-17
csi1000,SZ301171,易点天下,2023-06-12,
csi1000,SZ301175,中科环保,2022-12-12,
csi1000,SZ301177,迪阿股份,2022-06-13,
csi1000,SZ301180,万祥科技,2022-06-13,2025-06-16
csi1000,SZ301196,唯科科技,2026-06-15,
csi1000,SZ301200,大族数控,2022-12-12,2024-06-17
csi1000,SZ301205,联特科技,2023-12-11,
csi1000,SZ301206,三元生物,2022-12-12,2023-12-11
csi1000,SZ301207,华兰疫苗,2022-12-12,
csi1000,SZ301215,中汽股份,2025-05-12,
csi1000,SZ301216,万凯新材,2022-12-12,2025-06-16
csi1000,SZ301216,万凯新材,2026-06-15,
csi1000,SZ301217,铜冠铜箔,2022-06-13,
csi1000,SZ301219,腾远钴业,2022-12-12,
csi1000,SZ301225,恒勃股份,2026-06-15,
csi1000,SZ301236,软通动力,2022-12-12,2023-12-11
csi1000,SZ301238,瑞泰新材,2022-12-12,
csi1000,SZ301239,普瑞眼科,2023-06-12,2025-12-15
csi1000,SZ301246,宏源药业,2023-12-11,2025-06-16
csi1000,SZ301262,海看股份,2023-12-11,
csi1000,SZ301263,泰恩康,2025-12-15,
csi1000,SZ301267,华厦眼科,2023-06-12,2024-06-17
csi1000,SZ301267,华厦眼科,2025-12-15,
csi1000,SZ301268,铭利达,2022-12-12,
csi1000,SZ301275,汉朔科技,2025-12-15,
csi1000,SZ301286,侨源股份,2023-12-11,2024-06-17
csi1000,SZ301291,明阳电气,2023-12-11,
csi1000,SZ301293,三博脑科,2023-12-11,
csi1000,SZ301297,富乐德,2024-12-16,
csi1000,SZ301301,川宁生物,2023-06-12,2024-12-16
csi1000,SZ301308,江波龙,2023-06-12,2024-12-16
csi1000,SZ301316,慧博云通,2023-06-12,
csi1000,SZ301325,曼恩斯特,2023-12-11,2026-06-15
csi1000,SZ301327,华宝新能,2023-06-12,
csi1000,SZ301339,通行宝,2024-06-17,
csi1000,SZ301345,涛涛车业,2025-12-15,
csi1000,SZ301348,蓝箭电子,2024-06-17,2025-06-16
csi1000,SZ301358,湖南裕能,2023-12-11,2024-06-17
csi1000,SZ301363,美好医疗,2023-06-12,
csi1000,SZ301367,瑞迈特,2023-06-12,2025-06-16
csi1000,SZ301371,敷尔佳,2024-06-17,
csi1000,SZ301376,致欧科技,2023-12-11,2026-06-15
csi1000,SZ301377,鼎泰高科,2025-05-12,2026-06-15
csi1000,SZ301381,赛维时代,2023-12-11,
csi1000,SZ301389,隆扬电子,2026-06-15,
csi1000,SZ301392,汇成真空,2025-12-15,
csi1000,SZ301396,宏景科技,2026-06-15,
csi1000,SZ301413,安培龙,2026-06-15,
csi1000,SZ301421,波长光电,2026-06-15,
csi1000,SZ301458,钧崴电子,2025-06-16,
csi1000,SZ301487,盟固利,2024-06-17,
csi1000,SZ301488,豪恩汽电,2026-06-15,
csi1000,SZ301489,思泉新材,2026-06-15,
csi1000,SZ301498,乖宝宠物,2024-06-17,2024-12-16
csi1000,SZ301500,飞南资源,2024-09-18,
csi1000,SZ301508,中机认检,2024-12-16,2026-06-15
csi1000,SZ301510,固高科技,2024-06-17,
csi1000,SZ301511,德福科技,2024-06-17,
csi1000,SZ301522,上大股份,2025-06-16,
csi1000,SZ301526,国际复材,2024-06-17,2026-06-15
csi1000,SZ301536,星宸科技,2024-12-16,2025-06-16
csi1000,SZ301550,斯菱智驱,2025-12-15,
csi1000,SZ301551,无线传媒,2025-06-16,
csi1000,SZ301556,托普云农,2025-06-16,
csi1000,SZ301558,三态股份,2024-06-17,2025-12-15
csi1000,SZ301559,中集环科,2024-06-17,2025-06-16
csi1000,SZ301563,云汉芯城,2026-06-15,
csi1000,SZ301565,中仑新材,2024-12-16,
csi1000,SZ301571,国科天成,2025-06-16,
csi1000,SZ301584,建发致新,2026-06-15,
csi1000,SZ301589,诺瓦星云,2024-12-16,
csi1000,SZ301592,六九一二,2025-06-16,
csi1000,SZ301600,慧翰股份,2025-06-16,
csi1000,SZ301602,超研股份,2025-06-16,
csi1000,SZ301606,绿联科技,2024-12-16,2026-06-15
csi1000,SZ301611,珂玛科技,2025-06-16,2025-12-15
csi1000,SZ301622,英思特,2025-06-16,
csi1000,SZ301626,苏州天脉,2025-06-16,
csi1000,SZ301631,壹连科技,2025-06-16,
csi1000,SZ301632,广东建科,2026-06-15,
csi1000,SZ301658,首航新能,2025-12-15,
csi1000,SZ301662,宏工科技,2026-06-15,
csi1000,SZ301665,泰禾股份,2025-12-15,
csi1000,SZ301678,新恒汇,2025-12-15,
csi300,SH600000,浦发银行,2020-01-02,
csi300,SH600004,白云机场,2020-01-02,2021-06-15
csi300,SH600009,上海机场,2020-01-02,
csi300,SH600010,包钢股份,2020-01-02,
csi300,SH600011,华能国际,2020-01-02,
csi300,SH600015,华夏银行,2020-01-02,
csi300,SH600016,民生银行,2020-01-02,
csi300,SH600018,上港集团,2020-01-02,
csi300,SH600019,宝钢股份,2020-01-02,
csi300,SH600023,浙能电力,2020-01-02,2020-06-15
csi300,SH600023,浙能电力,2023-12-11,
csi300,SH600025,华能水电,2020-01-02,
csi300,SH600026,中远海能,2024-06-17,
csi300,SH600027,华电国际,2020-01-02,2021-06-15
csi300,SH600027,华电国际,2024-06-17,
csi300,SH600028,中国石化,2020-01-02,
csi300,SH600029,南方航空,2020-01-02,
csi300,SH600030,中信证券,2020-01-02,
csi300,SH600031,三一重工,2020-01-02,
csi300,SH600036,招商银行,2020-01-02,
csi300,SH600038,中直股份,2020-01-02,2020-12-14
csi300,SH600039,四川路桥,2022-12-12,
csi300,SH600048,保利发展,2020-01-02,
csi300,SH600050,中国联通,2020-01-02,
csi300,SH600061,国投资本,2020-01-02,
csi300,SH600066,宇通客车,2020-01-02,2021-06-15
csi300,SH600066,宇通客车,2024-12-16,
csi300,SH600068,葛洲坝,2020-01-02,2021-06-15
csi300,SH600079,ST人福,2021-06-15,2022-06-13
csi300,SH600085,同仁堂,2020-01-02,
csi300,SH600089,特变电工,2020-01-02,2020-12-14
csi300,SH600089,特变电工,2022-06-13,
csi300,SH600100,同方股份,2020-01-02,2020-06-15
csi300,SH600104,上汽集团,2020-01-02,
csi300,SH600109,国金证券,2020-01-02,2022-06-13
csi300,SH600111,北方稀土,2020-01-02,
csi300,SH600115,中国东航,2020-01-02,
csi300,SH600118,中国卫星,2020-01-02,2021-12-13
csi300,SH600118,中国卫星,2026-06-15,
csi300,SH600132,重庆啤酒,2021-06-15,2024-12-16
csi300,SH600143,金发科技,2021-06-15,2022-06-13
csi300,SH600150,中国船舶,2020-12-14,
csi300,SH600153,建发股份,2020-01-02,2020-06-15
csi300,SH600160,巨化股份,2024-12-16,
csi300,SH600161,天坛生物,2020-12-14,2022-12-12
csi300,SH600161,天坛生物,2024-06-17,2026-06-15
csi300,SH600170,上海建工,2020-01-02,2020-12-14
csi300,SH600176,中国巨石,2020-01-02,
csi300,SH600177,雅戈尔,2020-01-02,2021-06-15
csi300,SH600183,生益科技,2020-01-02,
csi300,SH600188,兖矿能源,2020-01-02,2020-12-14
csi300,SH600188,兖矿能源,2022-06-13,
csi300,SH600196,复星医药,2020-01-02,
csi300,SH600208,衢州发展,2020-01-02,2021-06-15
csi300,SH600219,南山铝业,2020-01-02,2020-12-14
csi300,SH600219,南山铝业,2022-06-13,
csi300,SH600221,海航控股,2020-01-02,2020-12-14
csi300,SH600221,海航控股,2026-06-15,
csi300,SH600233,圆通速递,2020-01-02,2021-12-13
csi300,SH600233,圆通速递,2022-12-12,
csi300,SH600271,航天信息,2020-01-02,2021-06-15
csi300,SH600276,恒瑞医药,2020-01-02,
csi300,SH600297,广汇汽车,2020-01-02,2021-06-15
csi300,SH600299,安迪苏,2020-01-02,2021-12-13
csi300,SH600309,万华化学,2020-01-02,
csi300,SH600332,白云山,2020-01-02,2025-12-15
csi300,SH600340,*ST华幸,2020-01-02,2021-12-13
csi300,SH600346,恒力石化,2020-01-02,
csi300,SH600352,浙江龙盛,2020-01-02,2022-12-12
csi300,SH600362,江西铜业,2020-01-02,
csi300,SH600369,西南证券,2020-01-02,2021-06-15
csi300,SH600372,中航机载,2020-01-02,2020-12-14
csi300,SH600372,中航机载,2023-12-11,
csi300,SH600377,宁沪高速,2024-12-16,2026-06-15
csi300,SH600383,金地集团,2020-01-02,2023-12-11
csi300,SH600390,五矿资本,2020-01-02,2021-06-15
csi300,SH600398,海澜之家,2020-01-02,2020-12-14
csi300,SH600406,国电南瑞,2020-01-02,
csi300,SH600415,小商品城,2024-06-17,
csi300,SH600426,华鲁恒升,2021-06-15,
csi300,SH600436,片仔癀,2020-01-02,
csi300,SH600438,通威股份,2020-01-02,
csi300,SH600460,士兰微,2022-06-13,
csi300,SH600482,中国动力,2020-01-02,2021-12-13
csi300,SH600482,中国动力,2024-12-16,
csi300,SH600487,亨通光电,2020-01-02,2021-06-15
csi300,SH600489,中金黄金,2020-01-02,2022-12-12
csi300,SH600489,中金黄金,2023-12-11,
csi300,SH600498,烽火通信,2020-01-02,2021-06-15
csi300,SH600515,海南机场,2023-12-11,
csi300,SH600516,方大炭素,2020-01-02,2020-12-14
csi300,SH600519,贵州茅台,2020-01-02,
csi300,SH600521,华海药业,2021-06-15,2021-12-13
csi300,SH600522,中天科技,2020-01-02,2021-12-13
csi300,SH600522,中天科技,2025-12-15,
csi300,SH600535,天士力,2020-01-02,2020-06-15
csi300,SH600547,山东黄金,2020-01-02,
csi300,SH600549,厦门钨业,2026-06-15,
csi300,SH600566,济川药业,2020-01-02,2020-06-15
csi300,SH600570,恒生电子,2020-01-02,
csi300,SH600583,海油工程,2020-01-02,2020-12-14
csi300,SH600584,长电科技,2020-12-14,
csi300,SH600585,海螺水泥,2020-01-02,
csi300,SH600588,用友网络,2020-01-02,
csi300,SH600600,青岛啤酒,2020-12-14,
csi300,SH600606,绿地控股,2020-01-02,2024-06-17
csi300,SH600637,东方明珠,2020-01-02,2021-06-15
csi300,SH600655,豫园股份,2020-01-02,2022-12-12
csi300,SH600660,福耀玻璃,2020-01-02,
csi300,SH600663,陆家嘴,2020-01-02,2020-06-15
csi300,SH600674,川投能源,2020-01-02,2020-12-14
csi300,SH600674,川投能源,2022-12-12,
csi300,SH600690,海尔智家,2020-01-02,
csi300,SH600703,三安光电,2020-01-02,2021-12-13
csi300,SH600705,中航产融,2020-01-02,2021-12-13
csi300,SH600732,爱旭股份,2023-06-12,2024-12-16
csi300,SH600733,北汽蓝谷,2020-01-02,2020-06-15
csi300,SH600741,华域汽车,2020-01-02,
csi300,SH600745,*ST闻泰,2020-06-15,2025-06-16
csi300,SH600754,锦江酒店,2023-06-12,2024-06-17
csi300,SH600760,中航沈飞,2020-01-02,
csi300,SH600763,通策医疗,2020-12-14,2023-12-11
csi300,SH600795,国电电力,2020-01-02,
csi300,SH600803,新奥股份,2022-12-12,
csi300,SH600809,山西汾酒,2020-01-02,
csi300,SH600816,建元信托,2020-01-02,2020-06-15
csi300,SH600837,海通证券,2020-01-02,2025-03-04
csi300,SH600845,宝信软件,2020-12-14,
csi300,SH600848,上海临港,2020-01-02,2022-06-13
csi300,SH600867,通化东宝,2020-01-02,2020-12-14
csi300,SH600872,中炬高新,2020-12-14,2022-06-13
csi300,SH600875,东方电气,2023-06-12,
csi300,SH600884,杉杉股份,2022-12-12,2023-12-11
csi300,SH600886,国投电力,2020-01-02,
csi300,SH600887,伊利股份,2020-01-02,
csi300,SH600893,航发动力,2020-01-02,
csi300,SH600900,长江电力,2020-01-02,
csi300,SH600905,三峡能源,2021-12-13,
csi300,SH600918,中泰证券,2020-12-14,
csi300,SH600919,江苏银行,2020-01-02,
csi300,SH600926,杭州银行,2020-01-02,
csi300,SH600928,西安银行,2020-01-02,2020-12-14
csi300,SH600930,华电新能,2025-12-15,
csi300,SH600938,中国海油,2023-12-11,
csi300,SH600941,中国移动,2022-06-13,
csi300,SH600958,东方证券,2020-01-02,
csi300,SH600968,海油发展,2020-01-02,2020-12-14
csi300,SH600977,中国电影,2020-01-02,2020-12-14
csi300,SH600989,宝丰能源,2020-01-02,
csi300,SH600998,九州通,2020-01-02,2021-06-15
csi300,SH600999,招商证券,2020-01-02,
csi300,SH601006,大秦铁路,2020-01-02,
csi300,SH601009,南京银行,2020-01-02,
csi300,SH601012,隆基绿能,2020-01-02,
csi300,SH601018,宁波港,2020-01-02,2020-12-14
csi300,SH601018,宁波港,2025-12-15,
csi300,SH601021,春秋航空,2020-01-02,
csi300,SH601058,赛轮轮胎,2025-03-04,
csi300,SH601059,信达证券,2023-12-11,
csi300,SH601066,中信建投,2020-01-02,
csi300,SH601077,渝农商行,2020-06-15,2021-12-13
csi300,SH601077,渝农商行,2025-06-16,
csi300,SH601088,中国神华,2020-01-02,
csi300,SH601100,恒立液压,2020-06-15,
csi300,SH601108,财通证券,2020-01-02,2022-06-13
csi300,SH601111,中国国航,2020-01-02,
csi300,SH601117,中国化学,2020-01-02,2021-06-15
csi300,SH601117,中国化学,2022-06-13,
csi300,SH601127,赛力斯,2024-12-16,
csi300,SH601136,首创证券,2024-12-16,
csi300,SH601138,工业富联,2020-01-02,
csi300,SH601155,新城控股,2020-01-02,2024-06-17
csi300,SH601162,天风证券,2020-01-02,2022-06-13
csi300,SH601166,兴业银行,2020-01-02,
csi300,SH601169,北京银行,2020-01-02,
csi300,SH601186,中国铁建,2020-01-02,
csi300,SH601198,东兴证券,2020-01-02,2021-06-15
csi300,SH601211,国泰海通,2020-01-02,
csi300,SH601212,白银有色,2020-01-02,2020-12-14
csi300,SH601216,君正集团,2020-01-02,2023-12-11
csi300,SH601225,陕西煤业,2020-01-02,
csi300,SH601229,上海银行,2020-01-02,
csi300,SH601231,环旭电子,2020-06-15,2022-06-13
csi300,SH601236,红塔证券,2020-01-02,2026-06-15
csi300,SH601238,广汽集团,2020-01-02,
csi300,SH601288,农业银行,2020-01-02,
csi300,SH601298,青岛港,2020-01-02,2020-12-14
csi300,SH601298,青岛港,2025-09-05,2026-06-15
csi300,SH601318,中国平安,2020-01-02,
csi300,SH601319,中国人保,2020-01-02,
csi300,SH601328,交通银行,2020-01-02,
csi300,SH601336,新华保险,2020-01-02,
csi300,SH601360,三六零,2020-01-02,
csi300,SH601377,兴业证券,2020-01-02,
csi300,SH601390,中国中铁,2020-01-02,
csi300,SH601398,工商银行,2020-01-02,
csi300,SH601456,国联民生,2025-12-15,
csi300,SH601555,东吴证券,2020-01-02,2021-12-13
csi300,SH601577,长沙银行,2020-01-02,2021-06-15
csi300,SH601600,中国铝业,2020-01-02,
csi300,SH601601,中国太保,2020-01-02,
csi300,SH601607,上海医药,2020-01-02,2022-06-13
csi300,SH601607,上海医药,2023-06-12,
csi300,SH601615,明阳智能,2022-12-12,2024-06-17
csi300,SH601618,中国中冶,2020-01-02,
csi300,SH601628,中国人寿,2020-01-02,
csi300,SH601633,长城汽车,2020-01-02,
csi300,SH601658,邮储银行,2020-06-15,
csi300,SH601668,中国建筑,2020-01-02,
csi300,SH601669,中国电建,2020-01-02,
csi300,SH601688,华泰证券,2020-01-02,
csi300,SH601689,拓普集团,2022-12-12,
csi300,SH601696,中银证券,2020-12-14,2022-06-13
csi300,SH601698,中国卫通,2020-01-02,
csi300,SH601699,潞安环能,2023-06-12,2025-12-15
csi300,SH601727,上海电气,2020-01-02,2021-12-13
csi300,SH601727,上海电气,2026-06-15,
csi300,SH601728,中国电信,2021-12-13,
csi300,SH601766,中国中车,2020-01-02,
csi300,SH601788,光大证券,2020-01-02,
csi300,SH601799,星宇股份,2021-06-15,2025-12-15
csi300,SH601800,中国交建,2020-01-02,
csi300,SH601808,中海油服,2020-01-02,2026-06-15
csi300,SH601816,京沪高铁,2020-06-15,
csi300,SH601818,光大银行,2020-01-02,
csi300,SH601825,沪农商行,2022-06-13,2022-12-12
csi300,SH601825,沪农商行,2025-06-16,
csi300,SH601828,美凯龙,2020-01-02,2020-12-14
csi300,SH601838,成都银行,2020-01-02,
csi300,SH601857,中国石油,2020-01-02,
csi300,SH601865,福莱特,2021-12-13,2025-12-15
csi300,SH601868,中国能建,2021-12-13,
csi300,SH601872,招商轮船,2020-12-14,2021-12-13
csi300,SH601872,招商轮船,2023-06-12,
csi300,SH601877,正泰电器,2020-01-02,
csi300,SH601878,浙商证券,2020-01-02,
csi300,SH601881,中国银河,2020-01-02,
csi300,SH601888,中国中免,2020-01-02,
csi300,SH601898,中煤能源,2020-01-02,2020-12-14
csi300,SH601898,中煤能源,2021-12-13,
csi300,SH601899,紫金矿业,2020-01-02,
csi300,SH601901,方正证券,2020-01-02,
csi300,SH601916,浙商银行,2020-06-15,2022-12-12
csi300,SH601916,浙商银行,2023-12-11,
csi300,SH601919,中远海控,2020-01-02,
csi300,SH601933,永辉超市,2020-01-02,2022-06-13
csi300,SH601939,建设银行,2020-01-02,
csi300,SH601966,玲珑轮胎,2021-12-13,2023-06-12
csi300,SH601985,中国核电,2020-01-02,
csi300,SH601988,中国银行,2020-01-02,
csi300,SH601989,中国重工,2020-01-02,2025-09-05
csi300,SH601990,南京证券,2020-12-14,2022-06-13
csi300,SH601992,金隅集团,2020-01-02,2020-12-14
csi300,SH601995,中金公司,2021-06-15,
csi300,SH601997,贵阳银行,2020-01-02,2020-12-14
csi300,SH601998,中信银行,2020-01-02,
csi300,SH603019,中科曙光,2020-01-02,
csi300,SH603087,甘李药业,2020-12-14,2022-12-12
csi300,SH603156,养元饮品,2020-01-02,2021-06-15
csi300,SH603160,汇顶科技,2020-01-02,2022-12-12
csi300,SH603185,弘元绿能,2022-06-13,2023-12-11
csi300,SH603195,公牛集团,2020-12-14,2026-06-15
csi300,SH603233,大参林,2021-06-15,2022-06-13
csi300,SH603259,药明康德,2020-01-02,
csi300,SH603260,合盛硅业,2020-01-02,2020-12-14
csi300,SH603260,合盛硅业,2021-12-13,
csi300,SH603288,海天味业,2020-01-02,
csi300,SH603290,斯达半导,2022-06-13,2024-06-17
csi300,SH603296,华勤技术,2024-06-17,
csi300,SH603338,浙江鼎力,2021-06-15,2022-06-13
csi300,SH603369,今世缘,2020-06-15,
csi300,SH603392,万泰生物,2020-12-14,
csi300,SH603486,科沃斯,2021-12-13,2024-06-17
csi300,SH603501,豪威集团,2020-01-02,
csi300,SH603517,ST绝味,2021-06-15,2022-06-13
csi300,SH603658,安图生物,2020-06-15,2022-06-13
csi300,SH603659,璞泰来,2021-06-15,2025-06-16
csi300,SH603799,华友钴业,2020-01-02,
csi300,SH603806,福斯特,2021-06-15,2025-12-15
csi300,SH603833,欧派家居,2020-01-02,2025-12-15
csi300,SH603882,金域医学,2021-06-15,2023-06-12
csi300,SH603893,瑞芯微,2025-12-15,
csi300,SH603899,晨光股份,2020-01-02,2024-12-16
csi300,SH603939,益丰药房,2021-06-15,2022-06-13
csi300,SH603986,兆易创新,2020-01-02,
csi300,SH603993,洛阳钼业,2020-01-02,
csi300,SH605117,德业股份,2022-12-12,
csi300,SH605499,东鹏饮料,2021-12-13,
csi300,SH688005,容百科技,2022-06-13,2023-12-11
csi300,SH688008,澜起科技,2020-12-14,
csi300,SH688009,中国通号,2020-12-14,2022-06-13
csi300,SH688009,中国通号,2024-06-17,
csi300,SH688012,中微公司,2020-12-14,
csi300,SH688036,传音控股,2020-12-14,
csi300,SH688041,海光信息,2023-12-11,
csi300,SH688047,龙芯中科,2025-06-16,
csi300,SH688065,凯赛生物,2022-06-13,2024-06-17
csi300,SH688072,拓荆科技,2026-06-15,
csi300,SH688082,盛美上海,2024-06-17,
csi300,SH688111,金山办公,2021-06-15,
csi300,SH688126,沪硅产业,2021-06-15,
csi300,SH688169,石头科技,2021-06-15,2023-06-12
csi300,SH688169,石头科技,2024-12-16,2026-06-15
csi300,SH688183,生益电子,2026-06-15,
csi300,SH688187,时代电气,2022-12-12,2026-06-15
csi300,SH688223,晶科能源,2023-06-12,
csi300,SH688256,寒武纪,2023-12-11,
csi300,SH688271,联影医疗,2023-12-11,
csi300,SH688303,大全能源,2022-12-12,
csi300,SH688363,华熙生物,2021-06-15,2024-12-16
csi300,SH688396,华润微,2021-06-15,
csi300,SH688472,阿特斯,2024-12-16,
csi300,SH688506,百利天恒,2024-12-16,
csi300,SH688521,芯原股份,2026-06-15,
csi300,SH688561,奇安信,2021-12-13,2024-06-17
csi300,SH688599,天合光能,2021-12-13,2025-12-15
csi300,SH688981,中芯国际,2021-12-13,
csi300,SZ000001,平安银行,2020-01-02,
csi300,SZ000002,万科A,2020-01-02,
csi300,SZ000063,中兴通讯,2020-01-02,
csi300,SZ000066,中国长城,2020-06-15,2022-12-12
csi300,SZ000069,华侨城A,2020-01-02,2024-06-17
csi300,SZ000100,TCL科技,2020-01-02,
csi300,SZ000157,中联重科,2020-01-02,
csi300,SZ000166,申万宏源,2020-01-02,
csi300,SZ000301,东方盛虹,2021-12-13,
csi300,SZ000333,美的集团,2020-01-02,
csi300,SZ000338,潍柴动力,2020-01-02,
csi300,SZ000408,藏格矿业,2022-06-13,
csi300,SZ000413,ST旭电,2020-01-02,2020-06-15
csi300,SZ000415,渤海租赁,2020-01-02,2020-06-15
csi300,SZ000423,东阿阿胶,2020-01-02,2020-06-15
csi300,SZ000425,徐工机械,2020-01-02,
csi300,SZ000538,云南白药,2020-01-02,
csi300,SZ000568,泸州老窖,2020-01-02,
csi300,SZ000596,古井贡酒,2020-01-02,
csi300,SZ000617,中油资本,2023-06-12,
csi300,SZ000625,长安汽车,2020-01-02,
csi300,SZ000627,*ST天茂,2020-01-02,2021-06-15
csi300,SZ000629,钒钛股份,2020-01-02,2020-06-15
csi300,SZ000630,铜陵有色,2020-01-02,2020-06-15
csi300,SZ000630,铜陵有色,2024-12-16,
csi300,SZ000651,格力电器,2020-01-02,
csi300,SZ000656,金科股份,2020-01-02,2021-12-13
csi300,SZ000657,中钨高新,2026-06-15,
csi300,SZ000661,长春高新,2020-01-02,2026-06-15
csi300,SZ000671,ST阳光城,2020-01-02,2021-06-15
csi300,SZ000703,恒逸石化,2020-01-02,2022-12-12
csi300,SZ000708,中信特钢,2020-06-15,
csi300,SZ000709,河钢股份,2020-01-02,2020-12-14
csi300,SZ000723,美锦能源,2020-01-02,2021-06-15
csi300,SZ000723,美锦能源,2022-12-12,2023-12-11
csi300,SZ000725,京东方A,2020-01-02,
csi300,SZ000728,国元证券,2020-01-02,2021-12-13
csi300,SZ000733,振华科技,2022-12-12,2024-12-16
csi300,SZ000768,中航西飞,2020-01-02,
csi300,SZ000776,广发证券,2020-01-02,
csi300,SZ000783,长江证券,2020-01-02,2022-06-13
csi300,SZ000786,北新建材,2020-01-02,2026-06-15
csi300,SZ000792,盐湖股份,2022-06-13,
csi300,SZ000800,一汽解放,2021-06-15,2025-12-15
csi300,SZ000807,云铝股份,2024-06-17,
csi300,SZ000858,五粮液,2020-01-02,
csi300,SZ000860,顺鑫农业,2020-06-15,2021-12-13
csi300,SZ000876,新希望,2020-01-02,2026-06-15
csi300,SZ000877,天山股份,2022-06-13,2024-06-17
csi300,SZ000895,双汇发展,2020-01-02,
csi300,SZ000898,鞍钢股份,2020-01-02,2020-06-15
csi300,SZ000938,紫光股份,2020-01-02,
csi300,SZ000961,ST中南,2020-01-02,2021-06-15
csi300,SZ000963,华东医药,2020-01-02,
csi300,SZ000975,山金国际,2024-12-16,
csi300,SZ000977,浪潮信息,2020-06-15,
csi300,SZ000983,山西焦煤,2023-06-12,2026-06-15
csi300,SZ000988,华工科技,2026-06-15,
csi300,SZ000999,华润三九,2023-12-11,
csi300,SZ001280,中国铀业,2026-06-15,
csi300,SZ001289,龙源电力,2022-06-13,2025-12-15
csi300,SZ001391,国货航,2025-06-16,
csi300,SZ001965,招商公路,2024-06-17,
csi300,SZ001979,招商蛇口,2020-01-02,
csi300,SZ002001,新和成,2020-01-02,
csi300,SZ002007,华兰生物,2020-01-02,2025-06-16
csi300,SZ002008,大族激光,2020-01-02,2023-06-12
csi300,SZ002010,传化智联,2020-01-02,2020-06-15
csi300,SZ002024,ST易购,2020-01-02,2022-06-13
csi300,SZ002027,分众传媒,2020-01-02,
csi300,SZ002028,思源电气,2024-12-16,
csi300,SZ002032,苏泊尔,2020-01-02,2023-06-12
csi300,SZ002044,美年健康,2020-01-02,2022-06-13
csi300,SZ002049,紫光国微,2020-12-14,
csi300,SZ002050,三花智控,2020-01-02,
csi300,SZ002064,华峰化学,2021-12-13,2023-12-11
csi300,SZ002074,国轩高科,2022-06-13,
csi300,SZ002081,金螳螂,2020-01-02,2020-06-15
csi300,SZ002120,韵达股份,2020-01-02,2023-12-11
csi300,SZ002129,TCL中环,2020-06-15,2025-12-15
csi300,SZ002142,宁波银行,2020-01-02,
csi300,SZ002146,荣盛发展,2020-01-02,2021-06-15
csi300,SZ002153,石基信息,2020-01-02,2021-12-13
csi300,SZ002157,正邦科技,2020-06-15,2022-06-13
csi300,SZ002179,中航光电,2020-01-02,
csi300,SZ002180,奔图科技,2022-12-12,2025-12-15
csi300,SZ002202,金风科技,2020-01-02,2024-06-17
csi300,SZ002202,金风科技,2026-06-15,
csi300,SZ002230,科大讯飞,2020-01-02,
csi300,SZ002236,大华股份,2020-01-02,
csi300,SZ002241,歌尔股份,2020-01-02,
csi300,SZ002252,上海莱士,2020-01-02,2026-06-15
csi300,SZ002271,东方雨虹,2020-01-02,2025-06-16
csi300,SZ002294,信立泰,2020-01-02,2020-06-15
csi300,SZ002304,洋河股份,2020-01-02,
csi300,SZ002311,海大集团,2020-01-02,
csi300,SZ002352,顺丰控股,2020-01-02,
csi300,SZ002353,杰瑞股份,2026-06-15,
csi300,SZ002371,北方华创,2020-06-15,
csi300,SZ002384,东山精密,2020-12-14,2021-12-13
csi300,SZ002384,东山精密,2025-12-15,
csi300,SZ002410,广联达,2020-01-02,2024-12-16
csi300,SZ002411,必康退,2020-01-02,2020-06-15
csi300,SZ002414,高德红外,2020-12-14,2023-12-11
csi300,SZ002415,海康威视,2020-01-02,
csi300,SZ002422,科伦药业,2020-01-02,2021-06-15
csi300,SZ002422,科伦药业,2024-12-16,
csi300,SZ002456,欧菲光,2020-01-02,2021-12-13
csi300,SZ002459,晶澳科技,2021-12-13,2026-06-15
csi300,SZ002460,赣锋锂业,2020-01-02,
csi300,SZ002463,沪电股份,2020-06-15,2021-12-13
csi300,SZ002463,沪电股份,2024-12-16,
csi300,SZ002466,天齐锂业,2020-01-02,2020-12-14
csi300,SZ002466,天齐锂业,2021-12-13,
csi300,SZ002468,申通快递,2020-01-02,2020-12-14
csi300,SZ002475,立讯精密,2020-01-02,
csi300,SZ002493,荣盛石化,2020-01-02,
csi300,SZ002508,老板电器,2020-01-02,2021-12-13
csi300,SZ002532,天山铝业,2026-06-15,
csi300,SZ002555,三七互娱,2020-01-02,2025-06-16
csi300,SZ002558,巨人网络,2020-01-02,2021-12-13
csi300,SZ002558,巨人网络,2026-06-15,
csi300,SZ002568,百润股份,2021-12-13,2022-12-12
csi300,SZ002594,比亚迪,2020-01-02,
csi300,SZ002600,领益智造,2020-12-14,2023-06-12
csi300,SZ002600,领益智造,2025-06-16,
csi300,SZ002601,龙佰集团,2020-01-02,2026-06-15
csi300,SZ002602,世纪华通,2020-01-02,2023-06-12
csi300,SZ002602,世纪华通,2026-06-15,
csi300,SZ002603,以岭药业,2023-12-11,2024-12-16
csi300,SZ002607,中公教育,2020-01-02,2022-12-12
csi300,SZ002624,完美世界,2020-01-02,2022-06-13
csi300,SZ002625,光启技术,2025-12-15,
csi300,SZ002648,卫星化学,2022-06-13,
csi300,SZ002673,西部证券,2020-01-02,2021-12-13
csi300,SZ002709,天赐材料,2021-12-13,
csi300,SZ002714,牧原股份,2020-01-02,
csi300,SZ002736,国信证券,2020-01-02,
csi300,SZ002739,儒意电影,2020-01-02,2021-12-13
csi300,SZ002756,永兴材料,2022-12-12,2023-12-11
csi300,SZ002773,康弘药业,2020-01-02,2021-12-13
csi300,SZ002791,坚朗五金,2021-12-13,2022-12-12
csi300,SZ002812,恩捷股份,2020-12-14,2025-06-16
csi300,SZ002821,凯莱英,2020-12-14,2024-12-16
csi300,SZ002837,英维克,2026-06-15,
csi300,SZ002841,视源股份,2020-01-02,2024-12-16
csi300,SZ002916,深南电路,2020-01-02,
csi300,SZ002920,德赛西威,2022-06-13,
csi300,SZ002938,鹏鼎控股,2020-01-02,
csi300,SZ002939,长城证券,2020-01-02,2021-12-13
csi300,SZ002945,华林证券,2020-01-02,2021-12-13
csi300,SZ002958,青农商行,2020-01-02,2021-06-15
csi300,SZ003816,中国广核,2020-06-15,
csi300,SZ300003,乐普医疗,2020-01-02,2022-12-12
csi300,SZ300014,亿纬锂能,2020-06-15,
csi300,SZ300015,爱尔眼科,2020-01-02,
csi300,SZ300017,网宿科技,2020-01-02,2020-06-15
csi300,SZ300024,机器人,2020-01-02,2020-06-15
csi300,SZ300033,同花顺,2020-01-02,
csi300,SZ300059,东方财富,2020-01-02,
csi300,SZ300070,碧水源,2020-01-02,2020-06-15
csi300,SZ300122,智飞生物,2020-01-02,
csi300,SZ300124,汇川技术,2020-01-02,
csi300,SZ300136,信维通信,2020-01-02,2021-12-13
csi300,SZ300142,沃森生物,2020-01-02,2024-12-16
csi300,SZ300144,宋城演艺,2020-01-02,2022-06-13
csi300,SZ300207,欣旺达,2022-06-13,2023-12-11
csi300,SZ300223,君正股份,2022-06-13,2024-12-16
csi300,SZ300251,光线传媒,2025-12-15,
csi300,SZ300274,阳光电源,2021-06-15,
csi300,SZ300308,中际旭创,2023-12-11,
csi300,SZ300316,晶盛机电,2021-12-13,
csi300,SZ300347,泰格医药,2020-01-02,2026-06-15
csi300,SZ300394,天孚通信,2024-12-16,
csi300,SZ300408,三环集团,2020-01-02,
csi300,SZ300413,芒果超媒,2020-01-02,
csi300,SZ300418,昆仑万维,2024-06-17,
csi300,SZ300433,蓝思科技,2020-01-02,
csi300,SZ300442,润泽科技,2024-06-17,
csi300,SZ300450,先导智能,2021-06-15,2025-06-16
csi300,SZ300450,先导智能,2026-06-15,
csi300,SZ300454,深信服,2022-06-13,2024-12-16
csi300,SZ300476,胜宏科技,2025-12-15,
csi300,SZ300496,中科创达,2022-06-13,2024-12-16
csi300,SZ300498,温氏股份,2020-01-02,
csi300,SZ300502,新易盛,2024-12-16,
csi300,SZ300529,健帆生物,2020-12-14,2023-06-12
csi300,SZ300558,贝达药业,2021-06-15,2022-06-13
csi300,SZ300595,欧普康视,2021-06-15,2023-06-12
csi300,SZ300601,康泰生物,2020-06-15,2023-12-11
csi300,SZ300628,亿联网络,2020-06-15,
csi300,SZ300661,圣邦股份,2022-06-13,
csi300,SZ300676,华大基因,2020-12-14,2022-06-13
csi300,SZ300677,英科医疗,2021-06-15,2022-06-13
csi300,SZ300750,宁德时代,2021-12-13,
csi300,SZ300751,迈为股份,2022-06-13,2024-12-16
csi300,SZ300759,康龙化成,2021-12-13,2026-06-15
csi300,SZ300760,迈瑞医疗,2021-12-13,
csi300,SZ300763,锦浪科技,2022-06-13,2024-06-17
csi300,SZ300769,德方纳米,2022-12-12,2023-12-11
csi300,SZ300782,卓胜微,2021-12-13,2026-06-15
csi300,SZ300803,指南针,2025-12-15,
csi300,SZ300832,新产业,2024-06-17,
csi300,SZ300866,安克创新,2021-12-13,2022-12-12
csi300,SZ300866,安克创新,2025-12-15,
csi300,SZ300888,稳健医疗,2021-12-13,2022-06-13
csi300,SZ300896,爱美客,2021-12-13,
csi300,SZ300919,中伟新材,2022-06-13,2024-12-16
csi300,SZ300957,贝泰妮,2022-06-13,2024-12-16
csi300,SZ300979,华利集团,2022-06-13,2026-06-15
csi300,SZ300999,金龙鱼,2021-12-13,
csi300,SZ301165,锐捷网络,2026-06-15,
csi300,SZ301236,软通动力,2025-06-16,
csi300,SZ301269,华大九天,2023-12-11,
csi300,SZ301308,江波龙,2026-06-15,
csi300,SZ302132,中航成飞,2025-06-16,
csi500,SH600004,白云机场,2023-12-11,
csi500,SH600006,东风股份,2020-01-02,2023-06-12
csi500,SH600007,中国国贸,2024-12-16,2026-06-15
csi500,SH600008,首创环保,2020-01-02,
csi500,SH600017,日照港,2020-01-02,2020-12-14
csi500,SH600021,上海电力,2020-01-02,
csi500,SH600022,山东钢铁,2020-01-02,2024-12-16
csi500,SH600026,中远海能,2020-01-02,2023-06-12
csi500,SH600027,华电国际,2021-06-15,2023-12-11
csi500,SH600032,浙江新能,2022-12-12,
csi500,SH600037,歌华有线,2020-01-02,2022-12-12
csi500,SH600038,中直股份,2020-12-14,
csi500,SH600039,四川路桥,2020-01-02,2022-12-12
csi500,SH600053,*ST九鼎,2020-01-02,2021-06-15
csi500,SH600056,中国医药,2020-01-02,2025-12-15
csi500,SH600058,五矿发展,2020-01-02,2020-12-14
csi500,SH600060,海信视像,2020-01-02,
csi500,SH600062,华润双鹤,2020-01-02,
csi500,SH600064,南京高科,2020-01-02,2023-06-12
csi500,SH600066,宇通客车,2021-06-15,2024-12-16
csi500,SH600068,葛洲坝,2021-06-15,2021-09-28
csi500,SH600073,光明肉业,2020-01-02,2021-06-15
csi500,SH600079,ST人福,2020-01-02,2021-06-15
csi500,SH600079,ST人福,2022-06-13,2026-01-12
csi500,SH600089,特变电工,2020-12-14,2021-12-13
csi500,SH600094,大名城,2020-01-02,2021-12-13
csi500,SH600095,湘财股份,2021-06-15,
csi500,SH600096,云天化,2022-06-13,2026-06-15
csi500,SH600098,广州发展,2020-01-02,2020-06-15
csi500,SH600098,广州发展,2024-06-17,
csi500,SH600100,同方股份,2026-06-15,
csi500,SH600105,永鼎股份,2026-06-15,
csi500,SH600109,国金证券,2022-06-13,
csi500,SH600118,中国卫星,2021-12-13,2026-06-15
csi500,SH600120,浙江东方,2020-01-02,2022-12-12
csi500,SH600125,铁龙物流,2020-01-02,2020-12-14
csi500,SH600126,杭钢股份,2020-01-02,
csi500,SH600129,太极集团,2023-12-11,2025-06-16
csi500,SH600131,国网信通,2020-12-14,
csi500,SH600132,重庆啤酒,2020-01-02,2021-06-15
csi500,SH600132,重庆啤酒,2024-12-16,
csi500,SH600138,中青旅,2020-01-02,2020-12-14
csi500,SH600141,兴发集团,2020-01-02,
csi500,SH600143,金发科技,2020-01-02,2021-06-15
csi500,SH600143,金发科技,2022-06-13,
csi500,SH600150,中国船舶,2020-01-02,2020-06-15
csi500,SH600153,建发股份,2020-06-15,
csi500,SH600155,华创云信,2020-01-02,2025-12-15
csi500,SH600157,永泰能源,2021-12-13,
csi500,SH600158,中体产业,2020-01-02,2022-06-13
csi500,SH600160,巨化股份,2020-01-02,2024-06-17
csi500,SH600161,天坛生物,2020-01-02,2020-12-14
csi500,SH600161,天坛生物,2022-12-12,2024-06-17
csi500,SH600161,天坛生物,2026-06-15,
csi500,SH600166,福田汽车,2020-01-02,
csi500,SH600167,联美控股,2020-01-02,2024-06-17
csi500,SH600170,上海建工,2020-12-14,
csi500,SH600171,上海贝岭,2020-01-02,2023-12-11
csi500,SH600171,上海贝岭,2025-06-16,
csi500,SH600177,雅戈尔,2021-06-15,
csi500,SH600188,兖矿能源,2020-12-14,2022-06-13
csi500,SH600195,中牧股份,2020-01-02,2023-12-11
csi500,SH600201,生物股份,2020-01-02,2023-06-12
csi500,SH600208,衢州发展,2021-06-15,
csi500,SH600216,浙江医药,2020-01-02,2023-06-12
csi500,SH600219,南山铝业,2020-12-14,2021-12-13
csi500,SH600233,圆通速递,2021-12-13,2022-12-12
csi500,SH600236,桂冠电力,2021-12-13,2022-12-12
csi500,SH600256,广汇能源,2020-01-02,2022-12-12
csi500,SH600256,广汇能源,2026-06-15,
csi500,SH600258,首旅酒店,2020-01-02,2025-12-15
csi500,SH600259,中稀有色,2020-01-02,2023-12-11
csi500,SH600260,*ST凯乐,2020-01-02,2021-09-13
csi500,SH600266,城建发展,2020-01-02,2022-06-13
csi500,SH600271,航天信息,2021-06-15,2025-12-15
csi500,SH600273,嘉化能源,2020-01-02,2021-06-15
csi500,SH600277,ST亿利,2020-01-02,2021-06-15
csi500,SH600282,南钢股份,2020-01-02,
csi500,SH600291,退市西水,2020-01-02,2021-06-15
csi500,SH600292,电投水电,2026-06-15,
csi500,SH600295,鄂尔多斯,2024-12-16,
csi500,SH600297,广汇汽车,2021-09-13,2023-12-11
csi500,SH600298,安琪酵母,2020-01-02,2020-12-14
csi500,SH600298,安琪酵母,2021-12-13,
csi500,SH600299,安迪苏,2021-12-13,
csi500,SH600307,酒钢宏兴,2020-01-02,2023-06-12
csi500,SH600312,平高电气,2020-01-02,2021-12-13
csi500,SH600312,平高电气,2024-12-16,
csi500,SH600315,上海家化,2020-01-02,2024-12-16
csi500,SH600316,洪都航空,2020-01-02,
csi500,SH600317,营口港,2020-01-02,2020-06-15
csi500,SH600325,华发股份,2020-01-02,2025-12-15
csi500,SH600329,达仁堂,2020-01-02,
csi500,SH600332,白云山,2025-12-15,
csi500,SH600335,国机汽车,2020-01-02,2020-12-14
csi500,SH600338,西藏珠峰,2020-01-02,2021-06-15
csi500,SH600339,中油工程,2020-01-02,
csi500,SH600348,华阳股份,2020-01-02,
csi500,SH600350,山东高速,2020-01-02,2025-06-16
csi500,SH600350,山东高速,2026-06-15,
csi500,SH600352,浙江龙盛,2022-12-12,
csi500,SH600361,创新新材,2024-06-17,2025-12-15
csi500,SH600363,联创光电,2025-06-16,
csi500,SH600369,西南证券,2021-06-15,
csi500,SH600372,中航机载,2020-12-14,2023-12-11
csi500,SH600373,中文传媒,2020-01-02,2025-12-15
csi500,SH600376,首开股份,2020-01-02,2023-06-12
csi500,SH600377,宁沪高速,2021-06-15,2024-12-16
csi500,SH600377,宁沪高速,2026-06-15,
csi500,SH600378,昊华科技,2022-12-12,
csi500,SH600380,健康元,2020-01-02,
csi500,SH600388,紫金龙净,2020-01-02,2021-12-13
csi500,SH600390,五矿资本,2021-06-15,
csi500,SH600392,盛和资源,2020-01-02,
csi500,SH600398,海澜之家,2020-12-14,
csi500,SH600399,抚顺特钢,2021-12-13,2024-12-16
csi500,SH600409,三友化工,2020-01-02,2023-12-11
csi500,SH600410,华胜天成,2020-01-02,2021-12-13
csi500,SH600415,小商品城,2020-01-02,2024-06-17
csi500,SH600416,湘电股份,2023-06-12,2025-06-16
csi500,SH600418,江淮汽车,2020-01-02,2025-06-16
csi500,SH600426,华鲁恒升,2020-01-02,2021-06-15
csi500,SH600428,中远海特,2020-01-02,2020-12-14
csi500,SH600435,北方导航,2020-01-02,
csi500,SH600446,金证股份,2020-01-02,2022-12-12
csi500,SH600460,士兰微,2020-01-02,2021-12-13
csi500,SH600466,*ST蓝光,2020-01-02,2022-06-13
csi500,SH600478,科力远,2020-01-02,2020-12-14
csi500,SH600481,双良节能,2023-06-12,2024-12-16
csi500,SH600482,中国动力,2021-12-13,2024-06-17
csi500,SH600483,福能股份,2024-06-17,
csi500,SH600486,扬农化工,2020-01-02,
csi500,SH600487,亨通光电,2021-06-15,2023-12-11
csi500,SH600487,亨通光电,2024-12-16,2026-06-15
csi500,SH600489,中金黄金,2022-12-12,2023-12-11
csi500,SH600497,驰宏锌锗,2020-01-02,
csi500,SH600498,烽火通信,2021-06-15,
csi500,SH600499,科达制造,2020-01-02,2020-06-15
csi500,SH600499,科达制造,2022-06-13,
csi500,SH600500,中化国际,2020-01-02,2025-06-16
csi500,SH600507,方大特钢,2020-01-02,2023-12-11
csi500,SH600511,国药股份,2020-01-02,
csi500,SH600515,海南机场,2020-01-02,2021-03-15
csi500,SH600516,方大炭素,2020-12-14,
csi500,SH600517,国网英大,2020-12-14,
csi500,SH600521,华海药业,2020-01-02,2020-12-14
csi500,SH600521,华海药业,2021-12-13,
csi500,SH600522,中天科技,2021-12-13,2022-12-12
csi500,SH600528,中铁工业,2020-01-02,2026-06-15
csi500,SH600529,山东药玻,2020-06-15,2025-12-15
csi500,SH600535,天士力,2020-06-15,
csi500,SH600536,中国软件,2020-01-02,2020-06-15
csi500,SH600536,中国软件,2021-06-15,
csi500,SH600545,卓郎智能,2020-01-02,2021-06-15
csi500,SH600546,山煤国际,2020-12-14,
csi500,SH600549,厦门钨业,2020-01-02,2026-06-15
csi500,SH600556,天下秀,2020-12-14,2023-12-11
csi500,SH600557,康缘药业,2020-01-02,2020-12-14
csi500,SH600562,国睿科技,2025-06-16,
csi500,SH600563,法拉电子,2020-01-02,
csi500,SH600565,ST迪马,2020-01-02,2020-12-14
csi500,SH600566,济川药业,2020-06-15,
csi500,SH600567,山鹰国际,2020-01-02,2023-06-12
csi500,SH600572,康恩贝,2020-01-02,2022-12-12
csi500,SH600575,淮河能源,2020-01-02,2021-06-15
csi500,SH600578,京能电力,2024-06-17,
csi500,SH600580,卧龙电驱,2020-01-02,2026-06-15
csi500,SH600582,天地科技,2020-01-02,
csi500,SH600583,海油工程,2023-12-11,
csi500,SH600584,长电科技,2020-01-02,2020-06-15
csi500,SH600595,中孚实业,2026-06-15,
csi500,SH600597,光明乳业,2020-01-02,2024-06-17
csi500,SH600598,北大荒,2020-01-02,
csi500,SH600601,方正科技,2025-12-15,
csi500,SH600602,云赛智联,2025-12-15,
csi500,SH600606,绿地控股,2024-12-16,
csi500,SH600612,老凤祥,2024-06-17,2025-12-15
csi500,SH600623,华谊集团,2020-01-02,2023-12-11
csi500,SH600633,浙数文化,2020-01-02,2021-12-13
csi500,SH600637,东方明珠,2021-06-15,
csi500,SH600639,浦东金桥,2020-01-02,2022-06-13
csi500,SH600640,国脉文化,2020-01-02,2021-12-13
csi500,SH600642,申能股份,2020-01-02,2025-06-16
csi500,SH600642,申能股份,2025-12-15,
csi500,SH600643,爱建集团,2020-01-02,2022-06-13
csi500,SH600645,中源协和,2020-01-02,2021-12-13
csi500,SH600648,外高桥,2020-01-02,2023-06-12
csi500,SH600649,城投控股,2020-01-02,2022-06-13
csi500,SH600655,豫园股份,2022-12-12,
csi500,SH600657,信达地产,2020-01-02,2022-06-13
csi500,SH600663,陆家嘴,2021-06-15,
csi500,SH600664,哈药股份,2020-01-02,2021-06-15
csi500,SH600667,太极实业,2020-06-15,2023-12-11
csi500,SH600673,东阳光,2020-01-02,2026-06-15
csi500,SH600675,中华企业,2020-06-15,2021-06-15
csi500,SH600685,中船防务,2024-12-16,
csi500,SH600688,上海石化,2024-12-16,
csi500,SH600694,大商股份,2020-01-02,2020-12-14
csi500,SH600699,均胜电子,2020-01-02,
csi500,SH600704,物产中大,2020-01-02,
csi500,SH600705,中航产融,2021-12-13,2023-12-11
csi500,SH600707,彩虹股份,2020-01-02,
csi500,SH600711,盛屯矿业,2026-06-15,
csi500,SH600717,天津港,2020-01-02,2022-12-12
csi500,SH600718,东软集团,2020-01-02,2023-12-11
csi500,SH600720,中交设计,2024-12-16,2026-06-15
csi500,SH600728,佳都科技,2020-01-02,2023-06-12
csi500,SH600729,重百集团,2020-01-02,2022-06-13
csi500,SH600732,爱旭股份,2021-06-15,2022-12-12
csi500,SH600733,北汽蓝谷,2020-06-15,2022-06-13
csi500,SH600737,中粮糖业,2020-01-02,
csi500,SH600739,辽宁成大,2020-01-02,2026-06-15
csi500,SH600745,*ST闻泰,2020-01-02,2020-06-15
csi500,SH600748,上实发展,2020-01-02,2021-06-15
csi500,SH600751,海航科技,2020-01-02,2020-12-14
csi500,SH600754,锦江酒店,2020-01-02,2022-06-13
csi500,SH600754,锦江酒店,2024-06-17,
csi500,SH600755,厦门国贸,2020-01-02,2025-06-16
csi500,SH600757,长江传媒,2020-01-02,2020-12-14
csi500,SH600759,ST洲际,2020-01-02,2020-06-15
csi500,SH600763,通策医疗,2020-01-02,2020-06-15
csi500,SH600763,通策医疗,2024-06-17,
csi500,SH600764,中国海防,2021-03-15,
csi500,SH600765,中航重机,2020-01-02,
csi500,SH600770,综艺股份,2020-01-02,2020-12-14
csi500,SH600776,东方通信,2020-01-02,2022-06-13
csi500,SH600777,新潮能源,2020-01-02,2020-12-14
csi500,SH600779,水井坊,2020-01-02,2021-12-13
csi500,SH600782,新钢股份,2020-01-02,2023-12-11
csi500,SH600787,中储股份,2020-01-02,2023-06-12
csi500,SH600801,华新建材,2020-01-02,
csi500,SH600803,新奥股份,2021-06-15,2022-06-13
csi500,SH600804,退市鹏博,2020-01-02,2021-12-13
csi500,SH600808,马钢股份,2020-01-02,
csi500,SH600811,*ST东方,2020-01-02,2022-12-12
csi500,SH600816,建元信托,2024-06-17,
csi500,SH600820,隧道股份,2020-01-02,
csi500,SH600823,*ST世茂,2020-01-02,2022-12-12
csi500,SH600827,百联股份,2020-01-02,2024-12-16
csi500,SH600835,上海机电,2020-01-02,2022-12-12
csi500,SH600839,四川长虹,2020-01-02,2025-12-15
csi500,SH600845,宝信软件,2020-01-02,2020-12-14
csi500,SH600848,上海临港,2022-06-13,
csi500,SH600859,王府井,2020-01-02,2025-12-15
csi500,SH600862,中航高科,2020-01-02,
csi500,SH600863,华能蒙电,2020-01-02,
csi500,SH600867,通化东宝,2020-12-14,2025-12-15
csi500,SH600869,远东股份,2020-01-02,2021-06-15
csi500,SH600871,石化油服,2020-12-14,
csi500,SH600872,中炬高新,2024-06-17,2025-12-15
csi500,SH600873,梅花生物,2022-12-12,
csi500,SH600874,创业环保,2020-01-02,2020-12-14
csi500,SH600875,东方电气,2020-01-02,2022-12-12
csi500,SH600879,航天电子,2020-01-02,
csi500,SH600881,亚泰集团,2020-01-02,2021-12-13
csi500,SH600884,杉杉股份,2020-01-02,2022-06-13
csi500,SH600884,杉杉股份,2023-12-11,
csi500,SH600885,宏发股份,2020-01-02,
csi500,SH600895,张江高科,2020-01-02,2025-12-15
csi500,SH600901,江苏金租,2020-01-02,
csi500,SH600903,贵州燃气,2020-01-02,2022-06-13
csi500,SH600906,财达证券,2021-12-13,
csi500,SH600908,无锡银行,2020-01-02,2022-06-13
csi500,SH600909,华安证券,2020-01-02,
csi500,SH600917,重庆燃气,2020-01-02,2023-06-12
csi500,SH600925,苏能股份,2023-12-11,2025-12-15
csi500,SH600927,永安期货,2022-06-13,
csi500,SH600928,西安银行,2020-12-14,2025-12-15
csi500,SH600939,重庆建工,2020-01-02,2020-06-15
csi500,SH600956,新天绿能,2021-03-15,2025-12-15
csi500,SH600959,江苏有线,2020-01-02,2026-06-15
csi500,SH600967,内蒙一机,2020-01-02,2024-12-16
csi500,SH600967,内蒙一机,2025-12-15,
csi500,SH600968,海油发展,2020-12-14,
csi500,SH600970,中材国际,2020-01-02,
csi500,SH600977,中国电影,2023-12-11,
csi500,SH600985,淮北矿业,2020-01-02,2024-12-16
csi500,SH600985,淮北矿业,2025-06-16,
csi500,SH600988,赤峰黄金,2021-06-15,
csi500,SH600995,南网储能,2023-06-12,
csi500,SH600996,贵广网络,2020-01-02,2020-12-14
csi500,SH600998,九州通,2021-06-15,
csi500,SH601000,唐山港,2020-01-02,
csi500,SH601001,晋控煤业,2020-01-02,2020-06-15
csi500,SH601001,晋控煤业,2024-12-16,
csi500,SH601003,柳钢股份,2020-01-02,2022-12-12
csi500,SH601005,重庆钢铁,2020-01-02,2023-12-11
csi500,SH601016,节能风电,2020-01-02,
csi500,SH601019,山东出版,2020-01-02,2020-12-14
csi500,SH601019,山东出版,2024-06-17,
csi500,SH601058,赛轮轮胎,2022-06-13,2024-12-16
csi500,SH601061,中信金属,2023-12-11,2024-06-17
csi500,SH601061,中信金属,2024-12-16,2026-06-15
csi500,SH601068,中铝国际,2020-01-02,2021-12-13
csi500,SH601077,渝农商行,2021-12-13,2024-12-16
csi500,SH601098,中南传媒,2020-01-02,
csi500,SH601099,太平洋,2020-01-02,2021-12-13
csi500,SH601099,太平洋,2024-12-16,
csi500,SH601100,恒立液压,2020-01-02,2020-06-15
csi500,SH601106,中国一重,2020-01-02,
csi500,SH601108,财通证券,2022-06-13,
csi500,SH601112,振石股份,2026-06-15,
csi500,SH601117,中国化学,2021-06-15,2022-06-13
csi500,SH601118,海南橡胶,2020-01-02,
csi500,SH601127,赛力斯,2020-01-02,2021-12-13
csi500,SH601128,常熟银行,2020-01-02,
csi500,SH601136,首创证券,2023-06-12,2023-12-11
csi500,SH601139,深圳燃气,2020-01-02,
csi500,SH601155,新城控股,2024-06-17,
csi500,SH601156,东航物流,2021-12-13,
csi500,SH601158,重庆水务,2022-12-12,2025-12-15
csi500,SH601162,天风证券,2022-06-13,
csi500,SH601168,西部矿业,2020-01-02,2026-06-15
csi500,SH601179,中国西电,2020-01-02,
csi500,SH601187,厦门银行,2021-06-15,2024-06-17
csi500,SH601198,东兴证券,2021-06-15,
csi500,SH601200,上海环境,2020-01-02,2022-12-12
csi500,SH601212,白银有色,2024-06-17,
csi500,SH601216,君正集团,2023-12-11,
csi500,SH601228,广州港,2020-01-02,
csi500,SH601231,环旭电子,2020-01-02,2020-06-15
csi500,SH601231,环旭电子,2022-12-12,2026-06-15
csi500,SH601233,桐昆股份,2020-01-02,2021-12-13
csi500,SH601233,桐昆股份,2022-12-12,
csi500,SH601236,红塔证券,2026-06-15,
csi500,SH601298,青岛港,2020-12-14,2024-12-16
csi500,SH601298,青岛港,2026-06-15,
csi500,SH601326,秦港股份,2020-01-02,2020-06-15
csi500,SH601333,广深铁路,2020-01-02,2023-06-12
csi500,SH601333,广深铁路,2025-06-16,2026-06-15
csi500,SH601399,国机重装,2024-06-17,
csi500,SH601456,国联民生,2020-12-14,2025-12-15
csi500,SH601512,中新集团,2020-06-15,2021-12-13
csi500,SH601555,东吴证券,2021-12-13,
csi500,SH601567,三星电气,2024-06-17,2025-06-16
csi500,SH601567,三星电气,2025-12-15,
csi500,SH601568,北元化工,2021-06-15,2025-12-15
csi500,SH601577,长沙银行,2021-06-15,
csi500,SH601598,中国外运,2020-01-02,
csi500,SH601607,上海医药,2022-06-13,2023-06-12
csi500,SH601608,中信重工,2020-01-02,
csi500,SH601611,中国核建,2020-01-02,
csi500,SH601615,明阳智能,2020-01-02,2022-12-12
csi500,SH601615,明阳智能,2024-06-17,
csi500,SH601636,旗滨集团,2021-06-15,2025-12-15
csi500,SH601665,齐鲁银行,2021-12-13,
csi500,SH601666,平煤股份,2022-12-12,
csi500,SH601678,滨化股份,2020-01-02,2020-12-14
csi500,SH601689,拓普集团,2020-01-02,2022-06-13
csi500,SH601696,中银证券,2022-06-13,
csi500,SH601699,潞安环能,2020-01-02,2023-06-12
csi500,SH601699,潞安环能,2025-12-15,
csi500,SH601717,中创智领,2020-01-02,
csi500,SH601718,ST际华,2020-01-02,2023-12-11
csi500,SH601778,晶科科技,2020-12-14,2024-06-17
csi500,SH601799,星宇股份,2020-01-02,2021-06-15
csi500,SH601799,星宇股份,2025-12-15,
csi500,SH601801,皖新传媒,2020-01-02,2021-12-13
csi500,SH601808,中海油服,2026-06-15,
csi500,SH601811,新华文轩,2020-01-02,2020-12-14
csi500,SH601828,美凯龙,2020-12-14,2024-12-16
csi500,SH601858,中国科传,2024-06-17,2025-12-15
csi500,SH601860,紫金银行,2020-01-02,2022-12-12
csi500,SH601865,福莱特,2020-01-02,2021-06-15
csi500,SH601865,福莱特,2025-12-15,
csi500,SH601866,中远海发,2020-01-02,
csi500,SH601868,中国能建,2021-09-28,2021-12-13
csi500,SH601869,长飞光纤,2020-01-02,2023-12-11
csi500,SH601869,长飞光纤,2026-06-15,
csi500,SH601872,招商轮船,2020-01-02,2020-06-15
csi500,SH601872,招商轮船,2021-12-13,2023-06-12
csi500,SH601880,辽港股份,2020-01-02,
csi500,SH601918,新集能源,2024-12-16,2026-06-15
csi500,SH601921,浙版传媒,2025-06-16,2026-06-15
csi500,SH601928,凤凰传媒,2020-01-02,
csi500,SH601933,永辉超市,2023-12-11,2025-12-15
csi500,SH601958,金钼股份,2020-01-02,
csi500,SH601965,中国汽研,2024-06-17,2026-06-15
csi500,SH601966,玲珑轮胎,2020-01-02,2021-06-15
csi500,SH601966,玲珑轮胎,2023-06-12,
csi500,SH601969,海南矿业,2020-01-02,2023-12-11
csi500,SH601975,招商南油,2020-01-02,2022-06-13
csi500,SH601990,南京证券,2022-06-13,
csi500,SH601991,大唐发电,2021-06-15,
csi500,SH601992,金隅集团,2020-12-14,2025-06-16
csi500,SH601997,贵阳银行,2020-12-14,
csi500,SH603000,人民网,2020-01-02,
csi500,SH603025,大豪科技,2020-01-02,2020-12-14
csi500,SH603026,石大胜华,2022-06-13,2024-06-17
csi500,SH603049,中策橡胶,2025-12-15,
csi500,SH603056,德邦股份,2020-01-02,2025-06-16
csi500,SH603077,和邦生物,2020-01-02,
csi500,SH603087,甘李药业,2024-06-17,
csi500,SH603092,德力佳,2026-06-15,
csi500,SH603119,浙江荣泰,2026-06-15,
csi500,SH603127,昭衍新药,2021-12-13,2024-12-16
csi500,SH603129,春风动力,2024-12-16,
csi500,SH603156,养元饮品,2021-06-15,
csi500,SH603160,汇顶科技,2022-12-12,
csi500,SH603175,超颖电子,2026-06-15,
csi500,SH603179,新泉股份,2024-06-17,
csi500,SH603185,弘元绿能,2023-12-11,2025-06-16
csi500,SH603198,迎驾贡酒,2020-01-02,2022-12-12
csi500,SH603218,日月股份,2021-12-13,2024-12-16
csi500,SH603225,新凤鸣,2020-01-02,
csi500,SH603228,景旺电子,2020-01-02,2026-06-15
csi500,SH603233,大参林,2020-01-02,2020-12-14
csi500,SH603233,大参林,2022-06-13,
csi500,SH603256,宏和科技,2020-01-02,2021-12-13
csi500,SH603256,宏和科技,2026-06-15,
csi500,SH603260,合盛硅业,2020-12-14,2021-12-13
csi500,SH603267,鸿远电子,2021-12-13,2024-06-17
csi500,SH603290,斯达半导,2020-12-14,2022-06-13
csi500,SH603290,斯达半导,2024-06-17,
csi500,SH603298,杭叉集团,2024-06-17,
csi500,SH603305,旭升集团,2023-12-11,2024-12-16
csi500,SH603308,应流股份,2026-06-15,
csi500,SH603317,天味食品,2020-01-02,2024-12-16
csi500,SH603328,依顿电子,2020-01-02,2021-06-15
csi500,SH603338,浙江鼎力,2020-01-02,2021-06-15
csi500,SH603338,浙江鼎力,2023-06-12,
csi500,SH603341,龙旗科技,2024-12-16,
csi500,SH603345,安井食品,2020-12-14,2021-06-15
csi500,SH603345,安井食品,2022-06-13,2023-06-12
csi500,SH603345,安井食品,2024-06-17,
csi500,SH603355,莱克电气,2020-01-02,2024-06-17
csi500,SH603377,ST东时,2020-01-02,2021-12-13
csi500,SH603379,三美股份,2020-01-02,
csi500,SH603444,吉比特,2020-01-02,2025-06-16
csi500,SH603444,吉比特,2025-12-15,
csi500,SH603456,九洲药业,2021-12-13,2025-06-16
csi500,SH603486,科沃斯,2020-01-02,2021-12-13
csi500,SH603486,科沃斯,2024-06-17,
csi500,SH603515,欧普照明,2020-01-02,2022-12-12
csi500,SH603517,ST绝味,2020-01-02,2020-12-14
csi500,SH603517,ST绝味,2022-06-13,2024-12-16
csi500,SH603529,爱玛科技,2023-06-12,
csi500,SH603556,海兴电力,2020-01-02,2020-12-14
csi500,SH603556,海兴电力,2024-12-16,2025-12-15
csi500,SH603565,中谷物流,2025-06-16,
csi500,SH603568,伟明环保,2020-01-02,
csi500,SH603589,口子窖,2020-12-14,
csi500,SH603596,伯特利,2022-12-12,
csi500,SH603605,珀莱雅,2020-06-15,2023-06-12
csi500,SH603605,珀莱雅,2024-12-16,
csi500,SH603606,东方电缆,2022-12-12,2023-06-12
csi500,SH603606,东方电缆,2023-12-11,
csi500,SH603613,国联股份,2021-12-13,2023-06-12
csi500,SH603638,艾迪精密,2020-12-14,2023-12-11
csi500,SH603650,彤程新材,2020-01-02,
csi500,SH603658,安图生物,2022-06-13,
csi500,SH603659,璞泰来,2020-01-02,2020-12-14
csi500,SH603659,璞泰来,2025-06-16,
csi500,SH603688,石英股份,2022-12-12,
csi500,SH603699,纽威股份,2025-12-15,
csi500,SH603707,健友股份,2020-01-02,2020-12-14
csi500,SH603707,健友股份,2021-06-15,2026-06-15
csi500,SH603708,家家悦,2020-08-17,2022-06-13
csi500,SH603712,七一二,2020-01-02,2025-06-16
csi500,SH603719,良品铺子,2020-12-14,2023-06-12
csi500,SH603728,鸣志电器,2024-06-17,
csi500,SH603737,三棵树,2020-12-14,2021-12-13
csi500,SH603737,三棵树,2022-12-12,
csi500,SH603766,隆鑫通用,2020-01-02,2020-12-14
csi500,SH603766,隆鑫通用,2025-12-15,
csi500,SH603786,科博达,2020-06-15,
csi500,SH603806,福斯特,2020-01-02,2021-06-15
csi500,SH603806,福斯特,2025-12-15,
csi500,SH603816,顾家家居,2020-01-02,2021-06-15
csi500,SH603816,顾家家居,2022-12-12,
csi500,SH603826,坤彩科技,2023-06-12,2025-12-15
csi500,SH603833,欧派家居,2025-12-15,
csi500,SH603858,步长制药,2020-01-02,
csi500,SH603866,桃李面包,2020-01-02,2024-06-17
csi500,SH603868,飞科电器,2020-01-02,2025-12-15
csi500,SH603877,太平鸟,2020-01-02,2020-06-15
csi500,SH603882,金域医学,2020-01-02,2021-06-15
csi500,SH603882,金域医学,2023-06-12,2025-06-16
csi500,SH603883,老百姓,2020-01-02,2025-06-16
csi500,SH603885,吉祥航空,2020-01-02,
csi500,SH603888,新华网,2020-01-02,2021-12-13
csi500,SH603893,瑞芯微,2020-12-14,2022-06-13
csi500,SH603893,瑞芯微,2022-12-12,2025-12-15
csi500,SH603899,晨光股份,2024-12-16,
csi500,SH603920,世运电路,2025-12-15,
csi500,SH603927,中科软,2020-12-14,2026-06-15
csi500,SH603939,益丰药房,2020-01-02,2020-12-14
csi500,SH603939,益丰药房,2022-06-13,
csi500,SH603979,金诚信,2024-06-17,
csi500,SH603983,丸美生物,2020-01-02,2022-12-12
csi500,SH605117,德业股份,2022-06-13,2022-12-12
csi500,SH605358,立昂微,2021-06-15,2022-06-13
csi500,SH605358,立昂微,2022-12-12,
csi500,SH605589,圣泉集团,2025-06-16,
csi500,SH688002,睿创微纳,2020-12-14,
csi500,SH688005,容百科技,2021-12-13,2022-06-13
csi500,SH688005,容百科技,2023-12-11,2025-06-16
csi500,SH688006,杭可科技,2021-12-13,2024-12-16
csi500,SH688009,中国通号,2022-06-13,2023-12-11
csi500,SH688017,绿的谐波,2024-06-17,
csi500,SH688018,乐鑫科技,2025-12-15,
csi500,SH688019,安集科技,2025-12-15,
csi500,SH688027,国盾量子,2025-06-16,
csi500,SH688029,南微医学,2020-12-14,2024-12-16
csi500,SH688032,禾迈股份,2023-12-11,2025-12-15
csi500,SH688037,芯源微,2026-01-12,
csi500,SH688047,龙芯中科,2024-12-16,2025-06-16
csi500,SH688052,纳芯微,2023-06-12,
csi500,SH688063,派能科技,2022-12-12,2023-06-12
csi500,SH688063,派能科技,2023-12-11,2024-12-16
csi500,SH688065,凯赛生物,2021-12-13,2022-06-13
csi500,SH688065,凯赛生物,2024-06-17,
csi500,SH688072,拓荆科技,2023-06-12,2024-06-17
csi500,SH688072,拓荆科技,2024-12-16,2025-12-15
csi500,SH688082,盛美上海,2023-06-12,2024-06-17
csi500,SH688088,虹软科技,2020-12-14,2023-06-12
csi500,SH688099,晶晨股份,2020-12-14,
csi500,SH688100,威胜信息,2025-06-16,2026-06-15
csi500,SH688105,诺唯赞,2023-06-12,2024-06-17
csi500,SH688107,安路科技,2023-06-12,2024-12-16
csi500,SH688114,华大智造,2023-12-11,
csi500,SH688116,天奈科技,2022-12-12,2023-12-11
csi500,SH688120,华海清科,2023-12-11,
csi500,SH688122,西部超导,2022-06-13,2023-06-12
csi500,SH688122,西部超导,2023-12-11,
csi500,SH688153,唯捷创芯,2023-12-11,2025-12-15
csi500,SH688166,博瑞医药,2025-12-15,
csi500,SH688169,石头科技,2023-06-12,2024-12-16
csi500,SH688169,石头科技,2026-06-15,
csi500,SH688172,燕东微,2024-06-17,
csi500,SH688180,君实生物,2022-06-13,2022-12-12
csi500,SH688180,君实生物,2023-12-11,
csi500,SH688183,生益电子,2025-06-16,2026-06-15
csi500,SH688185,康希诺,2022-06-13,2023-12-11
csi500,SH688187,时代电气,2026-06-15,
csi500,SH688188,柏楚电子,2021-12-13,
csi500,SH688192,迪哲医药,2025-12-15,
csi500,SH688200,华峰测控,2023-06-12,2024-12-16
csi500,SH688200,华峰测控,2026-06-15,
csi500,SH688208,道通科技,2021-06-15,2024-06-17
csi500,SH688213,思特威,2024-06-17,
csi500,SH688220,翱捷科技,2023-06-12,
csi500,SH688234,天岳先进,2023-06-12,
csi500,SH688235,百济神州,2025-06-16,
csi500,SH688248,南网科技,2023-06-12,
csi500,SH688249,晶合集成,2024-12-16,2025-12-15
csi500,SH688256,寒武纪,2022-06-13,2023-12-11
csi500,SH688266,泽璟制药,2025-12-15,
csi500,SH688276,百克生物,2023-06-12,2025-06-16
csi500,SH688278,特宝生物,2024-12-16,
csi500,SH688281,华秦科技,2023-06-12,
csi500,SH688289,圣湘生物,2021-12-13,2023-12-11
csi500,SH688295,中复神鹰,2023-06-12,
csi500,SH688297,中无人机,2023-12-11,
csi500,SH688301,奕瑞科技,2022-12-12,
csi500,SH688313,仕佳光子,2026-06-15,
csi500,SH688318,财富趋势,2025-06-16,
csi500,SH688321,微芯生物,2020-12-14,2022-12-12
csi500,SH688322,奥比中光,2025-12-15,
csi500,SH688331,荣昌生物,2023-12-11,2025-06-16
csi500,SH688331,荣昌生物,2026-06-15,
csi500,SH688336,三生国健,2025-12-15,
csi500,SH688343,云天励飞,2026-06-15,
csi500,SH688347,华虹宏力,2025-12-15,
csi500,SH688348,昱能科技,2023-12-11,2024-12-16
csi500,SH688349,三一重能,2023-12-11,
csi500,SH688361,中科飞测,2024-12-16,
csi500,SH688363,华熙生物,2024-12-16,
csi500,SH688375,国博电子,2023-12-11,
csi500,SH688385,复旦微电,2022-12-12,
csi500,SH688387,信科移动,2023-12-11,
csi500,SH688390,固德威,2022-06-13,2025-06-16
csi500,SH688411,海博思创,2026-06-15,
csi500,SH688425,铁建重工,2023-12-11,
csi500,SH688469,芯联集成,2024-12-16,
csi500,SH688475,萤石网络,2024-06-17,
csi500,SH688498,源杰科技,2026-06-15,
csi500,SH688516,奥特维,2023-06-12,2025-06-16
csi500,SH688520,神州细胞,2023-06-12,
csi500,SH688521,芯原股份,2021-12-13,2025-12-15
csi500,SH688525,佰维存储,2024-06-17,2026-06-15
csi500,SH688536,思瑞浦,2021-12-13,2022-06-13
csi500,SH688536,思瑞浦,2023-06-12,2025-06-16
csi500,SH688538,和辉光电,2022-12-12,
csi500,SH688561,奇安信,2024-06-17,
csi500,SH688563,航材股份,2024-12-16,
csi500,SH688567,孚能科技,2022-12-12,2025-06-16
csi500,SH688568,中科星图,2025-06-16,
csi500,SH688578,艾力斯,2024-12-16,
csi500,SH688582,芯动联科,2025-06-16,
csi500,SH688599,天合光能,2025-12-15,
csi500,SH688608,恒玄科技,2025-06-16,
csi500,SH688615,合合信息,2025-12-15,
csi500,SH688617,惠泰医疗,2024-06-17,
csi500,SH688629,华丰科技,2025-12-15,
csi500,SH688676,金盘科技,2025-06-16,
csi500,SH688690,纳微科技,2022-12-12,2024-06-17
csi500,SH688692,达梦数据,2025-12-15,
csi500,SH688702,盛科通信,2025-06-16,
csi500,SH688708,佳驰科技,2026-06-15,
csi500,SH688709,成都华微,2025-12-15,
csi500,SH688728,格科微,2023-12-11,2024-06-17
csi500,SH688728,格科微,2025-06-16,
csi500,SH688772,珠海冠宇,2022-12-12,
csi500,SH688777,中控技术,2022-06-13,2023-12-11
csi500,SH688777,中控技术,2024-06-17,
csi500,SH688778,厦钨新能,2023-06-12,
csi500,SH688779,五矿新能,2022-12-12,2024-12-16
csi500,SH688819,天能股份,2022-06-13,
csi500,SH689009,九号公司,2022-06-13,
csi500,SZ000006,深振业A,2020-01-02,2020-06-15
csi500,SZ000008,神州高铁,2020-01-02,2021-06-15
csi500,SZ000009,中国宝安,2020-01-02,
csi500,SZ000012,南玻A,2020-01-02,2023-12-11
csi500,SZ000021,深科技,2020-01-02,
csi500,SZ000025,特力A,2020-01-02,2020-12-14
csi500,SZ000027,深圳能源,2020-01-02,
csi500,SZ000028,国药一致,2020-01-02,2022-12-12
csi500,SZ000031,大悦城,2020-01-02,2024-12-16
csi500,SZ000032,深桑达A,2024-06-17,
csi500,SZ000034,神州数码,2024-12-16,
csi500,SZ000039,中集集团,2020-01-02,
csi500,SZ000046,*ST泛海,2020-06-15,2022-06-13
csi500,SZ000050,深天马A,2020-01-02,
csi500,SZ000060,中金岭南,2020-01-02,
csi500,SZ000061,农产品,2020-01-02,2021-12-13
csi500,SZ000062,深圳华强,2020-01-02,2023-06-12
csi500,SZ000062,深圳华强,2025-06-16,
csi500,SZ000066,中国长城,2020-01-02,2020-06-15
csi500,SZ000066,中国长城,2023-06-12,2025-12-15
csi500,SZ000078,ST海王,2020-01-02,2021-12-13
csi500,SZ000088,盐田港,2025-12-15,
csi500,SZ000089,深圳机场,2020-01-02,2024-06-17
csi500,SZ000090,天健集团,2020-01-02,2022-06-13
csi500,SZ000155,川能动力,2022-12-12,
csi500,SZ000156,华数传媒,2020-01-02,2024-12-16
csi500,SZ000158,常山北明,2020-01-02,2022-12-12
csi500,SZ000301,东方盛虹,2020-01-02,2021-06-15
csi500,SZ000400,许继电气,2020-01-02,
csi500,SZ000401,金隅冀东,2020-01-02,2025-06-16
csi500,SZ000402,金融街,2020-01-02,2024-06-17
csi500,SZ000403,派林生物,2024-12-16,2025-12-15
csi500,SZ000415,渤海租赁,2020-06-15,2023-12-11
csi500,SZ000415,渤海租赁,2025-06-16,
csi500,SZ000423,东阿阿胶,2023-06-12,
csi500,SZ000426,兴业银锡,2020-01-02,2020-06-15
csi500,SZ000426,兴业银锡,2024-12-16,2026-06-15
csi500,SZ000429,粤高速A,2025-06-16,
csi500,SZ000488,ST晨鸣,2020-01-02,2022-12-12
csi500,SZ000501,武商集团,2020-01-02,2021-12-13
csi500,SZ000513,丽珠集团,2020-01-02,
csi500,SZ000519,中兵红箭,2020-01-02,
csi500,SZ000528,柳工,2020-01-02,2022-12-12
csi500,SZ000528,柳工,2025-06-16,
csi500,SZ000536,华映科技,2020-01-02,2020-06-15
csi500,SZ000537,绿发电力,2020-01-02,
csi500,SZ000539,粤电力A,2023-12-11,
csi500,SZ000540,*ST中天,2020-12-14,2023-06-12
csi500,SZ000543,皖能电力,2020-01-02,2021-06-15
csi500,SZ000543,皖能电力,2025-06-16,2025-12-15
csi500,SZ000547,航天发展,2020-01-02,2024-06-17
csi500,SZ000553,安道麦A,2020-01-02,2024-06-17
csi500,SZ000559,万向钱潮,2020-01-02,
csi500,SZ000563,陕国投A,2020-01-02,2026-06-15
csi500,SZ000564,供销大集,2020-01-02,2021-03-15
csi500,SZ000581,威孚高科,2020-01-02,2024-06-17
csi500,SZ000582,北部湾港,2025-06-16,
csi500,SZ000591,太阳能,2022-12-12,
csi500,SZ000598,兴蓉环境,2020-01-02,
csi500,SZ000600,建投能源,2020-01-02,2021-06-15
csi500,SZ000623,吉林敖东,2020-01-02,
csi500,SZ000629,钒钛股份,2020-06-15,
csi500,SZ000630,铜陵有色,2020-06-15,2024-12-16
csi500,SZ000636,风华高科,2020-01-02,2025-12-15
csi500,SZ000656,金科股份,2021-12-13,2023-06-12
csi500,SZ000657,中钨高新,2025-12-15,2026-06-15
csi500,SZ000661,长春高新,2026-06-15,
csi500,SZ000671,ST阳光城,2021-06-15,2022-12-12
csi500,SZ000681,视觉中国,2020-01-02,2021-12-13
csi500,SZ000683,博源化工,2022-12-12,
csi500,SZ000685,中山公用,2020-01-02,2022-12-12
csi500,SZ000686,东北证券,2020-01-02,2022-12-12
csi500,SZ000690,宝新能源,2020-01-02,2022-12-12
csi500,SZ000703,恒逸石化,2022-12-12,
csi500,SZ000709,河钢股份,2020-12-14,
csi500,SZ000712,锦龙股份,2020-01-02,2020-12-14
csi500,SZ000717,中南股份,2020-01-02,2022-12-12
csi500,SZ000718,苏宁环球,2020-01-02,2022-12-12
csi500,SZ000723,美锦能源,2021-06-15,2022-06-13
csi500,SZ000723,美锦能源,2023-12-11,
csi500,SZ000727,冠捷科技,2020-01-02,2020-06-15
csi500,SZ000728,国元证券,2021-12-13,
csi500,SZ000729,燕京啤酒,2020-01-02,
csi500,SZ000732,ST泰禾,2020-01-02,2021-12-13
csi500,SZ000733,振华科技,2021-12-13,2022-06-13
csi500,SZ000733,振华科技,2024-12-16,
csi500,SZ000737,北方铜业,2026-06-15,
csi500,SZ000738,航发控制,2020-01-02,
csi500,SZ000739,普洛药业,2020-06-15,
csi500,SZ000750,国海证券,2020-01-02,
csi500,SZ000758,中色股份,2020-01-02,2022-06-13
csi500,SZ000761,本钢板材,2020-01-02,2020-06-15
csi500,SZ000766,通化金马,2020-01-02,2020-06-15
csi500,SZ000778,新兴铸管,2020-01-02,2025-06-16
csi500,SZ000783,长江证券,2022-06-13,
csi500,SZ000785,居然智家,2020-06-15,2020-12-14
csi500,SZ000785,居然智家,2022-06-13,
csi500,SZ000786,北新建材,2026-06-15,
csi500,SZ000799,酒鬼酒,2021-06-15,2021-12-13
csi500,SZ000800,一汽解放,2020-06-15,2020-12-14
csi500,SZ000800,一汽解放,2026-06-15,
csi500,SZ000807,云铝股份,2020-01-02,2023-12-11
csi500,SZ000813,德展健康,2020-01-02,2021-12-13
csi500,SZ000818,航锦科技,2024-06-17,2025-06-16
csi500,SZ000825,太钢不锈,2020-01-02,
csi500,SZ000826,*ST启环,2020-01-02,2021-12-13
csi500,SZ000830,鲁西化工,2020-01-02,
csi500,SZ000831,中国稀土,2022-06-13,
csi500,SZ000848,承德露露,2020-01-02,2020-12-14
csi500,SZ000869,张裕A,2020-01-02,2023-12-11
csi500,SZ000877,天山股份,2020-01-02,2022-06-13
csi500,SZ000878,云南铜业,2020-01-02,
csi500,SZ000883,湖北能源,2020-01-02,
csi500,SZ000887,中鼎股份,2020-01-02,
csi500,SZ000893,亚钾国际,2023-06-12,
csi500,SZ000898,鞍钢股份,2020-06-15,
csi500,SZ000921,海信家电,2024-06-17,
csi500,SZ000930,中粮科技,2020-01-02,2024-06-17
csi500,SZ000932,华菱钢铁,2020-01-02,
csi500,SZ000933,神火股份,2023-06-12,2024-12-16
csi500,SZ000933,神火股份,2025-06-16,2026-06-15
csi500,SZ000937,冀中能源,2020-01-02,
csi500,SZ000951,中国重汽,2025-06-16,
csi500,SZ000958,电投产融,2023-06-12,2026-06-15
csi500,SZ000959,首钢股份,2020-01-02,
csi500,SZ000960,锡业股份,2020-01-02,
csi500,SZ000961,ST中南,2021-06-15,2023-06-12
csi500,SZ000967,盈峰环境,2020-01-02,
csi500,SZ000970,中科三环,2020-01-02,2024-06-17
csi500,SZ000975,山金国际,2020-01-02,2024-06-17
csi500,SZ000980,众泰汽车,2020-01-02,2020-06-15
csi500,SZ000983,山西焦煤,2020-01-02,2022-12-12
csi500,SZ000983,山西焦煤,2026-06-15,
csi500,SZ000987,越秀资本,2020-01-02,2020-12-14
csi500,SZ000987,越秀资本,2021-12-13,
csi500,SZ000988,华工科技,2020-01-02,2025-12-15
csi500,SZ000990,诚志股份,2020-01-02,2023-06-12
csi500,SZ000997,新大陆,2020-01-02,
csi500,SZ000998,隆平高科,2020-01-02,2025-06-16
csi500,SZ000999,华润三九,2020-01-02,2023-06-12
csi500,SZ001203,大中矿业,2021-12-13,2025-06-16
csi500,SZ001203,大中矿业,2026-06-15,
csi500,SZ001213,中铁特货,2025-06-16,2026-06-15
csi500,SZ001221,悍高集团,2025-12-15,
csi500,SZ001227,兰州银行,2022-06-13,2025-06-16
csi500,SZ001286,陕西能源,2023-12-11,
csi500,SZ001309,德明利,2026-06-15,
csi500,SZ001386,马可波罗,2026-06-15,
csi500,SZ001389,广合科技,2025-06-16,
csi500,SZ001696,宗申动力,2025-06-16,
csi500,SZ001872,招商港口,2020-01-02,2024-12-16
csi500,SZ001914,招商积余,2020-06-15,2024-06-17
csi500,SZ001965,招商公路,2021-12-13,2022-12-12
csi500,SZ002002,ST鸿达,2020-01-02,2023-06-12
csi500,SZ002004,华邦健康,2020-01-02,2022-12-12
csi500,SZ002007,华兰生物,2025-06-16,
csi500,SZ002008,大族激光,2023-06-12,
csi500,SZ002010,传化智联,2020-06-15,2024-06-17
csi500,SZ002013,中航机电,2020-01-02,2022-06-13
csi500,SZ002019,亿帆医药,2020-01-02,2025-06-16
csi500,SZ002025,航天电器,2022-12-12,
csi500,SZ002028,思源电气,2020-01-02,2024-12-16
csi500,SZ002030,达安基因,2020-01-02,2024-06-17
csi500,SZ002032,苏泊尔,2023-06-12,2024-06-17
csi500,SZ002032,苏泊尔,2025-12-15,
csi500,SZ002038,双鹭药业,2020-01-02,2022-06-13
csi500,SZ002044,美年健康,2023-12-11,
csi500,SZ002048,宁波华翔,2020-01-02,2023-06-12
csi500,SZ002049,紫光国微,2020-01-02,2020-06-15
csi500,SZ002051,中工国际,2020-01-02,2021-06-15
csi500,SZ002056,横店东磁,2020-01-02,
csi500,SZ002064,华峰化学,2020-01-02,2021-06-15
csi500,SZ002064,华峰化学,2023-12-11,
csi500,SZ002065,东华软件,2020-01-02,2020-06-15
csi500,SZ002065,东华软件,2021-06-15,
csi500,SZ002074,国轩高科,2020-01-02,2021-12-13
csi500,SZ002075,沙钢股份,2020-01-02,2022-06-13
csi500,SZ002078,太阳纸业,2020-01-02,
csi500,SZ002080,中材科技,2020-06-15,2022-06-13
csi500,SZ002080,中材科技,2022-12-12,2026-06-15
csi500,SZ002081,金螳螂,2020-06-15,2023-12-11
csi500,SZ002085,万丰奥威,2020-01-02,2022-06-13
csi500,SZ002085,万丰奥威,2024-12-16,
csi500,SZ002092,中泰化学,2020-01-02,2024-06-17
csi500,SZ002093,国脉科技,2020-01-02,2021-06-15
csi500,SZ002110,三钢闽光,2020-01-02,2023-12-11
csi500,SZ002118,*ST紫鑫,2020-01-02,2020-12-14
csi500,SZ002120,韵达股份,2023-12-11,
csi500,SZ002124,天邦食品,2020-06-15,2023-06-12
csi500,SZ002126,银轮股份,2025-12-15,
csi500,SZ002127,南极电商,2020-01-02,2020-12-14
csi500,SZ002127,南极电商,2021-06-15,2023-06-12
csi500,SZ002128,电投能源,2020-01-02,2025-06-16
csi500,SZ002128,电投能源,2025-12-15,2026-06-15
csi500,SZ002129,TCL中环,2020-01-02,2020-06-15
csi500,SZ002130,沃尔核材,2025-06-16,
csi500,SZ002131,利欧股份,2020-01-02,2024-06-17
csi500,SZ002131,利欧股份,2025-12-15,
csi500,SZ002138,顺络电子,2020-06-15,
csi500,SZ002146,荣盛发展,2021-06-15,2023-06-12
csi500,SZ002152,广电运通,2020-01-02,
csi500,SZ002153,石基信息,2021-12-13,
csi500,SZ002155,湖南黄金,2020-01-02,
csi500,SZ002156,通富微电,2020-06-15,2026-06-15
csi500,SZ002157,正邦科技,2025-12-15,
csi500,SZ002174,游族网络,2020-01-02,2022-12-12
csi500,SZ002176,江特电机,2020-01-02,2020-06-15
csi500,SZ002180,奔图科技,2020-01-02,2020-06-15
csi500,SZ002180,奔图科技,2021-06-15,2022-12-12
csi500,SZ002183,怡亚通,2020-01-02,2023-12-11
csi500,SZ002185,华天科技,2020-06-15,
csi500,SZ002191,劲嘉股份,2020-01-02,2023-06-12
csi500,SZ002192,融捷股份,2022-12-12,2024-06-17
csi500,SZ002195,岩山科技,2020-01-02,
csi500,SZ002202,金风科技,2024-06-17,2026-06-15
csi500,SZ002203,海亮股份,2020-01-02,
csi500,SZ002212,天融信,2020-01-02,2023-06-12
csi500,SZ002217,ST合力泰,2020-01-02,2021-06-15
csi500,SZ002221,东华能源,2020-01-02,2023-12-11
csi500,SZ002223,鱼跃医疗,2020-01-02,
csi500,SZ002233,塔牌集团,2020-01-02,2022-12-12
csi500,SZ002240,盛新锂能,2022-06-13,2022-12-12
csi500,SZ002240,盛新锂能,2023-06-12,2025-06-16
csi500,SZ002242,九阳股份,2020-01-02,2023-06-12
csi500,SZ002244,滨江集团,2020-01-02,
csi500,SZ002249,大洋电机,2020-01-02,2023-12-11
csi500,SZ002250,联化科技,2020-01-02,2023-12-11
csi500,SZ002252,上海莱士,2026-06-15,
csi500,SZ002261,拓维信息,2024-06-17,
csi500,SZ002262,恩华药业,2023-12-11,
csi500,SZ002265,建设工业,2025-12-15,
csi500,SZ002266,浙富控股,2020-01-02,
csi500,SZ002268,电科网安,2020-01-02,2025-06-16
csi500,SZ002271,东方雨虹,2025-12-15,
csi500,SZ002273,水晶光电,2020-01-02,
csi500,SZ002280,ST联络,2020-01-02,2020-06-15
csi500,SZ002281,光迅科技,2020-01-02,
csi500,SZ002285,世联行,2020-01-02,2020-12-14
csi500,SZ002294,信立泰,2020-06-15,2026-06-15
csi500,SZ002299,圣农发展,2020-12-14,
csi500,SZ002302,西部建设,2020-01-02,2022-06-13
csi500,SZ002312,川发龙蟒,2025-06-16,
csi500,SZ002317,众生药业,2020-01-02,2021-12-13
csi500,SZ002318,久立特材,2024-12-16,
csi500,SZ002326,永太科技,2022-06-13,2024-06-17
csi500,SZ002335,科华数据,2025-12-15,
csi500,SZ002340,格林美,2020-01-02,2022-06-13
csi500,SZ002340,格林美,2022-12-12,
csi500,SZ002353,杰瑞股份,2020-01-02,2026-06-15
csi500,SZ002358,森源电气,2020-01-02,2020-06-15
csi500,SZ002366,融发核电,2020-01-02,2020-06-15
csi500,SZ002368,太极股份,2020-01-02,2025-06-16
csi500,SZ002371,北方华创,2020-01-02,2020-06-15
csi500,SZ002372,伟星新材,2020-01-02,2026-06-15
csi500,SZ002373,千方科技,2020-01-02,2025-06-16
csi500,SZ002375,亚厦股份,2020-01-02,2022-06-13
csi500,SZ002382,蓝帆医疗,2020-01-02,2022-12-12
csi500,SZ002384,东山精密,2020-01-02,2020-06-15
csi500,SZ002384,东山精密,2021-12-13,2025-06-16
csi500,SZ002385,大北农,2020-01-02,2026-06-15
csi500,SZ002387,维信诺,2020-01-02,2022-12-12
csi500,SZ002390,信邦制药,2020-01-02,2022-12-12
csi500,SZ002396,星网锐捷,2020-06-15,2023-06-12
csi500,SZ002399,海普瑞,2020-01-02,2024-06-17
csi500,SZ002402,和而泰,2025-12-15,
csi500,SZ002407,多氟多,2020-01-02,2020-12-14
csi500,SZ002407,多氟多,2022-06-13,2025-06-16
csi500,SZ002407,多氟多,2026-06-15,
csi500,SZ002408,齐翔腾达,2020-01-02,2025-06-16
csi500,SZ002409,雅克科技,2021-12-13,
csi500,SZ002410,广联达,2024-12-16,
csi500,SZ002414,高德红外,2020-01-02,2020-12-14
csi500,SZ002414,高德红外,2023-12-11,
csi500,SZ002416,爱施德,2020-01-02,2023-06-12
csi500,SZ002419,天虹股份,2020-01-02,2021-12-13
csi500,SZ002422,科伦药业,2021-06-15,2024-06-17
csi500,SZ002423,中粮资本,2020-01-02,
csi500,SZ002424,ST百灵,2020-01-02,2022-06-13
csi500,SZ002426,胜利精密,2020-01-02,2020-06-15
csi500,SZ002429,兆驰股份,2020-06-15,
csi500,SZ002430,杭氧股份,2021-12-13,
csi500,SZ002432,九安医疗,2023-06-12,
csi500,SZ002434,万里扬,2020-01-02,2023-06-12
csi500,SZ002436,兴森科技,2024-06-17,
csi500,SZ002437,誉衡药业,2020-01-02,2020-06-15
csi500,SZ002439,启明星辰,2020-01-02,2020-12-14
csi500,SZ002439,启明星辰,2021-06-15,2026-06-15
csi500,SZ002440,闰土股份,2020-01-02,2022-06-13
csi500,SZ002444,巨星科技,2020-01-02,
csi500,SZ002458,益生股份,2020-06-15,2022-06-13
csi500,SZ002461,珠江啤酒,2025-06-16,
csi500,SZ002463,沪电股份,2020-01-02,2020-06-15
csi500,SZ002463,沪电股份,2023-06-12,2024-06-17
csi500,SZ002465,海格通信,2020-01-02,
csi500,SZ002468,申通快递,2020-12-14,2024-06-17
csi500,SZ002470,金正大,2020-01-02,2020-08-17
csi500,SZ002472,双环传动,2023-12-11,
csi500,SZ002482,广田集团,2020-01-02,2020-06-15
csi500,SZ002487,大金重工,2023-06-12,2025-06-16
csi500,SZ002487,大金重工,2026-06-15,
csi500,SZ002491,通鼎互联,2020-01-02,2020-12-14
csi500,SZ002497,雅化集团,2022-06-13,2024-12-16
csi500,SZ002500,山西证券,2020-01-02,
csi500,SZ002503,*ST搜特,2020-01-02,2021-06-15
csi500,SZ002505,鹏都农牧,2020-01-02,2024-06-17
csi500,SZ002506,协鑫集成,2020-06-15,2024-12-16
csi500,SZ002507,涪陵榨菜,2020-01-02,2025-12-15
csi500,SZ002508,老板电器,2021-12-13,
csi500,SZ002511,中顺洁柔,2020-06-15,2024-06-17
csi500,SZ002517,恺英网络,2023-12-11,
csi500,SZ002518,科士达,2023-06-12,2024-12-16
csi500,SZ002531,天顺风能,2022-12-12,2025-06-16
csi500,SZ002532,天山铝业,2021-06-15,2026-06-15
csi500,SZ002544,普天科技,2020-01-02,2021-06-15
csi500,SZ002557,洽洽食品,2020-06-15,2025-06-16
csi500,SZ002558,巨人网络,2023-12-11,2026-06-15
csi500,SZ002563,森马服饰,2020-06-15,2025-12-15
csi500,SZ002568,百润股份,2020-12-14,2021-06-15
csi500,SZ002568,百润股份,2022-12-12,
csi500,SZ002572,索菲亚,2020-01-02,2025-12-15
csi500,SZ002573,清新环境,2020-01-02,2020-06-15
csi500,SZ002583,海能达,2020-01-02,2021-12-13
csi500,SZ002583,海能达,2025-12-15,
csi500,SZ002589,瑞康医药,2020-01-02,2021-06-15
csi500,SZ002595,豪迈科技,2020-06-15,2026-06-15
csi500,SZ002600,领益智造,2023-06-12,2024-06-17
csi500,SZ002601,龙佰集团,2026-06-15,
csi500,SZ002603,以岭药业,2020-01-02,2023-06-12
csi500,SZ002603,以岭药业,2024-12-16,
csi500,SZ002607,中公教育,2023-12-11,2026-06-15
csi500,SZ002608,江苏国信,2023-06-12,
csi500,SZ002624,完美世界,2022-06-13,
csi500,SZ002625,光启技术,2020-01-02,2021-12-13
csi500,SZ002625,光启技术,2022-06-13,2025-06-16
csi500,SZ002635,安洁科技,2020-01-02,2021-12-13
csi500,SZ002640,跨境通,2020-01-02,2021-06-15
csi500,SZ002648,卫星化学,2020-06-15,2021-12-13
csi500,SZ002653,海思科,2020-01-02,2025-12-15
csi500,SZ002665,ST航高,2020-01-02,2020-12-14
csi500,SZ002670,国盛证券,2020-01-02,
csi500,SZ002672,东江环保,2020-01-02,2020-06-15
csi500,SZ002673,西部证券,2021-12-13,
csi500,SZ002681,奋达科技,2020-01-02,2020-06-15
csi500,SZ002683,广东宏大,2020-12-14,
csi500,SZ002690,美亚光电,2020-01-02,2025-06-16
csi500,SZ002701,奥瑞金,2020-01-02,2023-06-12
csi500,SZ002705,新宝股份,2020-12-14,2023-12-11
csi500,SZ002709,天赐材料,2020-01-02,2021-12-13
csi500,SZ002738,中矿资源,2022-12-12,
csi500,SZ002739,儒意电影,2021-12-13,
csi500,SZ002745,木林森,2020-01-02,2023-12-11
csi500,SZ002756,永兴材料,2022-06-13,2022-12-12
csi500,SZ002756,永兴材料,2023-12-11,
csi500,SZ002761,浙江建投,2023-06-12,2024-06-17
csi500,SZ002773,康弘药业,2025-06-16,
csi500,SZ002791,坚朗五金,2020-12-14,2021-06-15
csi500,SZ002791,坚朗五金,2023-06-12,2024-12-16
csi500,SZ002797,第一创业,2020-01-02,
csi500,SZ002807,江阴银行,2020-01-02,2021-06-15
csi500,SZ002812,恩捷股份,2020-01-02,2020-06-15
csi500,SZ002812,恩捷股份,2026-06-15,
csi500,SZ002815,崇达技术,2020-01-02,2022-12-12
csi500,SZ002818,富森美,2020-01-02,2021-12-13
csi500,SZ002821,凯莱英,2020-01-02,2020-12-14
csi500,SZ002821,凯莱英,2024-12-16,
csi500,SZ002831,裕同科技,2020-01-02,
csi500,SZ002837,英维克,2025-06-16,2026-06-15
csi500,SZ002839,张家港行,2020-01-02,2021-12-13
csi500,SZ002841,视源股份,2024-12-16,
csi500,SZ002850,科达利,2022-12-12,
csi500,SZ002851,麦格米特,2025-06-16,
csi500,SZ002865,钧达股份,2023-12-11,2024-12-16
csi500,SZ002867,周大生,2020-01-02,2025-06-16
csi500,SZ002901,大博医疗,2020-06-15,2023-12-11
csi500,SZ002920,德赛西威,2020-01-02,2021-06-15
csi500,SZ002925,盈趣科技,2020-01-02,2024-06-17
csi500,SZ002926,华西证券,2020-01-02,
csi500,SZ002936,郑州银行,2020-01-02,2024-12-16
csi500,SZ002939,长城证券,2021-12-13,
csi500,SZ002941,新疆交建,2020-01-02,2021-06-15
csi500,SZ002945,华林证券,2021-12-13,
csi500,SZ002946,新乳业,2020-01-02,2022-12-12
csi500,SZ002948,青岛银行,2020-01-02,2023-06-12
csi500,SZ002957,科瑞技术,2020-01-02,2021-06-15
csi500,SZ002958,青农商行,2021-06-15,2026-06-15
csi500,SZ002966,苏州银行,2020-12-14,
csi500,SZ002984,森麒麟,2024-06-17,
csi500,SZ002985,北摩高科,2020-12-14,2023-12-11
csi500,SZ003021,兆威机电,2025-12-15,
csi500,SZ003022,联泓新科,2021-06-15,2022-06-13
csi500,SZ003022,联泓新科,2023-12-11,
csi500,SZ003031,中瓷电子,2023-12-11,
csi500,SZ003035,南网能源,2021-06-15,
csi500,SZ300001,特锐德,2020-01-02,
csi500,SZ300002,神州泰岳,2020-01-02,2021-12-13
csi500,SZ300002,神州泰岳,2024-06-17,
csi500,SZ300003,乐普医疗,2022-12-12,
csi500,SZ300009,安科生物,2020-01-02,2025-06-16
csi500,SZ300010,ST豆神,2020-01-02,2021-12-13
csi500,SZ300012,华测检测,2020-01-02,2021-06-15
csi500,SZ300012,华测检测,2022-06-13,
csi500,SZ300014,亿纬锂能,2020-01-02,2020-06-15
csi500,SZ300017,网宿科技,2020-06-15,
csi500,SZ300024,机器人,2020-06-15,
csi500,SZ300026,红日药业,2020-01-02,2024-06-17
csi500,SZ300027,ST华谊,2020-01-02,2020-06-15
csi500,SZ300037,新宙邦,2021-06-15,
csi500,SZ300054,鼎龙股份,2024-06-17,
csi500,SZ300058,蓝色光标,2020-01-02,
csi500,SZ300070,碧水源,2020-06-15,2026-06-15
csi500,SZ300072,海新能科,2020-01-02,2023-06-12
csi500,SZ300073,当升科技,2022-06-13,
csi500,SZ300088,长信科技,2020-01-02,2024-12-16
csi500,SZ300100,双林股份,2025-12-15,
csi500,SZ300113,顺网科技,2020-01-02,2021-12-13
csi500,SZ300114,中航电测,2023-12-11,2025-02-17
csi500,SZ300115,长盈精密,2020-01-02,2023-12-11
csi500,SZ300115,长盈精密,2025-06-16,
csi500,SZ300118,东方日升,2023-06-12,2025-06-16
csi500,SZ300133,华策影视,2020-01-02,2022-06-13
csi500,SZ300134,大富科技,2020-01-02,2021-06-15
csi500,SZ300136,信维通信,2021-12-13,
csi500,SZ300140,节能环境,2024-12-16,
csi500,SZ300142,沃森生物,2024-12-16,
csi500,SZ300144,宋城演艺,2022-06-13,
csi500,SZ300146,汤臣倍健,2020-12-14,
csi500,SZ300159,新研股份,2020-01-02,2020-06-15
csi500,SZ300166,东方国信,2020-01-02,2022-12-12
csi500,SZ300168,万达信息,2020-01-02,2023-06-12
csi500,SZ300180,华峰超纤,2020-01-02,2021-12-13
csi500,SZ300182,捷成股份,2020-01-02,2023-12-11
csi500,SZ300197,节能铁汉,2020-01-02,2020-12-14
csi500,SZ300199,翰宇药业,2020-01-02,2020-06-15
csi500,SZ300207,欣旺达,2020-01-02,2021-12-13
csi500,SZ300207,欣旺达,2023-12-11,
csi500,SZ300212,*ST易录,2020-06-15,2025-12-15
csi500,SZ300223,君正股份,2020-12-14,2022-06-13
csi500,SZ300223,君正股份,2024-12-16,
csi500,SZ300244,迪安诊断,2020-01-02,2024-06-17
csi500,SZ300251,光线传媒,2020-01-02,2020-12-14
csi500,SZ300251,光线传媒,2021-06-15,2025-12-15
csi500,SZ300253,卫宁健康,2020-01-02,2020-12-14
csi500,SZ300253,卫宁健康,2021-06-15,2024-12-16
csi500,SZ300257,开山股份,2020-01-02,2024-06-17
csi500,SZ300271,华宇软件,2020-06-15,2022-06-13
csi500,SZ300274,阳光电源,2020-01-02,2021-06-15
csi500,SZ300285,国瓷材料,2020-01-02,
csi500,SZ300296,利亚德,2020-01-02,2024-12-16
csi500,SZ300297,蓝盾退,2020-01-02,2020-06-15
csi500,SZ300308,中际旭创,2020-01-02,2020-06-15
csi500,SZ300308,中际旭创,2021-06-15,2023-12-11
csi500,SZ300315,掌趣科技,2020-01-02,2022-06-13
csi500,SZ300316,晶盛机电,2020-01-02,2021-12-13
csi500,SZ300324,旋极信息,2020-01-02,2021-06-15
csi500,SZ300339,润和软件,2024-12-16,
csi500,SZ300346,南大光电,2025-06-16,
csi500,SZ300357,我武生物,2020-06-15,2024-12-16
csi500,SZ300363,博腾股份,2021-12-13,2024-06-17
csi500,SZ300373,扬杰科技,2022-12-12,
csi500,SZ300376,易事特,2020-01-02,2023-06-12
csi500,SZ300383,光环新网,2020-01-02,2020-06-15
csi500,SZ300383,光环新网,2021-06-15,
csi500,SZ300390,天华新能,2022-06-13,
csi500,SZ300394,天孚通信,2023-12-11,2024-12-16
csi500,SZ300395,菲利华,2023-06-12,
csi500,SZ300418,昆仑万维,2020-01-02,2024-06-17
csi500,SZ300432,富临精工,2025-12-15,
csi500,SZ300438,鹏辉能源,2023-06-12,2024-12-16
csi500,SZ300442,润泽科技,2023-06-12,2023-12-11
csi500,SZ300450,先导智能,2025-06-16,2026-06-15
csi500,SZ300454,深信服,2025-06-16,
csi500,SZ300458,全志科技,2025-06-16,
csi500,SZ300459,汤姆猫,2020-01-02,2021-06-15
csi500,SZ300463,迈克生物,2020-12-14,2023-06-12
csi500,SZ300474,景嘉微,2020-06-15,
csi500,SZ300475,香农芯创,2026-06-15,
csi500,SZ300476,胜宏科技,2024-12-16,2025-12-15
csi500,SZ300482,万孚生物,2020-06-15,2023-12-11
csi500,SZ300487,蓝晓科技,2023-06-12,
csi500,SZ300496,中科创达,2020-06-15,2021-06-15
csi500,SZ300496,中科创达,2024-12-16,
csi500,SZ300502,新易盛,2023-12-11,2024-12-16
csi500,SZ300529,健帆生物,2020-01-02,2020-06-15
csi500,SZ300529,健帆生物,2023-06-12,2026-06-15
csi500,SZ300548,长芯博创,2026-06-15,
csi500,SZ300558,贝达药业,2020-06-15,2020-12-14
csi500,SZ300558,贝达药业,2022-06-13,
csi500,SZ300567,精测电子,2024-06-17,
csi500,SZ300568,星源材质,2022-12-12,2024-12-16
csi500,SZ300570,太辰光,2025-12-15,
csi500,SZ300573,兴齐眼药,2024-12-16,2025-12-15
csi500,SZ300595,欧普康视,2020-06-15,2021-06-15
csi500,SZ300595,欧普康视,2023-06-12,2025-12-15
csi500,SZ300601,康泰生物,2023-12-11,2026-06-15
csi500,SZ300604,长川科技,2022-12-12,
csi500,SZ300618,寒锐钴业,2020-06-15,2023-12-11
csi500,SZ300620,光库科技,2026-06-15,
csi500,SZ300623,捷捷微电,2025-06-16,
csi500,SZ300627,华测导航,2025-06-16,
csi500,SZ300630,普利退,2020-06-15,2023-06-12
csi500,SZ300666,江丰电子,2026-06-15,
csi500,SZ300676,华大基因,2022-06-13,
csi500,SZ300677,英科医疗,2022-06-13,
csi500,SZ300679,电连技术,2025-06-16,
csi500,SZ300682,朗新科技,2022-12-12,2024-12-16
csi500,SZ300699,光威复材,2020-12-14,
csi500,SZ300718,长盛轴承,2025-12-15,
csi500,SZ300724,捷佳伟创,2021-12-13,
csi500,SZ300735,光弘科技,2025-06-16,
csi500,SZ300741,华宝股份,2021-06-15,2023-12-11
csi500,SZ300748,金力永磁,2023-06-12,
csi500,SZ300751,迈为股份,2021-12-13,2022-06-13
csi500,SZ300751,迈为股份,2024-12-16,
csi500,SZ300757,罗博特科,2025-06-16,
csi500,SZ300759,康龙化成,2026-06-15,
csi500,SZ300763,锦浪科技,2021-12-13,2022-06-13
csi500,SZ300763,锦浪科技,2024-06-17,
csi500,SZ300765,石药创新,2024-06-17,2025-12-15
csi500,SZ300769,德方纳米,2022-06-13,2022-12-12
csi500,SZ300776,帝尔激光,2022-12-12,2024-12-16
csi500,SZ300803,指南针,2024-06-17,2025-12-15
csi500,SZ300832,新产业,2022-06-13,2023-12-11
csi500,SZ300850,新强联,2022-12-12,2024-06-17
csi500,SZ300857,协创数据,2025-06-16,
csi500,SZ300861,美畅股份,2022-12-12,2024-12-16
csi500,SZ300866,安克创新,2022-12-12,2025-06-16
csi500,SZ300869,康泰医学,2021-12-13,2023-06-12
csi500,SZ300888,稳健医疗,2022-06-13,
csi500,SZ300919,中伟新材,2024-12-16,
csi500,SZ300953,震裕科技,2026-06-15,
csi500,SZ300957,贝泰妮,2024-12-16,
csi500,SZ300972,万辰集团,2025-12-15,
csi500,SZ301029,怡合达,2022-12-12,2024-12-16
csi500,SZ301165,锐捷网络,2024-06-17,2025-12-15
csi500,SZ301200,大族数控,2025-12-15,
csi500,SZ301236,软通动力,2023-12-11,2025-06-16
csi500,SZ301267,华厦眼科,2024-06-17,2025-12-15
csi500,SZ301301,川宁生物,2024-12-16,
csi500,SZ301308,江波龙,2024-12-16,2026-06-15
csi500,SZ301358,湖南裕能,2024-06-17,
csi500,SZ301377,鼎泰高科,2026-06-15,
csi500,SZ301498,乖宝宠物,2024-12-16,
csi500,SZ301526,国际复材,2026-06-15,
csi500,SZ301536,星宸科技,2025-06-16,
csi500,SZ301606,绿联科技,2026-06-15,
csi500,SZ301611,珂玛科技,2025-12-15,
csi500,SZ302132,中航成飞,2025-02-17,2025-06-16
